[20/02/2026 16:05:57] Written data (COM4)	
    ff ff ff ff ff ff ff ff ff ff ff ff ff ff ff ff   ˇˇˇˇˇˇˇˇˇˇˇˇˇˇˇˇ	
    ff ff ff ff ff ff ff ff ff ff ff ff ff ff ff ff   ˇˇˇˇˇˇˇˇˇˇˇˇˇˇˇˇ	
    ff ff ff ff ff                                    ˇˇˇˇˇ           	
[20/02/2026 16:05:58] Read data (COM4)	
    ff 00 00 00 00 00 00 00 00 00 00 00 00 00 00 00   ˇ...............	
    00 00 00 00 00 00 00 00 00 00 00 00 00 00 00 00   ................	
    00 00 00 00 ff                                    ....ˇ           	
[20/02/2026 16:05:58] Written data (COM4)	
    5f 20 00 00 00 00 00 00 00 00 00 00 00 00 00 00   _ ..............	
    00 00 00 00 00 00 00 00 00 00 00 00 00 00 00 00   ................	
    00 00 00 00 7f                                    ....           	
[20/02/2026 16:05:59] Read data (COM4)	
    00 00 08 10 00 04 00 00 00 00 00 00 06 12 02 b0   ...............∞	
    51 00 00 00 00 00 00 00 00 00 00 00 00 00 00 00   Q...............	
    00 00 00 00 37                                    ....7           	
[20/02/2026 16:06:00] Written data (COM4)	
    00 00 08 10 00 04 00 00 00 00 00 00 0a 12 02 b0   ...............∞	
    51 00 00 00 00 00 00 00 00 00 00 00 00 00 00 00   Q...............	
    00 00 00 00 3b                                    ....;           	
[20/02/2026 16:06:00] Read data (COM4)	
    10 00 00 00 00 00 00 00 00 00 00 00 00 00 00 00   ................	
    00 00 00 00 00 00 00 00 00 00 00 00 00 00 00 00   ................	
    00 00 00 00 10                                    .....           	
[20/02/2026 16:06:00] Written data (COM4)	
    50 00 00 00 00 00 00 00 00 00 00 00 00 00 00 00   P...............	
    00 00 00 00 00 00 00 00 00 00 00 00 00 00 00 00   ................	
    00 00 00 00 50                                    ....P           	
[20/02/2026 16:06:00] Read data (COM4)	
    50 00 00 00 06 01 09 20 03 06 00 00 04 00 00 00   P...... ........	
    00 00 00 ff 01 09 20 03 01 01 09 20 03 02 01 09   ...ˇ.. .... ....	
    20 03 03 01 1a                                     ....           	
[20/02/2026 16:06:00] Written data (COM4)	
    50 00 81 44 00 00 00 00 00 00 00 00 00 00 00 00   P.ÅD............	
    00 00 00 00 00 00 00 00 00 00 00 00 00 00 00 00   ................	
    00 00 00 00 15                                    .....           	
[20/02/2026 16:06:00] Read data (COM4)	
    50 00 81 44 08 00 00 00 01 14 1a 02 14 0f 3b 2b   P.ÅD..........;+	
    c4 94 98 00 00 00 00 00 00 00 00 00 00 00 00 00   ƒîò.............	
    00 00 00 00 c7                                    ....«           	
[20/02/2026 16:06:00] Written data (COM4)	
    50 00 81 64 00 00 00 00 00 00 00 00 00 00 00 00   P.Åd............	
    00 00 00 00 00 00 00 00 00 00 00 00 00 00 00 00   ................	
    00 00 00 00 35                                    ....5           	
[20/02/2026 16:06:00] Read data (COM4)	
    50 00 81 64 00 00 80 00 00 00 00 00 00 00 00 00   P.Åd..Ä.........	
    00 00 00 00 00 00 00 00 00 00 00 00 00 00 00 00   ................	
    00 00 00 00 b5                                    ....µ           	
[20/02/2026 16:06:00] Written data (COM4)	
    50 00 81 84 00 00 00 00 00 00 00 00 00 00 00 00   P.ÅÑ............	
    00 00 00 00 00 00 00 00 00 00 00 00 00 00 00 00   ................	
    00 00 00 00 55                                    ....U           	
[20/02/2026 16:06:00] Read data (COM4)	
    50 00 81 84 00 00 00 00 00 00 00 00 00 00 00 00   P.ÅÑ............	
    00 00 00 00 00 00 09 00 00 00 00 09 00 00 00 00   ................	
    09 00 00 00 70                                    ....p           	
[20/02/2026 16:06:00] Written data (COM4)	
    50 00 81 95 00 00 00 00 00 00 00 00 00 00 00 00   P.Åï............	
    00 00 00 00 00 00 00 00 00 00 00 00 00 00 00 00   ................	
    00 00 00 00 66                                    ....f           	
[20/02/2026 16:06:00] Read data (COM4)	
    50 00 81 95 00 09 00 00 00 00 09 00 00 00 00 09   P.Åï............	
    00 00 00 00 09 00 00 00 04 9d 02 97 02 9d 02 9c   .........ù.ó.ù.ú	
    02 9c 02 9c 3d                                    .ú.ú=           	
[20/02/2026 16:06:00] Written data (COM4)	
    50 00 0b c0 00 00 00 00 00 00 00 00 00 00 00 00   P..¿............	
    00 00 00 00 00 00 00 00 00 00 00 00 00 00 00 00   ................	
    00 00 00 00 1b                                    .....           	
[20/02/2026 16:06:00] Read data (COM4)	
    50 00 0b c0 aa aa aa 00 00 8f 00 00 00 00 00 78   P..¿™™™..è.....x	
    45 18 eb 0f 00 8f 00 00 00 00 00 00 00 00 00 00   E.Î..è..........	
    00 00 00 00 06                                    .....           	
[20/02/2026 16:06:00] Written data (COM4)	
    50 00 81 bc 00 00 00 00 00 00 00 00 00 00 00 00   P.Åº............	
    00 00 00 00 00 00 00 00 00 00 00 00 00 00 00 00   ................	
    00 00 00 00 8d                                    ....ç           	
[20/02/2026 16:06:01] Read data (COM4)	
    50 00 81 bc fe 0f 00 00 00 00 00 00 00 00 00 00   P.Åº˛...........	
    20 ff c3 2b e6 03 00 00 00 00 00 00 00 00 00 00    ˇ√+Ê...........	
    20 1d 08 00 d5                                     ...’           	
[20/02/2026 16:06:01] Written data (COM4)	
    50 00 14 00 00 00 00 00 00 00 00 00 00 00 00 00   P...............	
    00 00 00 00 00 00 00 00 00 00 00 00 00 00 00 00   ................	
    00 00 00 00 64                                    ....d           	
[20/02/2026 16:06:01] Read data (COM4)	
    50 00 14 00 1b 36 22 d7 1b 3c 25 9f 34 3b 06 9d   P....6"◊.<%ü4;.ù	
    34 3b 06 d2 1b 36 22 d7 1b 3c 25 9f 1b 3c 25 9f   4;.“.6"◊.<%ü.<%ü	
    1b 36 22 d7 ec                                    .6"◊Ï           	
[20/02/2026 16:06:02] Written data (COM4)	
    50 00 14 20 00 00 00 00 00 00 00 00 00 00 00 00   P.. ............	
    00 00 00 00 00 00 00 00 00 00 00 00 00 00 00 00   ................	
    00 00 00 00 84                                    ....Ñ           	
[20/02/2026 16:06:02] Read data (COM4)	
    50 00 14 20 1b 36 22 d7 1b 3c 25 9f 1b 36 22 d7   P.. .6"◊.<%ü.6"◊	
    00 00 00 00 00 00 00 00 00 00 00 00 00 00 00 00   ................	
    00 00 00 00 33                                    ....3           	
[20/02/2026 16:06:02] Written data (COM4)	
    50 00 15 90 00 00 00 00 00 00 00 00 00 00 00 00   P..ê............	
    00 00 00 00 00 00 00 00 00 00 00 00 00 00 00 00   ................	
    00 00 00 00 f5                                    ....ı           	
[20/02/2026 16:06:02] Read data (COM4)	
    50 00 15 90 00 00 00 00 00 00 00 00 00 00 00 00   P..ê............	
    00 00 00 00 00 00 00 00 00 00 00 00 00 00 00 00   ................	
    00 00 00 00 f5                                    ....ı           	
[20/02/2026 16:06:02] Written data (COM4)	
    50 00 15 b0 00 00 00 00 00 00 00 00 00 00 00 00   P..∞............	
    00 00 00 00 00 00 00 00 00 00 00 00 00 00 00 00   ................	
    00 00 00 00 15                                    .....           	
[20/02/2026 16:06:02] Read data (COM4)	
    50 00 15 b0 00 00 00 00 00 00 00 00 00 00 00 00   P..∞............	
    00 00 00 00 00 00 00 00 00 00 00 00 00 00 00 00   ................	
    00 00 00 00 15                                    .....           	
[20/02/2026 16:06:02] Written data (COM4)	
    50 00 15 d4 00 00 00 00 00 00 00 00 00 00 00 00   P..‘............	
    00 00 00 00 00 00 00 00 00 00 00 00 00 00 00 00   ................	
    00 00 00 00 39                                    ....9           	
[20/02/2026 16:06:02] Read data (COM4)	
    50 00 15 d4 00 00 00 00 00 00 00 00 00 00 00 00   P..‘............	
    00 00 00 00 00 00 00 00 00 00 00 00 00 00 00 00   ................	
    00 00 00 00 39                                    ....9           	
[20/02/2026 16:06:02] Written data (COM4)	
    50 00 81 64 00 00 00 00 00 00 00 00 00 00 00 00   P.Åd............	
    00 00 00 00 00 00 00 00 00 00 00 00 00 00 00 00   ................	
    00 00 00 00 35                                    ....5           	
[20/02/2026 16:06:02] Read data (COM4)	
    50 00 81 64 00 00 80 00 00 00 00 00 00 00 00 00   P.Åd..Ä.........	
    00 00 00 00 00 00 00 00 00 00 00 00 00 00 00 00   ................	
    00 00 00 00 b5                                    ....µ           	
[20/02/2026 16:06:03] Written data (COM4)	
    50 00 81 84 00 00 00 00 00 00 00 00 00 00 00 00   P.ÅÑ............	
    00 00 00 00 00 00 00 00 00 00 00 00 00 00 00 00   ................	
    00 00 00 00 55                                    ....U           	
[20/02/2026 16:06:03] Read data (COM4)	
    50 00 81 84 00 00 00 00 00 00 00 00 00 00 00 00   P.ÅÑ............	
    00 00 00 00 00 00 09 00 00 00 00 09 00 00 00 00   ................	
    09 00 00 00 70                                    ....p           	
[20/02/2026 16:06:03] Written data (COM4)	
    50 00 81 95 00 00 00 00 00 00 00 00 00 00 00 00   P.Åï............	
    00 00 00 00 00 00 00 00 00 00 00 00 00 00 00 00   ................	
    00 00 00 00 66                                    ....f           	
[20/02/2026 16:06:03] Read data (COM4)	
    50 00 81 95 00 09 00 00 00 00 09 00 00 00 00 09   P.Åï............	
    00 00 00 00 09 00 00 00 04 9d 02 97 02 9d 02 9c   .........ù.ó.ù.ú	
    02 9c 02 9c 3d                                    .ú.ú=           	
[20/02/2026 16:06:03] Written data (COM4)	
    50 00 81 44 00 00 00 00 00 00 00 00 00 00 00 00   P.ÅD............	
    00 00 00 00 00 00 00 00 00 00 00 00 00 00 00 00   ................	
    00 00 00 00 15                                    .....           	
[20/02/2026 16:06:03] Read data (COM4)	
    50 00 81 44 08 00 00 00 01 14 1a 02 14 0f 3b 2e   P.ÅD..........;.	
    c4 94 98 00 00 00 00 00 00 00 00 00 00 00 00 00   ƒîò.............	
    00 00 00 00 ca                                    ....            	
[20/02/2026 16:06:03] Written data (COM4)	
    50 00 81 64 00 00 00 00 00 00 00 00 00 00 00 00   P.Åd............	
    00 00 00 00 00 00 00 00 00 00 00 00 00 00 00 00   ................	
    00 00 00 00 35                                    ....5           	
[20/02/2026 16:06:03] Read data (COM4)	
    50 00 81 64 00 00 80 00 00 00 00 00 00 00 00 00   P.Åd..Ä.........	
    00 00 00 00 00 00 00 00 00 00 00 00 00 00 00 00   ................	
    00 00 00 00 b5                                    ....µ           	
[20/02/2026 16:06:03] Written data (COM4)	
    50 00 81 84 00 00 00 00 00 00 00 00 00 00 00 00   P.ÅÑ............	
    00 00 00 00 00 00 00 00 00 00 00 00 00 00 00 00   ................	
    00 00 00 00 55                                    ....U           	
[20/02/2026 16:06:03] Read data (COM4)	
    50 00 81 84 00 00 00 00 00 00 00 00 00 00 00 00   P.ÅÑ............	
    00 00 00 00 00 00 09 00 00 00 00 09 00 00 00 00   ................	
    09 00 00 00 70                                    ....p           	
[20/02/2026 16:06:04] Written data (COM4)	
    50 00 81 95 00 00 00 00 00 00 00 00 00 00 00 00   P.Åï............	
    00 00 00 00 00 00 00 00 00 00 00 00 00 00 00 00   ................	
    00 00 00 00 66                                    ....f           	
[20/02/2026 16:06:04] Read data (COM4)	
    50 00 81 95 00 09 00 00 00 00 09 00 00 00 00 09   P.Åï............	
    00 00 00 00 09 00 00 00 04 9d 02 97 02 9d 02 9c   .........ù.ó.ù.ú	
    02 9c 02 9c 3d                                    .ú.ú=           	
[20/02/2026 16:06:04] Written data (COM4)	
    50 00 81 44 00 00 00 00 00 00 00 00 00 00 00 00   P.ÅD............	
    00 00 00 00 00 00 00 00 00 00 00 00 00 00 00 00   ................	
    00 00 00 00 15                                    .....           	
[20/02/2026 16:06:04] Read data (COM4)	
    50 00 81 44 08 00 00 00 01 14 1a 02 14 0f 3b 2f   P.ÅD..........;/	
    c4 94 98 00 00 00 00 00 00 00 00 00 00 00 00 00   ƒîò.............	
    00 00 00 00 cb                                    ....À           	
[20/02/2026 16:06:04] Written data (COM4)	
    50 00 81 64 00 00 00 00 00 00 00 00 00 00 00 00   P.Åd............	
    00 00 00 00 00 00 00 00 00 00 00 00 00 00 00 00   ................	
    00 00 00 00 35                                    ....5           	
[20/02/2026 16:06:04] Read data (COM4)	
    50 00 81 64 00 00 80 00 00 00 00 00 00 00 00 00   P.Åd..Ä.........	
    00 00 00 00 00 00 00 00 00 00 00 00 00 00 00 00   ................	
    00 00 00 00 b5                                    ....µ           	
[20/02/2026 16:06:04] Written data (COM4)	
    50 00 81 84 00 00 00 00 00 00 00 00 00 00 00 00   P.ÅÑ............	
    00 00 00 00 00 00 00 00 00 00 00 00 00 00 00 00   ................	
    00 00 00 00 55                                    ....U           	
[20/02/2026 16:06:04] Read data (COM4)	
    50 00 81 84 00 00 00 00 00 00 00 00 00 00 00 00   P.ÅÑ............	
    00 00 00 00 00 00 09 00 00 00 00 09 00 00 00 00   ................	
    09 00 00 00 70                                    ....p           	
[20/02/2026 16:06:05] Written data (COM4)	
    50 00 81 95 00 00 00 00 00 00 00 00 00 00 00 00   P.Åï............	
    00 00 00 00 00 00 00 00 00 00 00 00 00 00 00 00   ................	
    00 00 00 00 66                                    ....f           	
[20/02/2026 16:06:05] Read data (COM4)	
    50 00 81 95 00 09 00 00 00 00 09 00 00 00 00 09   P.Åï............	
    00 00 00 00 09 00 00 00 04 9d 02 97 02 9d 02 9c   .........ù.ó.ù.ú	
    02 9c 02 9c 3d                                    .ú.ú=           	
[20/02/2026 16:06:05] Written data (COM4)	
    50 00 81 44 00 00 00 00 00 00 00 00 00 00 00 00   P.ÅD............	
    00 00 00 00 00 00 00 00 00 00 00 00 00 00 00 00   ................	
    00 00 00 00 15                                    .....           	
[20/02/2026 16:06:05] Read data (COM4)	
    50 00 81 44 08 00 00 00 01 14 1a 02 14 0f 3b 30   P.ÅD..........;0	
    c5 94 98 00 00 00 00 00 00 00 00 00 00 00 00 00   ≈îò.............	
    00 00 00 00 cd                                    ....Õ           	
[20/02/2026 16:06:05] Written data (COM4)	
    50 00 81 64 00 00 00 00 00 00 00 00 00 00 00 00   P.Åd............	
    00 00 00 00 00 00 00 00 00 00 00 00 00 00 00 00   ................	
    00 00 00 00 35                                    ....5           	
[20/02/2026 16:06:05] Read data (COM4)	
    50 00 81 64 00 00 80 00 00 00 00 00 00 00 00 00   P.Åd..Ä.........	
    00 00 00 00 00 00 00 00 00 00 00 00 00 00 00 00   ................	
    00 00 00 00 b5                                    ....µ           	
[20/02/2026 16:06:05] Written data (COM4)	
    50 00 81 84 00 00 00 00 00 00 00 00 00 00 00 00   P.ÅÑ............	
    00 00 00 00 00 00 00 00 00 00 00 00 00 00 00 00   ................	
    00 00 00 00 55                                    ....U           	
[20/02/2026 16:06:05] Read data (COM4)	
    50 00 81 84 00 00 00 00 00 00 00 00 00 00 00 00   P.ÅÑ............	
    00 00 00 00 00 00 09 00 00 00 00 09 00 00 00 00   ................	
    09 00 00 00 70                                    ....p           	
[20/02/2026 16:06:05] Written data (COM4)	
    50 00 81 95 00 00 00 00 00 00 00 00 00 00 00 00   P.Åï............	
    00 00 00 00 00 00 00 00 00 00 00 00 00 00 00 00   ................	
    00 00 00 00 66                                    ....f           	
[20/02/2026 16:06:05] Read data (COM4)	
    50 00 81 95 00 09 00 00 00 00 09 00 00 00 00 09   P.Åï............	
    00 00 00 00 09 00 00 00 04 9d 02 97 02 9d 02 9c   .........ù.ó.ù.ú	
    02 9c 02 9c 3d                                    .ú.ú=           	
[20/02/2026 16:06:06] Written data (COM4)	
    50 00 81 44 00 00 00 00 00 00 00 00 00 00 00 00   P.ÅD............	
    00 00 00 00 00 00 00 00 00 00 00 00 00 00 00 00   ................	
    00 00 00 00 15                                    .....           	
[20/02/2026 16:06:06] Read data (COM4)	
    50 00 81 44 08 00 00 00 01 14 1a 02 14 0f 3b 31   P.ÅD..........;1	
    c5 94 99 00 00 00 00 00 00 00 00 00 00 00 00 00   ≈îô.............	
    00 00 00 00 cf                                    ....œ           	
[20/02/2026 16:06:06] Written data (COM4)	
    50 00 81 64 00 00 00 00 00 00 00 00 00 00 00 00   P.Åd............	
    00 00 00 00 00 00 00 00 00 00 00 00 00 00 00 00   ................	
    00 00 00 00 35                                    ....5           	
[20/02/2026 16:06:06] Read data (COM4)	
    50 00 81 64 00 00 80 00 00 00 00 00 00 00 00 00   P.Åd..Ä.........	
    00 00 00 00 00 00 00 00 00 00 00 00 00 00 00 00   ................	
    00 00 00 00 b5                                    ....µ           	
[20/02/2026 16:06:06] Written data (COM4)	
    50 00 81 84 00 00 00 00 00 00 00 00 00 00 00 00   P.ÅÑ............	
    00 00 00 00 00 00 00 00 00 00 00 00 00 00 00 00   ................	
    00 00 00 00 55                                    ....U           	
[20/02/2026 16:06:06] Read data (COM4)	
    50 00 81 84 00 00 00 00 00 00 00 00 00 00 00 00   P.ÅÑ............	
    00 00 00 00 00 00 09 00 00 00 00 09 00 00 00 00   ................	
    09 00 00 00 70                                    ....p           	
[20/02/2026 16:06:06] Written data (COM4)	
    50 00 81 95 00 00 00 00 00 00 00 00 00 00 00 00   P.Åï............	
    00 00 00 00 00 00 00 00 00 00 00 00 00 00 00 00   ................	
    00 00 00 00 66                                    ....f           	
[20/02/2026 16:06:06] Read data (COM4)	
    50 00 81 95 00 09 00 00 00 00 09 00 00 00 00 09   P.Åï............	
    00 00 00 00 09 00 00 00 04 9d 02 97 02 9d 02 9c   .........ù.ó.ù.ú	
    02 9c 02 9c 3d                                    .ú.ú=           	
[20/02/2026 16:06:06] Written data (COM4)	
    50 00 81 44 00 00 00 00 00 00 00 00 00 00 00 00   P.ÅD............	
    00 00 00 00 00 00 00 00 00 00 00 00 00 00 00 00   ................	
    00 00 00 00 15                                    .....           	
[20/02/2026 16:06:06] Read data (COM4)	
    50 00 81 44 08 00 00 00 01 14 1a 02 14 0f 3b 31   P.ÅD..........;1	
    c4 94 98 00 00 00 00 00 00 00 00 00 00 00 00 00   ƒîò.............	
    00 00 00 00 cd                                    ....Õ           	
[20/02/2026 16:06:07] Written data (COM4)	
    50 00 81 64 00 00 00 00 00 00 00 00 00 00 00 00   P.Åd............	
    00 00 00 00 00 00 00 00 00 00 00 00 00 00 00 00   ................	
    00 00 00 00 35                                    ....5           	
[20/02/2026 16:06:07] Read data (COM4)	
    50 00 81 64 00 00 80 00 00 00 00 00 00 00 00 00   P.Åd..Ä.........	
    00 00 00 00 00 00 00 00 00 00 00 00 00 00 00 00   ................	
    00 00 00 00 b5                                    ....µ           	
[20/02/2026 16:06:07] Written data (COM4)	
    50 00 81 84 00 00 00 00 00 00 00 00 00 00 00 00   P.ÅÑ............	
    00 00 00 00 00 00 00 00 00 00 00 00 00 00 00 00   ................	
    00 00 00 00 55                                    ....U           	
[20/02/2026 16:06:07] Read data (COM4)	
    50 00 81 84 00 00 00 00 00 00 00 00 00 00 00 00   P.ÅÑ............	
    00 00 00 00 00 00 09 00 00 00 00 09 00 00 00 00   ................	
    09 00 00 00 70                                    ....p           	
[20/02/2026 16:06:07] Written data (COM4)	
    50 00 81 95 00 00 00 00 00 00 00 00 00 00 00 00   P.Åï............	
    00 00 00 00 00 00 00 00 00 00 00 00 00 00 00 00   ................	
    00 00 00 00 66                                    ....f           	
[20/02/2026 16:06:07] Read data (COM4)	
    50 00 81 95 00 09 00 00 00 00 09 00 00 00 00 09   P.Åï............	
    00 00 00 00 09 00 00 00 04 9d 02 97 02 9d 02 9c   .........ù.ó.ù.ú	
    02 9c 02 9c 3d                                    .ú.ú=           	
[20/02/2026 16:06:07] Written data (COM4)	
    50 00 81 44 00 00 00 00 00 00 00 00 00 00 00 00   P.ÅD............	
    00 00 00 00 00 00 00 00 00 00 00 00 00 00 00 00   ................	
    00 00 00 00 15                                    .....           	
[20/02/2026 16:06:07] Read data (COM4)	
    50 00 81 44 08 00 00 00 01 14 1a 02 14 0f 3b 32   P.ÅD..........;2	
    c5 94 98 00 00 00 00 00 00 00 00 00 00 00 00 00   ≈îò.............	
    00 00 00 00 cf                                    ....œ           	
[20/02/2026 16:06:07] Written data (COM4)	
    50 00 81 64 00 00 00 00 00 00 00 00 00 00 00 00   P.Åd............	
    00 00 00 00 00 00 00 00 00 00 00 00 00 00 00 00   ................	
    00 00 00 00 35                                    ....5           	
[20/02/2026 16:06:07] Read data (COM4)	
    50 00 81 64 00 00 80 00 00 00 00 00 00 00 00 00   P.Åd..Ä.........	
    00 00 00 00 00 00 00 00 00 00 00 00 00 00 00 00   ................	
    00 00 00 00 b5                                    ....µ           	
[20/02/2026 16:06:08] Written data (COM4)	
    50 00 81 84 00 00 00 00 00 00 00 00 00 00 00 00   P.ÅÑ............	
    00 00 00 00 00 00 00 00 00 00 00 00 00 00 00 00   ................	
    00 00 00 00 55                                    ....U           	
[20/02/2026 16:06:08] Read data (COM4)	
    50 00 81 84 00 00 00 00 00 00 00 00 00 00 00 00   P.ÅÑ............	
    00 00 00 00 00 00 09 00 00 00 00 09 00 00 00 00   ................	
    09 00 00 00 70                                    ....p           	
[20/02/2026 16:06:08] Written data (COM4)	
    50 00 81 95 00 00 00 00 00 00 00 00 00 00 00 00   P.Åï............	
    00 00 00 00 00 00 00 00 00 00 00 00 00 00 00 00   ................	
    00 00 00 00 66                                    ....f           	
[20/02/2026 16:06:08] Read data (COM4)	
    50 00 81 95 00 09 00 00 00 00 09 00 00 00 00 09   P.Åï............	
    00 00 00 00 09 00 00 00 04 9d 02 97 02 9d 02 9c   .........ù.ó.ù.ú	
    02 9c 02 9c 3d                                    .ú.ú=           	
[20/02/2026 16:06:08] Written data (COM4)	
    50 00 81 44 00 00 00 00 00 00 00 00 00 00 00 00   P.ÅD............	
    00 00 00 00 00 00 00 00 00 00 00 00 00 00 00 00   ................	
    00 00 00 00 15                                    .....           	
[20/02/2026 16:06:08] Read data (COM4)	
    50 00 81 44 08 00 00 00 01 14 1a 02 14 0f 3b 33   P.ÅD..........;3	
    c5 94 98 00 00 00 00 00 00 00 00 00 00 00 00 00   ≈îò.............	
    00 00 00 00 d0                                    ....–           	
[20/02/2026 16:06:08] Written data (COM4)	
    50 00 81 64 00 00 00 00 00 00 00 00 00 00 00 00   P.Åd............	
    00 00 00 00 00 00 00 00 00 00 00 00 00 00 00 00   ................	
    00 00 00 00 35                                    ....5           	
[20/02/2026 16:06:08] Read data (COM4)	
    50 00 81 64 00 00 80 00 00 00 00 00 00 00 00 00   P.Åd..Ä.........	
    00 00 00 00 00 00 00 00 00 00 00 00 00 00 00 00   ................	
    00 00 00 00 b5                                    ....µ           	
[20/02/2026 16:06:08] Written data (COM4)	
    40 00 40 00 00 00 00 00 00 00 00 00 00 00 00 00   @.@.............	
    00 00 00 00 00 00 00 00 00 00 00 00 00 00 00 00   ................	
    00 00 00 00 80                                    ....Ä           	
[20/02/2026 16:06:08] Read data (COM4)	
    40 00 40 00 00 00 00 00 00 00 00 00 00 00 00 00   @.@.............	
    00 00 00 00 00 00 00 00 00 00 00 00 00 00 00 00   ................	
    00 00 00 00 80                                    ....Ä           	
[20/02/2026 16:06:09] Written data (COM4)	
    50 00 81 84 00 00 00 00 00 00 00 00 00 00 00 00   P.ÅÑ............	
    00 00 00 00 00 00 00 00 00 00 00 00 00 00 00 00   ................	
    00 00 00 00 55                                    ....U           	
[20/02/2026 16:06:09] Read data (COM4)	
    50 00 81 84 00 00 00 00 00 00 00 00 00 00 00 00   P.ÅÑ............	
    00 00 00 00 00 08 0b 04 00 00 00 09 00 00 00 00   ................	
    09 00 00 00 7e                                    ....~           	
[20/02/2026 16:06:09] Written data (COM4)	
    50 00 81 95 00 00 00 00 00 00 00 00 00 00 00 00   P.Åï............	
    00 00 00 00 00 00 00 00 00 00 00 00 00 00 00 00   ................	
    00 00 00 00 66                                    ....f           	
[20/02/2026 16:06:09] Read data (COM4)	
    50 00 81 95 08 0b 04 00 00 00 09 00 00 00 00 09   P.Åï............	
    00 00 00 00 09 00 00 00 04 9d 02 97 02 9d 02 9c   .........ù.ó.ù.ú	
    02 9c 02 9c 4b                                    .ú.úK           	
[20/02/2026 16:06:09] Written data (COM4)	
    50 00 81 44 00 00 00 00 00 00 00 00 00 00 00 00   P.ÅD............	
    00 00 00 00 00 00 00 00 00 00 00 00 00 00 00 00   ................	
    00 00 00 00 15                                    .....           	
[20/02/2026 16:06:09] Read data (COM4)	
    50 00 81 44 08 00 00 00 01 14 1a 02 14 0f 3b 34   P.ÅD..........;4	
    c5 94 98 00 00 00 00 00 00 00 00 00 00 00 00 00   ≈îò.............	
    00 00 00 00 d1                                    ....—           	
[20/02/2026 16:06:09] Written data (COM4)	
    50 00 81 64 00 00 00 00 00 00 00 00 00 00 00 00   P.Åd............	
    00 00 00 00 00 00 00 00 00 00 00 00 00 00 00 00   ................	
    00 00 00 00 35                                    ....5           	
[20/02/2026 16:06:09] Read data (COM4)	
    50 00 81 64 00 00 80 00 00 00 00 00 00 00 00 00   P.Åd..Ä.........	
    00 00 00 00 00 00 00 00 00 00 00 00 00 00 00 00   ................	
    00 00 00 00 b5                                    ....µ           	
[20/02/2026 16:06:09] Written data (COM4)	
    50 00 81 84 00 00 00 00 00 00 00 00 00 00 00 00   P.ÅÑ............	
    00 00 00 00 00 00 00 00 00 00 00 00 00 00 00 00   ................	
    00 00 00 00 55                                    ....U           	
[20/02/2026 16:06:10] Read data (COM4)	
    50 00 81 84 00 00 00 00 00 00 00 00 00 00 00 00   P.ÅÑ............	
    00 00 00 00 00 08 0b 04 00 00 00 09 00 00 00 00   ................	
    09 00 00 00 7e                                    ....~           	
[20/02/2026 16:06:10] Written data (COM4)	
    50 00 81 95 00 00 00 00 00 00 00 00 00 00 00 00   P.Åï............	
    00 00 00 00 00 00 00 00 00 00 00 00 00 00 00 00   ................	
    00 00 00 00 66                                    ....f           	
[20/02/2026 16:06:10] Read data (COM4)	
    50 00 81 95 08 0b 04 00 00 00 09 00 00 00 00 09   P.Åï............	
    00 00 00 00 09 00 00 00 04 9d 02 97 02 9d 02 9c   .........ù.ó.ù.ú	
    02 9c 02 9c 4b                                    .ú.úK           	
[20/02/2026 16:06:10] Written data (COM4)	
    50 00 81 44 00 00 00 00 00 00 00 00 00 00 00 00   P.ÅD............	
    00 00 00 00 00 00 00 00 00 00 00 00 00 00 00 00   ................	
    00 00 00 00 15                                    .....           	
[20/02/2026 16:06:10] Read data (COM4)	
    50 00 81 44 08 00 00 00 01 14 1a 02 14 0f 3b 35   P.ÅD..........;5	
    c4 94 98 00 00 00 00 00 00 00 00 00 00 00 00 00   ƒîò.............	
    00 00 00 00 d1                                    ....—           	
[20/02/2026 16:06:10] Written data (COM4)	
    50 00 81 64 00 00 00 00 00 00 00 00 00 00 00 00   P.Åd............	
    00 00 00 00 00 00 00 00 00 00 00 00 00 00 00 00   ................	
    00 00 00 00 35                                    ....5           	
[20/02/2026 16:06:10] Read data (COM4)	
    50 00 81 64 00 00 80 00 00 00 00 00 00 00 00 00   P.Åd..Ä.........	
    00 00 00 00 00 00 00 00 00 00 00 00 00 00 00 00   ................	
    00 00 00 00 b5                                    ....µ           	
[20/02/2026 16:06:10] Written data (COM4)	
    50 00 81 84 00 00 00 00 00 00 00 00 00 00 00 00   P.ÅÑ............	
    00 00 00 00 00 00 00 00 00 00 00 00 00 00 00 00   ................	
    00 00 00 00 55                                    ....U           	
[20/02/2026 16:06:10] Read data (COM4)	
    50 00 81 84 00 00 00 00 00 00 00 00 00 00 00 00   P.ÅÑ............	
    00 00 00 00 00 08 0b 04 00 00 00 09 00 00 00 00   ................	
    09 00 00 00 7e                                    ....~           	
[20/02/2026 16:06:11] Written data (COM4)	
    50 00 81 95 00 00 00 00 00 00 00 00 00 00 00 00   P.Åï............	
    00 00 00 00 00 00 00 00 00 00 00 00 00 00 00 00   ................	
    00 00 00 00 66                                    ....f           	
[20/02/2026 16:06:11] Read data (COM4)	
    50 00 81 95 08 0b 04 00 00 00 09 00 00 00 00 09   P.Åï............	
    00 00 00 00 09 00 00 00 04 9d 02 97 02 9d 02 9c   .........ù.ó.ù.ú	
    02 9c 02 9c 4b                                    .ú.úK           	
[20/02/2026 16:06:11] Written data (COM4)	
    50 00 81 44 00 00 00 00 00 00 00 00 00 00 00 00   P.ÅD............	
    00 00 00 00 00 00 00 00 00 00 00 00 00 00 00 00   ................	
    00 00 00 00 15                                    .....           	
[20/02/2026 16:06:11] Read data (COM4)	
    50 00 81 44 08 00 00 00 01 14 1a 02 14 0f 3b 36   P.ÅD..........;6	
    c5 94 98 00 00 00 00 00 00 00 00 00 00 00 00 00   ≈îò.............	
    00 00 00 00 d3                                    ....”           	
[20/02/2026 16:06:11] Written data (COM4)	
    50 00 81 64 00 00 00 00 00 00 00 00 00 00 00 00   P.Åd............	
    00 00 00 00 00 00 00 00 00 00 00 00 00 00 00 00   ................	
    00 00 00 00 35                                    ....5           	
[20/02/2026 16:06:11] Read data (COM4)	
    50 00 81 64 00 00 80 00 00 00 00 00 00 00 00 00   P.Åd..Ä.........	
    00 00 00 00 00 00 00 00 00 00 00 00 00 00 00 00   ................	
    00 00 00 00 b5                                    ....µ           	
[20/02/2026 16:06:11] Written data (COM4)	
    50 00 81 84 00 00 00 00 00 00 00 00 00 00 00 00   P.ÅÑ............	
    00 00 00 00 00 00 00 00 00 00 00 00 00 00 00 00   ................	
    00 00 00 00 55                                    ....U           	
[20/02/2026 16:06:11] Read data (COM4)	
    50 00 81 84 00 00 00 00 00 00 00 00 00 00 00 00   P.ÅÑ............	
    00 00 00 00 00 08 0b 04 00 00 00 09 00 00 00 00   ................	
    09 00 00 00 7e                                    ....~           	
[20/02/2026 16:06:11] Written data (COM4)	
    50 00 81 95 00 00 00 00 00 00 00 00 00 00 00 00   P.Åï............	
    00 00 00 00 00 00 00 00 00 00 00 00 00 00 00 00   ................	
    00 00 00 00 66                                    ....f           	
[20/02/2026 16:06:11] Read data (COM4)	
    50 00 81 95 08 0b 04 00 00 00 09 00 00 00 00 09   P.Åï............	
    00 00 00 00 09 00 00 00 04 9d 02 97 02 9d 02 9c   .........ù.ó.ù.ú	
    02 9c 02 9c 4b                                    .ú.úK           	
[20/02/2026 16:06:12] Written data (COM4)	
    50 00 81 44 00 00 00 00 00 00 00 00 00 00 00 00   P.ÅD............	
    00 00 00 00 00 00 00 00 00 00 00 00 00 00 00 00   ................	
    00 00 00 00 15                                    .....           	
[20/02/2026 16:06:12] Read data (COM4)	
    50 00 81 44 08 00 00 00 01 14 1a 02 14 0f 3b 37   P.ÅD..........;7	
    c4 94 98 00 00 00 00 00 00 00 00 00 00 00 00 00   ƒîò.............	
    00 00 00 00 d3                                    ....”           	
[20/02/2026 16:06:12] Written data (COM4)	
    50 00 81 64 00 00 00 00 00 00 00 00 00 00 00 00   P.Åd............	
    00 00 00 00 00 00 00 00 00 00 00 00 00 00 00 00   ................	
    00 00 00 00 35                                    ....5           	
[20/02/2026 16:06:12] Read data (COM4)	
    50 00 81 64 00 00 80 00 00 00 00 00 00 00 00 00   P.Åd..Ä.........	
    00 00 00 00 00 00 00 00 00 00 00 00 00 00 00 00   ................	
    00 00 00 00 b5                                    ....µ           	
[20/02/2026 16:06:12] Written data (COM4)	
    50 00 81 84 00 00 00 00 00 00 00 00 00 00 00 00   P.ÅÑ............	
    00 00 00 00 00 00 00 00 00 00 00 00 00 00 00 00   ................	
    00 00 00 00 55                                    ....U           	
[20/02/2026 16:06:12] Read data (COM4)	
    50 00 81 84 00 00 00 00 00 00 00 00 00 00 00 00   P.ÅÑ............	
    00 00 00 00 00 08 0b 04 00 00 00 09 00 00 00 00   ................	
    09 00 00 00 7e                                    ....~           	
[20/02/2026 16:06:12] Written data (COM4)	
    50 00 81 95 00 00 00 00 00 00 00 00 00 00 00 00   P.Åï............	
    00 00 00 00 00 00 00 00 00 00 00 00 00 00 00 00   ................	
    00 00 00 00 66                                    ....f           	
[20/02/2026 16:06:12] Read data (COM4)	
    50 00 81 95 08 0b 04 00 00 00 09 00 00 00 00 09   P.Åï............	
    00 00 00 00 09 00 00 00 04 9d 02 97 02 9d 02 9c   .........ù.ó.ù.ú	
    02 9c 02 9c 4b                                    .ú.úK           	
[20/02/2026 16:06:12] Written data (COM4)	
    50 00 81 44 00 00 00 00 00 00 00 00 00 00 00 00   P.ÅD............	
    00 00 00 00 00 00 00 00 00 00 00 00 00 00 00 00   ................	
    00 00 00 00 15                                    .....           	
[20/02/2026 16:06:12] Read data (COM4)	
    50 00 81 44 08 00 00 00 01 14 1a 02 14 0f 3b 37   P.ÅD..........;7	
    c5 94 98 00 00 00 00 00 00 00 00 00 00 00 00 00   ≈îò.............	
    00 00 00 00 d4                                    ....‘           	
[20/02/2026 16:06:13] Written data (COM4)	
    50 00 81 64 00 00 00 00 00 00 00 00 00 00 00 00   P.Åd............	
    00 00 00 00 00 00 00 00 00 00 00 00 00 00 00 00   ................	
    00 00 00 00 35                                    ....5           	
[20/02/2026 16:06:13] Read data (COM4)	
    50 00 81 64 00 00 80 00 00 00 00 00 00 00 00 00   P.Åd..Ä.........	
    00 00 00 00 00 00 00 00 00 00 00 00 00 00 00 00   ................	
    00 00 00 00 b5                                    ....µ           	
[20/02/2026 16:06:13] Written data (COM4)	
    50 00 81 84 00 00 00 00 00 00 00 00 00 00 00 00   P.ÅÑ............	
    00 00 00 00 00 00 00 00 00 00 00 00 00 00 00 00   ................	
    00 00 00 00 55                                    ....U           	
[20/02/2026 16:06:13] Read data (COM4)	
    50 00 81 84 00 00 00 00 00 00 00 00 00 00 00 00   P.ÅÑ............	
    00 00 00 00 00 08 0b 04 00 00 00 09 00 00 00 00   ................	
    09 00 00 00 7e                                    ....~           	
[20/02/2026 16:06:13] Written data (COM4)	
    50 00 81 95 00 00 00 00 00 00 00 00 00 00 00 00   P.Åï............	
    00 00 00 00 00 00 00 00 00 00 00 00 00 00 00 00   ................	
    00 00 00 00 66                                    ....f           	
[20/02/2026 16:06:13] Read data (COM4)	
    50 00 81 95 08 0b 04 00 00 00 09 00 00 00 00 09   P.Åï............	
    00 00 00 00 09 00 00 00 04 9d 02 97 02 9d 02 9c   .........ù.ó.ù.ú	
    02 9c 02 9c 4b                                    .ú.úK           	
[20/02/2026 16:06:13] Written data (COM4)	
    50 00 81 44 00 00 00 00 00 00 00 00 00 00 00 00   P.ÅD............	
    00 00 00 00 00 00 00 00 00 00 00 00 00 00 00 00   ................	
    00 00 00 00 15                                    .....           	
[20/02/2026 16:06:13] Read data (COM4)	
    50 00 81 44 08 00 00 00 01 14 1a 02 14 0f 3b 38   P.ÅD..........;8	
    c5 95 98 00 00 00 00 00 00 00 00 00 00 00 00 00   ≈ïò.............	
    00 00 00 00 d6                                    ....÷           	
[20/02/2026 16:06:13] Written data (COM4)	
    50 00 81 64 00 00 00 00 00 00 00 00 00 00 00 00   P.Åd............	
    00 00 00 00 00 00 00 00 00 00 00 00 00 00 00 00   ................	
    00 00 00 00 35                                    ....5           	
[20/02/2026 16:06:13] Read data (COM4)	
    50 00 81 64 00 00 80 00 00 00 00 00 00 00 00 00   P.Åd..Ä.........	
    00 00 00 00 00 00 00 00 00 00 00 00 00 00 00 00   ................	
    00 00 00 00 b5                                    ....µ           	
[20/02/2026 16:06:14] Written data (COM4)	
    50 00 81 84 00 00 00 00 00 00 00 00 00 00 00 00   P.ÅÑ............	
    00 00 00 00 00 00 00 00 00 00 00 00 00 00 00 00   ................	
    00 00 00 00 55                                    ....U           	
[20/02/2026 16:06:14] Read data (COM4)	
    50 00 81 84 00 00 00 00 00 00 00 00 00 00 00 00   P.ÅÑ............	
    00 00 00 00 00 08 0b 04 00 00 00 09 00 00 00 00   ................	
    09 00 00 00 7e                                    ....~           	
[20/02/2026 16:06:14] Written data (COM4)	
    50 00 81 95 00 00 00 00 00 00 00 00 00 00 00 00   P.Åï............	
    00 00 00 00 00 00 00 00 00 00 00 00 00 00 00 00   ................	
    00 00 00 00 66                                    ....f           	
[20/02/2026 16:06:14] Read data (COM4)	
    50 00 81 95 08 0b 04 00 00 00 09 00 00 00 00 09   P.Åï............	
    00 00 00 00 09 00 00 00 04 9d 02 97 02 9d 02 9c   .........ù.ó.ù.ú	
    02 9c 02 9c 4b                                    .ú.úK           	
[20/02/2026 16:06:14] Written data (COM4)	
    50 00 81 44 00 00 00 00 00 00 00 00 00 00 00 00   P.ÅD............	
    00 00 00 00 00 00 00 00 00 00 00 00 00 00 00 00   ................	
    00 00 00 00 15                                    .....           	
[20/02/2026 16:06:14] Read data (COM4)	
    50 00 81 44 08 00 00 00 01 14 1a 02 14 0f 3b 39   P.ÅD..........;9	
    c4 94 97 00 00 00 00 00 00 00 00 00 00 00 00 00   ƒîó.............	
    00 00 00 00 d4                                    ....‘           	
[20/02/2026 16:06:14] Written data (COM4)	
    50 00 81 64 00 00 00 00 00 00 00 00 00 00 00 00   P.Åd............	
    00 00 00 00 00 00 00 00 00 00 00 00 00 00 00 00   ................	
    00 00 00 00 35                                    ....5           	
[20/02/2026 16:06:14] Read data (COM4)	
    50 00 81 64 00 00 80 00 00 00 00 00 00 00 00 00   P.Åd..Ä.........	
    00 00 00 00 00 00 00 00 00 00 00 00 00 00 00 00   ................	
    00 00 00 00 b5                                    ....µ           	
[20/02/2026 16:06:14] Written data (COM4)	
    50 00 81 84 00 00 00 00 00 00 00 00 00 00 00 00   P.ÅÑ............	
    00 00 00 00 00 00 00 00 00 00 00 00 00 00 00 00   ................	
    00 00 00 00 55                                    ....U           	
[20/02/2026 16:06:14] Read data (COM4)	
    50 00 81 84 00 00 00 00 00 00 00 00 00 00 00 00   P.ÅÑ............	
    00 00 00 00 00 08 0b 04 00 00 00 09 00 00 00 00   ................	
    09 00 00 00 7e                                    ....~           	
[20/02/2026 16:06:15] Written data (COM4)	
    50 00 81 95 00 00 00 00 00 00 00 00 00 00 00 00   P.Åï............	
    00 00 00 00 00 00 00 00 00 00 00 00 00 00 00 00   ................	
    00 00 00 00 66                                    ....f           	
[20/02/2026 16:06:15] Read data (COM4)	
    50 00 81 95 08 0b 04 00 00 00 09 00 00 00 00 09   P.Åï............	
    00 00 00 00 09 00 00 00 04 9d 02 97 02 9d 02 9c   .........ù.ó.ù.ú	
    02 9c 02 9c 4b                                    .ú.úK           	
[20/02/2026 16:06:15] Written data (COM4)	
    50 00 81 44 00 00 00 00 00 00 00 00 00 00 00 00   P.ÅD............	
    00 00 00 00 00 00 00 00 00 00 00 00 00 00 00 00   ................	
    00 00 00 00 15                                    .....           	
[20/02/2026 16:06:15] Read data (COM4)	
    50 00 81 44 08 00 00 00 01 14 1a 02 14 0f 3b 3a   P.ÅD..........;:	
    c4 94 98 00 00 00 00 00 00 00 00 00 00 00 00 00   ƒîò.............	
    00 00 00 00 d6                                    ....÷           	
[20/02/2026 16:06:15] Written data (COM4)	
    50 00 81 64 00 00 00 00 00 00 00 00 00 00 00 00   P.Åd............	
    00 00 00 00 00 00 00 00 00 00 00 00 00 00 00 00   ................	
    00 00 00 00 35                                    ....5           	
[20/02/2026 16:06:15] Read data (COM4)	
    50 00 81 64 00 00 80 00 00 00 00 00 00 00 00 00   P.Åd..Ä.........	
    00 00 00 00 00 00 00 00 00 00 00 00 00 00 00 00   ................	
    00 00 00 00 b5                                    ....µ           	
[20/02/2026 16:06:15] Written data (COM4)	
    50 00 81 84 00 00 00 00 00 00 00 00 00 00 00 00   P.ÅÑ............	
    00 00 00 00 00 00 00 00 00 00 00 00 00 00 00 00   ................	
    00 00 00 00 55                                    ....U           	
[20/02/2026 16:06:15] Read data (COM4)	
    50 00 81 84 00 00 00 00 00 00 00 00 00 00 00 00   P.ÅÑ............	
    00 00 00 00 00 08 0b 04 00 00 00 09 00 00 00 00   ................	
    09 00 00 00 7e                                    ....~           	
[20/02/2026 16:06:15] Written data (COM4)	
    50 00 81 95 00 00 00 00 00 00 00 00 00 00 00 00   P.Åï............	
    00 00 00 00 00 00 00 00 00 00 00 00 00 00 00 00   ................	
    00 00 00 00 66                                    ....f           	
[20/02/2026 16:06:15] Read data (COM4)	
    50 00 81 95 08 0b 04 00 00 00 09 00 00 00 00 09   P.Åï............	
    00 00 00 00 09 00 00 00 04 9d 02 97 02 9d 02 9c   .........ù.ó.ù.ú	
    02 9c 02 9c 4b                                    .ú.úK           	
[20/02/2026 16:06:16] Written data (COM4)	
    50 00 81 44 00 00 00 00 00 00 00 00 00 00 00 00   P.ÅD............	
    00 00 00 00 00 00 00 00 00 00 00 00 00 00 00 00   ................	
    00 00 00 00 15                                    .....           	
[20/02/2026 16:06:16] Read data (COM4)	
    50 00 81 44 08 00 00 00 01 14 1a 02 14 0f 3b 3b   P.ÅD..........;;	
    c5 94 98 00 00 00 00 00 00 00 00 00 00 00 00 00   ≈îò.............	
    00 00 00 00 d8                                    ....ÿ           	
[20/02/2026 16:06:16] Written data (COM4)	
    50 00 81 64 00 00 00 00 00 00 00 00 00 00 00 00   P.Åd............	
    00 00 00 00 00 00 00 00 00 00 00 00 00 00 00 00   ................	
    00 00 00 00 35                                    ....5           	
[20/02/2026 16:06:16] Read data (COM4)	
    50 00 81 64 00 00 80 00 00 00 00 00 00 00 00 00   P.Åd..Ä.........	
    00 00 00 00 00 00 00 00 00 00 00 00 00 00 00 00   ................	
    00 00 00 00 b5                                    ....µ           	
[20/02/2026 16:06:16] Written data (COM4)	
    50 00 81 84 00 00 00 00 00 00 00 00 00 00 00 00   P.ÅÑ............	
    00 00 00 00 00 00 00 00 00 00 00 00 00 00 00 00   ................	
    00 00 00 00 55                                    ....U           	
[20/02/2026 16:06:16] Read data (COM4)	
    50 00 81 84 00 00 00 00 00 00 00 00 00 00 00 00   P.ÅÑ............	
    00 00 00 00 00 08 0b 04 00 00 00 09 00 00 00 00   ................	
    09 00 00 00 7e                                    ....~           	
[20/02/2026 16:06:16] Written data (COM4)	
    50 00 81 95 00 00 00 00 00 00 00 00 00 00 00 00   P.Åï............	
    00 00 00 00 00 00 00 00 00 00 00 00 00 00 00 00   ................	
    00 00 00 00 66                                    ....f           	
[20/02/2026 16:06:16] Read data (COM4)	
    50 00 81 95 08 0b 04 00 00 00 09 00 00 00 00 09   P.Åï............	
    00 00 00 00 09 00 00 00 04 9d 02 97 02 9d 02 9c   .........ù.ó.ù.ú	
    02 9c 02 9c 4b                                    .ú.úK           	
[20/02/2026 16:06:16] Written data (COM4)	
    50 00 81 44 00 00 00 00 00 00 00 00 00 00 00 00   P.ÅD............	
    00 00 00 00 00 00 00 00 00 00 00 00 00 00 00 00   ................	
    00 00 00 00 15                                    .....           	
[20/02/2026 16:06:17] Read data (COM4)	
    50 00 81 44 08 00 00 00 01 14 1a 02 14 0f 3b 3b   P.ÅD..........;;	
    c4 94 98 00 00 00 00 00 00 00 00 00 00 00 00 00   ƒîò.............	
    00 00 00 00 d7                                    ....◊           	
[20/02/2026 16:06:17] Written data (COM4)	
    50 00 81 64 00 00 00 00 00 00 00 00 00 00 00 00   P.Åd............	
    00 00 00 00 00 00 00 00 00 00 00 00 00 00 00 00   ................	
    00 00 00 00 35                                    ....5           	
[20/02/2026 16:06:17] Read data (COM4)	
    50 00 81 64 00 00 80 00 00 00 00 00 00 00 00 00   P.Åd..Ä.........	
    00 00 00 00 00 00 00 00 00 00 00 00 00 00 00 00   ................	
    00 00 00 00 b5                                    ....µ           	
[20/02/2026 16:06:17] Written data (COM4)	
    50 00 81 84 00 00 00 00 00 00 00 00 00 00 00 00   P.ÅÑ............	
    00 00 00 00 00 00 00 00 00 00 00 00 00 00 00 00   ................	
    00 00 00 00 55                                    ....U           	
[20/02/2026 16:06:17] Read data (COM4)	
    50 00 81 84 00 00 00 00 00 00 00 00 00 00 00 00   P.ÅÑ............	
    00 00 00 00 00 08 0b 04 00 00 00 09 00 00 00 00   ................	
    09 00 00 00 7e                                    ....~           	
[20/02/2026 16:06:17] Written data (COM4)	
    50 00 81 95 00 00 00 00 00 00 00 00 00 00 00 00   P.Åï............	
    00 00 00 00 00 00 00 00 00 00 00 00 00 00 00 00   ................	
    00 00 00 00 66                                    ....f           	
[20/02/2026 16:06:17] Read data (COM4)	
    50 00 81 95 08 0b 04 00 00 00 09 00 00 00 00 09   P.Åï............	
    00 00 00 00 09 00 00 00 04 9d 02 97 02 9d 02 9c   .........ù.ó.ù.ú	
    02 9c 02 9c 4b                                    .ú.úK           	
[20/02/2026 16:06:17] Written data (COM4)	
    50 00 81 44 00 00 00 00 00 00 00 00 00 00 00 00   P.ÅD............	
    00 00 00 00 00 00 00 00 00 00 00 00 00 00 00 00   ................	
    00 00 00 00 15                                    .....           	
[20/02/2026 16:06:17] Read data (COM4)	
    50 00 81 44 08 00 00 00 01 14 1a 02 14 10 00 00   P.ÅD............	
    c5 94 98 00 00 00 00 00 00 00 00 00 00 00 00 00   ≈îò.............	
    00 00 00 00 63                                    ....c           	
[20/02/2026 16:06:18] Written data (COM4)	
    50 00 81 64 00 00 00 00 00 00 00 00 00 00 00 00   P.Åd............	
    00 00 00 00 00 00 00 00 00 00 00 00 00 00 00 00   ................	
    00 00 00 00 35                                    ....5           	
[20/02/2026 16:06:18] Read data (COM4)	
    50 00 81 64 00 00 80 00 00 00 00 00 00 00 00 00   P.Åd..Ä.........	
    00 00 00 00 00 00 00 00 00 00 00 00 00 00 00 00   ................	
    00 00 00 00 b5                                    ....µ           	
[20/02/2026 16:06:18] Written data (COM4)	
    50 00 81 84 00 00 00 00 00 00 00 00 00 00 00 00   P.ÅÑ............	
    00 00 00 00 00 00 00 00 00 00 00 00 00 00 00 00   ................	
    00 00 00 00 55                                    ....U           	
[20/02/2026 16:06:18] Read data (COM4)	
    50 00 81 84 00 00 00 00 00 00 00 00 00 00 00 00   P.ÅÑ............	
    00 00 00 00 00 08 0b 04 00 00 00 09 00 00 00 00   ................	
    09 00 00 00 7e                                    ....~           	
[20/02/2026 16:06:18] Written data (COM4)	
    50 00 81 95 00 00 00 00 00 00 00 00 00 00 00 00   P.Åï............	
    00 00 00 00 00 00 00 00 00 00 00 00 00 00 00 00   ................	
    00 00 00 00 66                                    ....f           	
[20/02/2026 16:06:18] Read data (COM4)	
    50 00 81 95 08 0b 04 00 00 00 09 00 00 00 00 09   P.Åï............	
    00 00 00 00 09 00 00 00 04 9d 02 97 02 9d 02 9c   .........ù.ó.ù.ú	
    02 9c 02 9c 4b                                    .ú.úK           	
[20/02/2026 16:06:18] Written data (COM4)	
    50 00 81 44 00 00 00 00 00 00 00 00 00 00 00 00   P.ÅD............	
    00 00 00 00 00 00 00 00 00 00 00 00 00 00 00 00   ................	
    00 00 00 00 15                                    .....           	
[20/02/2026 16:06:18] Read data (COM4)	
    50 00 81 44 08 00 00 00 01 14 1a 02 14 10 00 01   P.ÅD............	
    c4 94 98 00 00 00 00 00 00 00 00 00 00 00 00 00   ƒîò.............	
    00 00 00 00 63                                    ....c           	
[20/02/2026 16:06:18] Written data (COM4)	
    50 00 81 64 00 00 00 00 00 00 00 00 00 00 00 00   P.Åd............	
    00 00 00 00 00 00 00 00 00 00 00 00 00 00 00 00   ................	
    00 00 00 00 35                                    ....5           	
[20/02/2026 16:06:18] Read data (COM4)	
    50 00 81 64 00 00 80 00 00 00 00 00 00 00 00 00   P.Åd..Ä.........	
    00 00 00 00 00 00 00 00 00 00 00 00 00 00 00 00   ................	
    00 00 00 00 b5                                    ....µ           	
[20/02/2026 16:06:19] Written data (COM4)	
    50 00 81 84 00 00 00 00 00 00 00 00 00 00 00 00   P.ÅÑ............	
    00 00 00 00 00 00 00 00 00 00 00 00 00 00 00 00   ................	
    00 00 00 00 55                                    ....U           	
[20/02/2026 16:06:19] Read data (COM4)	
    50 00 81 84 00 00 00 00 00 00 00 00 00 00 00 00   P.ÅÑ............	
    00 00 00 00 00 08 0b 04 00 00 00 09 00 00 00 00   ................	
    09 00 00 00 7e                                    ....~           	
[20/02/2026 16:06:19] Written data (COM4)	
    50 00 81 95 00 00 00 00 00 00 00 00 00 00 00 00   P.Åï............	
    00 00 00 00 00 00 00 00 00 00 00 00 00 00 00 00   ................	
    00 00 00 00 66                                    ....f           	
[20/02/2026 16:06:19] Read data (COM4)	
    50 00 81 95 08 0b 04 00 00 00 09 00 00 00 00 09   P.Åï............	
    00 00 00 00 09 00 00 00 04 9d 02 97 02 9d 02 9c   .........ù.ó.ù.ú	
    02 9c 02 9c 4b                                    .ú.úK           	
[20/02/2026 16:06:19] Written data (COM4)	
    50 00 81 44 00 00 00 00 00 00 00 00 00 00 00 00   P.ÅD............	
    00 00 00 00 00 00 00 00 00 00 00 00 00 00 00 00   ................	
    00 00 00 00 15                                    .....           	
[20/02/2026 16:06:19] Read data (COM4)	
    50 00 81 44 08 00 00 00 01 14 1a 02 14 10 00 02   P.ÅD............	
    c5 94 98 00 00 00 00 00 00 00 00 00 00 00 00 00   ≈îò.............	
    00 00 00 00 65                                    ....e           	
[20/02/2026 16:06:19] Written data (COM4)	
    50 00 81 64 00 00 00 00 00 00 00 00 00 00 00 00   P.Åd............	
    00 00 00 00 00 00 00 00 00 00 00 00 00 00 00 00   ................	
    00 00 00 00 35                                    ....5           	
[20/02/2026 16:06:19] Read data (COM4)	
    50 00 81 64 00 00 80 00 00 00 00 00 00 00 00 00   P.Åd..Ä.........	
    00 00 00 00 00 00 00 00 00 00 00 00 00 00 00 00   ................	
    00 00 00 00 b5                                    ....µ           	
[20/02/2026 16:06:19] Written data (COM4)	
    50 00 81 84 00 00 00 00 00 00 00 00 00 00 00 00   P.ÅÑ............	
    00 00 00 00 00 00 00 00 00 00 00 00 00 00 00 00   ................	
    00 00 00 00 55                                    ....U           	
[20/02/2026 16:06:19] Read data (COM4)	
    50 00 81 84 00 00 00 00 00 00 00 00 00 00 00 00   P.ÅÑ............	
    00 00 00 00 00 08 0b 04 00 00 00 09 00 00 00 00   ................	
    09 00 00 00 7e                                    ....~           	
[20/02/2026 16:06:20] Written data (COM4)	
    50 00 81 95 00 00 00 00 00 00 00 00 00 00 00 00   P.Åï............	
    00 00 00 00 00 00 00 00 00 00 00 00 00 00 00 00   ................	
    00 00 00 00 66                                    ....f           	
[20/02/2026 16:06:20] Read data (COM4)	
    50 00 81 95 08 0b 04 00 00 00 09 00 00 00 00 09   P.Åï............	
    00 00 00 00 09 00 00 00 04 9d 02 97 02 9d 02 9c   .........ù.ó.ù.ú	
    02 9c 02 9c 4b                                    .ú.úK           	
[20/02/2026 16:06:20] Written data (COM4)	
    50 00 81 44 00 00 00 00 00 00 00 00 00 00 00 00   P.ÅD............	
    00 00 00 00 00 00 00 00 00 00 00 00 00 00 00 00   ................	
    00 00 00 00 15                                    .....           	
[20/02/2026 16:06:20] Read data (COM4)	
    50 00 81 44 08 00 00 00 01 14 1a 02 14 10 00 03   P.ÅD............	
    c5 94 98 00 00 00 00 00 00 00 00 00 00 00 00 00   ≈îò.............	
    00 00 00 00 66                                    ....f           	
[20/02/2026 16:06:20] Written data (COM4)	
    50 00 81 64 00 00 00 00 00 00 00 00 00 00 00 00   P.Åd............	
    00 00 00 00 00 00 00 00 00 00 00 00 00 00 00 00   ................	
    00 00 00 00 35                                    ....5           	
[20/02/2026 16:06:20] Read data (COM4)	
    50 00 81 64 00 00 80 00 00 00 00 00 00 00 00 00   P.Åd..Ä.........	
    00 00 00 00 00 00 00 00 00 00 00 00 00 00 00 00   ................	
    00 00 00 00 b5                                    ....µ           	
[20/02/2026 16:06:20] Written data (COM4)	
    50 00 81 84 00 00 00 00 00 00 00 00 00 00 00 00   P.ÅÑ............	
    00 00 00 00 00 00 00 00 00 00 00 00 00 00 00 00   ................	
    00 00 00 00 55                                    ....U           	
[20/02/2026 16:06:20] Read data (COM4)	
    50 00 81 84 00 00 00 00 00 00 00 00 00 00 00 00   P.ÅÑ............	
    00 00 00 00 00 08 0b 04 00 00 00 09 00 00 00 00   ................	
    09 00 00 00 7e                                    ....~           	
[20/02/2026 16:06:20] Written data (COM4)	
    50 00 81 95 00 00 00 00 00 00 00 00 00 00 00 00   P.Åï............	
    00 00 00 00 00 00 00 00 00 00 00 00 00 00 00 00   ................	
    00 00 00 00 66                                    ....f           	
[20/02/2026 16:06:20] Read data (COM4)	
    50 00 81 95 08 0b 04 00 00 00 09 00 00 00 00 09   P.Åï............	
    00 00 00 00 09 00 00 00 04 9d 02 97 02 9d 02 9c   .........ù.ó.ù.ú	
    02 9c 02 9c 4b                                    .ú.úK           	
[20/02/2026 16:06:21] Written data (COM4)	
    50 00 81 44 00 00 00 00 00 00 00 00 00 00 00 00   P.ÅD............	
    00 00 00 00 00 00 00 00 00 00 00 00 00 00 00 00   ................	
    00 00 00 00 15                                    .....           	
[20/02/2026 16:06:21] Read data (COM4)	
    50 00 81 44 08 00 00 00 01 14 1a 02 14 10 00 04   P.ÅD............	
    c5 94 97 00 00 00 00 00 00 00 00 00 00 00 00 00   ≈îó.............	
    00 00 00 00 66                                    ....f           	
[20/02/2026 16:06:21] Written data (COM4)	
    50 00 81 64 00 00 00 00 00 00 00 00 00 00 00 00   P.Åd............	
    00 00 00 00 00 00 00 00 00 00 00 00 00 00 00 00   ................	
    00 00 00 00 35                                    ....5           	
[20/02/2026 16:06:21] Read data (COM4)	
    50 00 81 64 00 00 80 00 00 00 00 00 00 00 00 00   P.Åd..Ä.........	
    00 00 00 00 00 00 00 00 00 00 00 00 00 00 00 00   ................	
    00 00 00 00 b5                                    ....µ           	
[20/02/2026 16:06:21] Written data (COM4)	
    50 00 81 84 00 00 00 00 00 00 00 00 00 00 00 00   P.ÅÑ............	
    00 00 00 00 00 00 00 00 00 00 00 00 00 00 00 00   ................	
    00 00 00 00 55                                    ....U           	
[20/02/2026 16:06:21] Read data (COM4)	
    50 00 81 84 00 00 00 00 00 00 00 00 00 00 00 00   P.ÅÑ............	
    00 00 00 00 00 08 0b 04 00 00 00 09 00 00 00 00   ................	
    09 00 00 00 7e                                    ....~           	
[20/02/2026 16:06:21] Written data (COM4)	
    50 00 81 95 00 00 00 00 00 00 00 00 00 00 00 00   P.Åï............	
    00 00 00 00 00 00 00 00 00 00 00 00 00 00 00 00   ................	
    00 00 00 00 66                                    ....f           	
[20/02/2026 16:06:21] Read data (COM4)	
    50 00 81 95 08 0b 04 00 00 00 09 00 00 00 00 09   P.Åï............	
    00 00 00 00 09 00 00 00 04 9d 02 97 02 9d 02 9c   .........ù.ó.ù.ú	
    02 9c 02 9c 4b                                    .ú.úK           	
[20/02/2026 16:06:21] Written data (COM4)	
    50 00 81 44 00 00 00 00 00 00 00 00 00 00 00 00   P.ÅD............	
    00 00 00 00 00 00 00 00 00 00 00 00 00 00 00 00   ................	
    00 00 00 00 15                                    .....           	
[20/02/2026 16:06:21] Read data (COM4)	
    50 00 81 44 08 00 00 00 01 14 1a 02 14 10 00 04   P.ÅD............	
    c5 94 98 00 00 00 00 00 00 00 00 00 00 00 00 00   ≈îò.............	
    00 00 00 00 67                                    ....g           	
[20/02/2026 16:06:22] Written data (COM4)	
    50 00 81 64 00 00 00 00 00 00 00 00 00 00 00 00   P.Åd............	
    00 00 00 00 00 00 00 00 00 00 00 00 00 00 00 00   ................	
    00 00 00 00 35                                    ....5           	
[20/02/2026 16:06:22] Read data (COM4)	
    50 00 81 64 00 00 80 00 00 00 00 00 00 00 00 00   P.Åd..Ä.........	
    00 00 00 00 00 00 00 00 00 00 00 00 00 00 00 00   ................	
    00 00 00 00 b5                                    ....µ           	
[20/02/2026 16:06:22] Written data (COM4)	
    50 00 81 84 00 00 00 00 00 00 00 00 00 00 00 00   P.ÅÑ............	
    00 00 00 00 00 00 00 00 00 00 00 00 00 00 00 00   ................	
    00 00 00 00 55                                    ....U           	
[20/02/2026 16:06:22] Read data (COM4)	
    50 00 81 84 00 00 00 00 00 00 00 00 00 00 00 00   P.ÅÑ............	
    00 00 00 00 00 08 0b 04 00 00 00 09 00 00 00 00   ................	
    09 00 00 00 7e                                    ....~           	
[20/02/2026 16:06:22] Written data (COM4)	
    50 00 81 95 00 00 00 00 00 00 00 00 00 00 00 00   P.Åï............	
    00 00 00 00 00 00 00 00 00 00 00 00 00 00 00 00   ................	
    00 00 00 00 66                                    ....f           	
[20/02/2026 16:06:22] Read data (COM4)	
    50 00 81 95 08 0b 04 00 00 00 09 00 00 00 00 09   P.Åï............	
    00 00 00 00 09 00 00 00 04 9d 02 97 02 9d 02 9c   .........ù.ó.ù.ú	
    02 9c 02 9c 4b                                    .ú.úK           	
[20/02/2026 16:06:22] Written data (COM4)	
    50 00 81 44 00 00 00 00 00 00 00 00 00 00 00 00   P.ÅD............	
    00 00 00 00 00 00 00 00 00 00 00 00 00 00 00 00   ................	
    00 00 00 00 15                                    .....           	
[20/02/2026 16:06:22] Read data (COM4)	
    50 00 81 44 08 00 00 00 01 14 1a 02 14 10 00 05   P.ÅD............	
    c4 94 98 00 00 00 00 00 00 00 00 00 00 00 00 00   ƒîò.............	
    00 00 00 00 67                                    ....g           	
[20/02/2026 16:06:22] Written data (COM4)	
    50 00 81 64 00 00 00 00 00 00 00 00 00 00 00 00   P.Åd............	
    00 00 00 00 00 00 00 00 00 00 00 00 00 00 00 00   ................	
    00 00 00 00 35                                    ....5           	
[20/02/2026 16:06:22] Read data (COM4)	
    50 00 81 64 00 00 80 00 00 00 00 00 00 00 00 00   P.Åd..Ä.........	
    00 00 00 00 00 00 00 00 00 00 00 00 00 00 00 00   ................	
    00 00 00 00 b5                                    ....µ           	
[20/02/2026 16:06:23] Written data (COM4)	
    50 00 81 84 00 00 00 00 00 00 00 00 00 00 00 00   P.ÅÑ............	
    00 00 00 00 00 00 00 00 00 00 00 00 00 00 00 00   ................	
    00 00 00 00 55                                    ....U           	
[20/02/2026 16:06:23] Read data (COM4)	
    50 00 81 84 00 00 00 00 00 00 00 00 00 00 00 00   P.ÅÑ............	
    00 00 00 00 00 08 0b 04 00 00 00 09 00 00 00 00   ................	
    09 00 00 00 7e                                    ....~           	
[20/02/2026 16:06:23] Written data (COM4)	
    50 00 81 95 00 00 00 00 00 00 00 00 00 00 00 00   P.Åï............	
    00 00 00 00 00 00 00 00 00 00 00 00 00 00 00 00   ................	
    00 00 00 00 66                                    ....f           	
[20/02/2026 16:06:23] Read data (COM4)	
    50 00 81 95 08 0b 04 00 00 00 09 00 00 00 00 09   P.Åï............	
    00 00 00 00 09 00 00 00 04 9d 02 97 02 9d 02 9c   .........ù.ó.ù.ú	
    02 9c 02 9c 4b                                    .ú.úK           	
[20/02/2026 16:06:23] Written data (COM4)	
    50 00 81 44 00 00 00 00 00 00 00 00 00 00 00 00   P.ÅD............	
    00 00 00 00 00 00 00 00 00 00 00 00 00 00 00 00   ................	
    00 00 00 00 15                                    .....           	
[20/02/2026 16:06:23] Read data (COM4)	
    50 00 81 44 08 00 00 00 01 14 1a 02 14 10 00 06   P.ÅD............	
    c5 94 98 00 00 00 00 00 00 00 00 00 00 00 00 00   ≈îò.............	
    00 00 00 00 69                                    ....i           	
[20/02/2026 16:06:23] Written data (COM4)	
    50 00 81 64 00 00 00 00 00 00 00 00 00 00 00 00   P.Åd............	
    00 00 00 00 00 00 00 00 00 00 00 00 00 00 00 00   ................	
    00 00 00 00 35                                    ....5           	
[20/02/2026 16:06:23] Read data (COM4)	
    50 00 81 64 00 00 80 00 00 00 00 00 00 00 00 00   P.Åd..Ä.........	
    00 00 00 00 00 00 00 00 00 00 00 00 00 00 00 00   ................	
    00 00 00 00 b5                                    ....µ           	
[20/02/2026 16:06:23] Written data (COM4)	
    50 00 81 84 00 00 00 00 00 00 00 00 00 00 00 00   P.ÅÑ............	
    00 00 00 00 00 00 00 00 00 00 00 00 00 00 00 00   ................	
    00 00 00 00 55                                    ....U           	
[20/02/2026 16:06:23] Read data (COM4)	
    50 00 81 84 00 00 00 00 00 00 00 00 00 00 00 00   P.ÅÑ............	
    00 00 00 00 00 08 0b 04 00 00 00 09 00 00 00 00   ................	
    09 00 00 00 7e                                    ....~           	
[20/02/2026 16:06:24] Written data (COM4)	
    50 00 81 95 00 00 00 00 00 00 00 00 00 00 00 00   P.Åï............	
    00 00 00 00 00 00 00 00 00 00 00 00 00 00 00 00   ................	
    00 00 00 00 66                                    ....f           	
[20/02/2026 16:06:24] Read data (COM4)	
    50 00 81 95 08 0b 04 00 00 00 09 00 00 00 00 09   P.Åï............	
    00 00 00 00 09 00 00 00 04 9d 02 97 02 9d 02 9c   .........ù.ó.ù.ú	
    02 9c 02 9c 4b                                    .ú.úK           	
[20/02/2026 16:06:24] Written data (COM4)	
    50 00 81 44 00 00 00 00 00 00 00 00 00 00 00 00   P.ÅD............	
    00 00 00 00 00 00 00 00 00 00 00 00 00 00 00 00   ................	
    00 00 00 00 15                                    .....           	
[20/02/2026 16:06:24] Read data (COM4)	
    50 00 81 44 08 00 00 00 01 14 1a 02 14 10 00 07   P.ÅD............	
    c5 94 98 00 00 00 00 00 00 00 00 00 00 00 00 00   ≈îò.............	
    00 00 00 00 6a                                    ....j           	
[20/02/2026 16:06:24] Written data (COM4)	
    50 00 81 64 00 00 00 00 00 00 00 00 00 00 00 00   P.Åd............	
    00 00 00 00 00 00 00 00 00 00 00 00 00 00 00 00   ................	
    00 00 00 00 35                                    ....5           	
[20/02/2026 16:06:24] Read data (COM4)	
    50 00 81 64 00 00 80 00 00 00 00 00 00 00 00 00   P.Åd..Ä.........	
    00 00 00 00 00 00 00 00 00 00 00 00 00 00 00 00   ................	
    00 00 00 00 b5                                    ....µ           	
[20/02/2026 16:06:24] Written data (COM4)	
    50 00 81 84 00 00 00 00 00 00 00 00 00 00 00 00   P.ÅÑ............	
    00 00 00 00 00 00 00 00 00 00 00 00 00 00 00 00   ................	
    00 00 00 00 55                                    ....U           	
[20/02/2026 16:06:24] Read data (COM4)	
    50 00 81 84 00 00 00 00 00 00 00 00 00 00 00 00   P.ÅÑ............	
    00 00 00 00 00 08 0b 04 00 00 00 09 00 00 00 00   ................	
    09 00 00 00 7e                                    ....~           	
[20/02/2026 16:06:24] Written data (COM4)	
    50 00 81 95 00 00 00 00 00 00 00 00 00 00 00 00   P.Åï............	
    00 00 00 00 00 00 00 00 00 00 00 00 00 00 00 00   ................	
    00 00 00 00 66                                    ....f           	
[20/02/2026 16:06:24] Read data (COM4)	
    50 00 81 95 08 0b 04 00 00 00 09 00 00 00 00 09   P.Åï............	
    00 00 00 00 09 00 00 00 04 9d 02 97 02 9d 02 9c   .........ù.ó.ù.ú	
    02 9c 02 9c 4b                                    .ú.úK           	
[20/02/2026 16:06:25] Written data (COM4)	
    50 00 81 44 00 00 00 00 00 00 00 00 00 00 00 00   P.ÅD............	
    00 00 00 00 00 00 00 00 00 00 00 00 00 00 00 00   ................	
    00 00 00 00 15                                    .....           	
[20/02/2026 16:06:25] Read data (COM4)	
    50 00 81 44 08 00 00 00 01 14 1a 02 14 10 00 08   P.ÅD............	
    c4 94 98 00 00 00 00 00 00 00 00 00 00 00 00 00   ƒîò.............	
    00 00 00 00 6a                                    ....j           	
[20/02/2026 16:06:25] Written data (COM4)	
    50 00 81 64 00 00 00 00 00 00 00 00 00 00 00 00   P.Åd............	
    00 00 00 00 00 00 00 00 00 00 00 00 00 00 00 00   ................	
    00 00 00 00 35                                    ....5           	
[20/02/2026 16:06:25] Read data (COM4)	
    50 00 81 64 00 00 80 00 00 00 00 00 00 00 00 00   P.Åd..Ä.........	
    00 00 00 00 00 00 00 00 00 00 00 00 00 00 00 00   ................	
    00 00 00 00 b5                                    ....µ           	
[20/02/2026 16:06:25] Written data (COM4)	
    50 00 81 84 00 00 00 00 00 00 00 00 00 00 00 00   P.ÅÑ............	
    00 00 00 00 00 00 00 00 00 00 00 00 00 00 00 00   ................	
    00 00 00 00 55                                    ....U           	
[20/02/2026 16:06:25] Read data (COM4)	
    50 00 81 84 00 00 00 00 00 00 00 00 00 00 00 00   P.ÅÑ............	
    00 00 00 00 00 08 0b 04 00 00 00 09 00 00 00 00   ................	
    09 00 00 00 7e                                    ....~           	
[20/02/2026 16:06:25] Written data (COM4)	
    50 00 81 95 00 00 00 00 00 00 00 00 00 00 00 00   P.Åï............	
    00 00 00 00 00 00 00 00 00 00 00 00 00 00 00 00   ................	
    00 00 00 00 66                                    ....f           	
[20/02/2026 16:06:25] Read data (COM4)	
    50 00 81 95 08 0b 04 00 00 00 09 00 00 00 00 09   P.Åï............	
    00 00 00 00 09 00 00 00 04 9d 02 97 02 9d 02 9c   .........ù.ó.ù.ú	
    02 9c 02 9c 4b                                    .ú.úK           	
[20/02/2026 16:06:25] Written data (COM4)	
    50 00 81 44 00 00 00 00 00 00 00 00 00 00 00 00   P.ÅD............	
    00 00 00 00 00 00 00 00 00 00 00 00 00 00 00 00   ................	
    00 00 00 00 15                                    .....           	
[20/02/2026 16:06:25] Read data (COM4)	
    50 00 81 44 08 00 00 00 01 14 1a 02 14 10 00 08   P.ÅD............	
    c5 94 98 00 00 00 00 00 00 00 00 00 00 00 00 00   ≈îò.............	
    00 00 00 00 6b                                    ....k           	
[20/02/2026 16:06:26] Written data (COM4)	
    50 00 81 64 00 00 00 00 00 00 00 00 00 00 00 00   P.Åd............	
    00 00 00 00 00 00 00 00 00 00 00 00 00 00 00 00   ................	
    00 00 00 00 35                                    ....5           	
[20/02/2026 16:06:26] Read data (COM4)	
    50 00 81 64 00 00 80 00 00 00 00 00 00 00 00 00   P.Åd..Ä.........	
    00 00 00 00 00 00 00 00 00 00 00 00 00 00 00 00   ................	
    00 00 00 00 b5                                    ....µ           	
[20/02/2026 16:06:26] Written data (COM4)	
    50 00 81 84 00 00 00 00 00 00 00 00 00 00 00 00   P.ÅÑ............	
    00 00 00 00 00 00 00 00 00 00 00 00 00 00 00 00   ................	
    00 00 00 00 55                                    ....U           	
[20/02/2026 16:06:26] Read data (COM4)	
    50 00 81 84 00 00 00 00 00 00 00 00 00 00 00 00   P.ÅÑ............	
    00 00 00 00 00 08 0b 04 00 00 00 09 00 00 00 00   ................	
    09 00 00 00 7e                                    ....~           	
[20/02/2026 16:06:26] Written data (COM4)	
    50 00 81 95 00 00 00 00 00 00 00 00 00 00 00 00   P.Åï............	
    00 00 00 00 00 00 00 00 00 00 00 00 00 00 00 00   ................	
    00 00 00 00 66                                    ....f           	
[20/02/2026 16:06:26] Read data (COM4)	
    50 00 81 95 08 0b 04 00 00 00 09 00 00 00 00 09   P.Åï............	
    00 00 00 00 09 00 00 00 04 9d 02 97 02 9d 02 9c   .........ù.ó.ù.ú	
    02 9c 02 9c 4b                                    .ú.úK           	
[20/02/2026 16:06:26] Written data (COM4)	
    50 00 81 44 00 00 00 00 00 00 00 00 00 00 00 00   P.ÅD............	
    00 00 00 00 00 00 00 00 00 00 00 00 00 00 00 00   ................	
    00 00 00 00 15                                    .....           	
[20/02/2026 16:06:26] Read data (COM4)	
    50 00 81 44 08 00 00 00 01 14 1a 02 14 10 00 09   P.ÅD............	
    c5 94 98 00 00 00 00 00 00 00 00 00 00 00 00 00   ≈îò.............	
    00 00 00 00 6c                                    ....l           	
[20/02/2026 16:06:27] Written data (COM4)	
    50 00 81 64 00 00 00 00 00 00 00 00 00 00 00 00   P.Åd............	
    00 00 00 00 00 00 00 00 00 00 00 00 00 00 00 00   ................	
    00 00 00 00 35                                    ....5           	
[20/02/2026 16:06:27] Read data (COM4)	
    50 00 81 64 00 00 80 00 00 00 00 00 00 00 00 00   P.Åd..Ä.........	
    00 00 00 00 00 00 00 00 00 00 00 00 00 00 00 00   ................	
    00 00 00 00 b5                                    ....µ           	
[20/02/2026 16:06:27] Written data (COM4)	
    50 00 81 84 00 00 00 00 00 00 00 00 00 00 00 00   P.ÅÑ............	
    00 00 00 00 00 00 00 00 00 00 00 00 00 00 00 00   ................	
    00 00 00 00 55                                    ....U           	
[20/02/2026 16:06:27] Read data (COM4)	
    50 00 81 84 00 00 00 00 00 00 00 00 00 00 00 00   P.ÅÑ............	
    00 00 00 00 00 08 0b 04 00 00 00 09 00 00 00 00   ................	
    09 00 00 00 7e                                    ....~           	
[20/02/2026 16:06:27] Written data (COM4)	
    50 00 81 95 00 00 00 00 00 00 00 00 00 00 00 00   P.Åï............	
    00 00 00 00 00 00 00 00 00 00 00 00 00 00 00 00   ................	
    00 00 00 00 66                                    ....f           	
[20/02/2026 16:06:27] Read data (COM4)	
    50 00 81 95 08 0b 04 00 00 00 09 00 00 00 00 09   P.Åï............	
    00 00 00 00 09 00 00 00 04 9d 02 97 02 9d 02 9c   .........ù.ó.ù.ú	
    02 9c 02 9c 4b                                    .ú.úK           	
[20/02/2026 16:06:27] Written data (COM4)	
    50 00 81 44 00 00 00 00 00 00 00 00 00 00 00 00   P.ÅD............	
    00 00 00 00 00 00 00 00 00 00 00 00 00 00 00 00   ................	
    00 00 00 00 15                                    .....           	
[20/02/2026 16:06:27] Read data (COM4)	
    50 00 81 44 08 00 00 00 01 14 1a 02 14 10 00 0a   P.ÅD............	
    c4 94 98 00 00 00 00 00 00 00 00 00 00 00 00 00   ƒîò.............	
    00 00 00 00 6c                                    ....l           	
[20/02/2026 16:06:27] Written data (COM4)	
    50 00 81 64 00 00 00 00 00 00 00 00 00 00 00 00   P.Åd............	
    00 00 00 00 00 00 00 00 00 00 00 00 00 00 00 00   ................	
    00 00 00 00 35                                    ....5           	
[20/02/2026 16:06:27] Read data (COM4)	
    50 00 81 64 00 00 80 00 00 00 00 00 00 00 00 00   P.Åd..Ä.........	
    00 00 00 00 00 00 00 00 00 00 00 00 00 00 00 00   ................	
    00 00 00 00 b5                                    ....µ           	
[20/02/2026 16:06:28] Written data (COM4)	
    50 00 81 84 00 00 00 00 00 00 00 00 00 00 00 00   P.ÅÑ............	
    00 00 00 00 00 00 00 00 00 00 00 00 00 00 00 00   ................	
    00 00 00 00 55                                    ....U           	
[20/02/2026 16:06:28] Read data (COM4)	
    50 00 81 84 00 00 00 00 00 00 00 00 00 00 00 00   P.ÅÑ............	
    00 00 00 00 00 08 0b 04 00 00 00 09 00 00 00 00   ................	
    09 00 00 00 7e                                    ....~           	
[20/02/2026 16:06:28] Written data (COM4)	
    50 00 81 95 00 00 00 00 00 00 00 00 00 00 00 00   P.Åï............	
    00 00 00 00 00 00 00 00 00 00 00 00 00 00 00 00   ................	
    00 00 00 00 66                                    ....f           	
[20/02/2026 16:06:28] Read data (COM4)	
    50 00 81 95 08 0b 04 00 00 00 09 00 00 00 00 09   P.Åï............	
    00 00 00 00 09 00 00 00 04 9d 02 97 02 9d 02 9c   .........ù.ó.ù.ú	
    02 9c 02 9c 4b                                    .ú.úK           	
[20/02/2026 16:06:28] Written data (COM4)	
    50 00 81 44 00 00 00 00 00 00 00 00 00 00 00 00   P.ÅD............	
    00 00 00 00 00 00 00 00 00 00 00 00 00 00 00 00   ................	
    00 00 00 00 15                                    .....           	
[20/02/2026 16:06:28] Read data (COM4)	
    50 00 81 44 08 00 00 00 01 14 1a 02 14 10 00 0b   P.ÅD............	
    c5 94 98 00 00 00 00 00 00 00 00 00 00 00 00 00   ≈îò.............	
    00 00 00 00 6e                                    ....n           	
[20/02/2026 16:06:28] Written data (COM4)	
    50 00 81 64 00 00 00 00 00 00 00 00 00 00 00 00   P.Åd............	
    00 00 00 00 00 00 00 00 00 00 00 00 00 00 00 00   ................	
    00 00 00 00 35                                    ....5           	
[20/02/2026 16:06:28] Read data (COM4)	
    50 00 81 64 00 00 80 00 00 00 00 00 00 00 00 00   P.Åd..Ä.........	
    00 00 00 00 00 00 00 00 00 00 00 00 00 00 00 00   ................	
    00 00 00 00 b5                                    ....µ           	
[20/02/2026 16:06:28] Written data (COM4)	
    50 00 81 84 00 00 00 00 00 00 00 00 00 00 00 00   P.ÅÑ............	
    00 00 00 00 00 00 00 00 00 00 00 00 00 00 00 00   ................	
    00 00 00 00 55                                    ....U           	
[20/02/2026 16:06:28] Read data (COM4)	
    50 00 81 84 00 00 00 00 00 00 00 00 00 00 00 00   P.ÅÑ............	
    00 00 00 00 00 08 0b 04 00 00 00 09 00 00 00 00   ................	
    09 00 00 00 7e                                    ....~           	
[20/02/2026 16:06:29] Written data (COM4)	
    50 00 81 95 00 00 00 00 00 00 00 00 00 00 00 00   P.Åï............	
    00 00 00 00 00 00 00 00 00 00 00 00 00 00 00 00   ................	
    00 00 00 00 66                                    ....f           	
[20/02/2026 16:06:29] Read data (COM4)	
    50 00 81 95 08 0b 04 00 00 00 09 00 00 00 00 09   P.Åï............	
    00 00 00 00 09 00 00 00 04 9d 02 97 02 9d 02 9c   .........ù.ó.ù.ú	
    02 9c 02 9c 4b                                    .ú.úK           	
[20/02/2026 16:06:29] Written data (COM4)	
    50 00 81 44 00 00 00 00 00 00 00 00 00 00 00 00   P.ÅD............	
    00 00 00 00 00 00 00 00 00 00 00 00 00 00 00 00   ................	
    00 00 00 00 15                                    .....           	
[20/02/2026 16:06:29] Read data (COM4)	
    50 00 81 44 08 00 00 00 01 14 1a 02 14 10 00 0c   P.ÅD............	
    c5 94 98 00 00 00 00 00 00 00 00 00 00 00 00 00   ≈îò.............	
    00 00 00 00 6f                                    ....o           	
[20/02/2026 16:06:29] Written data (COM4)	
    50 00 81 64 00 00 00 00 00 00 00 00 00 00 00 00   P.Åd............	
    00 00 00 00 00 00 00 00 00 00 00 00 00 00 00 00   ................	
    00 00 00 00 35                                    ....5           	
[20/02/2026 16:06:29] Read data (COM4)	
    50 00 81 64 00 00 80 00 00 00 00 00 00 00 00 00   P.Åd..Ä.........	
    00 00 00 00 00 00 00 00 00 00 00 00 00 00 00 00   ................	
    00 00 00 00 b5                                    ....µ           	
[20/02/2026 16:06:29] Written data (COM4)	
    50 00 81 84 00 00 00 00 00 00 00 00 00 00 00 00   P.ÅÑ............	
    00 00 00 00 00 00 00 00 00 00 00 00 00 00 00 00   ................	
    00 00 00 00 55                                    ....U           	
[20/02/2026 16:06:29] Read data (COM4)	
    50 00 81 84 00 00 00 00 00 00 00 00 00 00 00 00   P.ÅÑ............	
    00 00 00 00 00 08 0b 04 00 00 00 09 00 00 00 00   ................	
    09 00 00 00 7e                                    ....~           	
[20/02/2026 16:06:29] Written data (COM4)	
    50 00 81 95 00 00 00 00 00 00 00 00 00 00 00 00   P.Åï............	
    00 00 00 00 00 00 00 00 00 00 00 00 00 00 00 00   ................	
    00 00 00 00 66                                    ....f           	
[20/02/2026 16:06:29] Read data (COM4)	
    50 00 81 95 08 0b 04 00 00 00 09 00 00 00 00 09   P.Åï............	
    00 00 00 00 09 00 00 00 04 9d 02 97 02 9d 02 9c   .........ù.ó.ù.ú	
    02 9c 02 9c 4b                                    .ú.úK           	
[20/02/2026 16:06:30] Written data (COM4)	
    50 00 81 44 00 00 00 00 00 00 00 00 00 00 00 00   P.ÅD............	
    00 00 00 00 00 00 00 00 00 00 00 00 00 00 00 00   ................	
    00 00 00 00 15                                    .....           	
[20/02/2026 16:06:30] Read data (COM4)	
    50 00 81 44 08 00 00 00 01 14 1a 02 14 10 00 0d   P.ÅD............	
    c5 94 97 00 00 00 00 00 00 00 00 00 00 00 00 00   ≈îó.............	
    00 00 00 00 6f                                    ....o           	
[20/02/2026 16:06:30] Written data (COM4)	
    50 00 81 64 00 00 00 00 00 00 00 00 00 00 00 00   P.Åd............	
    00 00 00 00 00 00 00 00 00 00 00 00 00 00 00 00   ................	
    00 00 00 00 35                                    ....5           	
[20/02/2026 16:06:30] Read data (COM4)	
    50 00 81 64 00 00 80 00 00 00 00 00 00 00 00 00   P.Åd..Ä.........	
    00 00 00 00 00 00 00 00 00 00 00 00 00 00 00 00   ................	
    00 00 00 00 b5                                    ....µ           	
[20/02/2026 16:06:30] Written data (COM4)	
    50 00 81 84 00 00 00 00 00 00 00 00 00 00 00 00   P.ÅÑ............	
    00 00 00 00 00 00 00 00 00 00 00 00 00 00 00 00   ................	
    00 00 00 00 55                                    ....U           	
[20/02/2026 16:06:30] Read data (COM4)	
    50 00 81 84 00 00 00 00 00 00 00 00 00 00 00 00   P.ÅÑ............	
    00 00 00 00 00 08 0b 04 00 00 00 09 00 00 00 00   ................	
    09 00 00 00 7e                                    ....~           	
[20/02/2026 16:06:30] Written data (COM4)	
    50 00 81 95 00 00 00 00 00 00 00 00 00 00 00 00   P.Åï............	
    00 00 00 00 00 00 00 00 00 00 00 00 00 00 00 00   ................	
    00 00 00 00 66                                    ....f           	
[20/02/2026 16:06:30] Read data (COM4)	
    50 00 81 95 08 0b 04 00 00 00 09 00 00 00 00 09   P.Åï............	
    00 00 00 00 09 00 00 00 04 9d 02 97 02 9d 02 9c   .........ù.ó.ù.ú	
    02 9c 02 9c 4b                                    .ú.úK           	
[20/02/2026 16:06:30] Written data (COM4)	
    50 00 81 44 00 00 00 00 00 00 00 00 00 00 00 00   P.ÅD............	
    00 00 00 00 00 00 00 00 00 00 00 00 00 00 00 00   ................	
    00 00 00 00 15                                    .....           	
[20/02/2026 16:06:30] Read data (COM4)	
    50 00 81 44 08 00 00 00 01 14 1a 02 14 10 00 0d   P.ÅD............	
    c5 94 98 00 00 00 00 00 00 00 00 00 00 00 00 00   ≈îò.............	
    00 00 00 00 70                                    ....p           	
[20/02/2026 16:06:31] Written data (COM4)	
    50 00 81 64 00 00 00 00 00 00 00 00 00 00 00 00   P.Åd............	
    00 00 00 00 00 00 00 00 00 00 00 00 00 00 00 00   ................	
    00 00 00 00 35                                    ....5           	
[20/02/2026 16:06:31] Read data (COM4)	
    50 00 81 64 00 00 80 00 00 00 00 00 00 00 00 00   P.Åd..Ä.........	
    00 00 00 00 00 00 00 00 00 00 00 00 00 00 00 00   ................	
    00 00 00 00 b5                                    ....µ           	
[20/02/2026 16:06:31] Written data (COM4)	
    50 00 81 84 00 00 00 00 00 00 00 00 00 00 00 00   P.ÅÑ............	
    00 00 00 00 00 00 00 00 00 00 00 00 00 00 00 00   ................	
    00 00 00 00 55                                    ....U           	
[20/02/2026 16:06:31] Read data (COM4)	
    50 00 81 84 00 00 00 00 00 00 00 00 00 00 00 00   P.ÅÑ............	
    00 00 00 00 00 08 0b 04 00 00 00 09 00 00 00 00   ................	
    09 00 00 00 7e                                    ....~           	
[20/02/2026 16:06:31] Written data (COM4)	
    50 00 81 95 00 00 00 00 00 00 00 00 00 00 00 00   P.Åï............	
    00 00 00 00 00 00 00 00 00 00 00 00 00 00 00 00   ................	
    00 00 00 00 66                                    ....f           	
[20/02/2026 16:06:31] Read data (COM4)	
    50 00 81 95 08 0b 04 00 00 00 09 00 00 00 00 09   P.Åï............	
    00 00 00 00 09 00 00 00 04 9d 02 97 02 9d 02 9c   .........ù.ó.ù.ú	
    02 9c 02 9c 4b                                    .ú.úK           	
[20/02/2026 16:06:31] Written data (COM4)	
    50 00 81 44 00 00 00 00 00 00 00 00 00 00 00 00   P.ÅD............	
    00 00 00 00 00 00 00 00 00 00 00 00 00 00 00 00   ................	
    00 00 00 00 15                                    .....           	
[20/02/2026 16:06:31] Read data (COM4)	
    50 00 81 44 08 00 00 00 01 14 1a 02 14 10 00 0e   P.ÅD............	
    c5 94 98 00 00 00 00 00 00 00 00 00 00 00 00 00   ≈îò.............	
    00 00 00 00 71                                    ....q           	
[20/02/2026 16:06:31] Written data (COM4)	
    50 00 81 64 00 00 00 00 00 00 00 00 00 00 00 00   P.Åd............	
    00 00 00 00 00 00 00 00 00 00 00 00 00 00 00 00   ................	
    00 00 00 00 35                                    ....5           	
[20/02/2026 16:06:31] Read data (COM4)	
    50 00 81 64 00 00 80 00 00 00 00 00 00 00 00 00   P.Åd..Ä.........	
    00 00 00 00 00 00 00 00 00 00 00 00 00 00 00 00   ................	
    00 00 00 00 b5                                    ....µ           	
[20/02/2026 16:06:32] Written data (COM4)	
    50 00 81 84 00 00 00 00 00 00 00 00 00 00 00 00   P.ÅÑ............	
    00 00 00 00 00 00 00 00 00 00 00 00 00 00 00 00   ................	
    00 00 00 00 55                                    ....U           	
[20/02/2026 16:06:32] Read data (COM4)	
    50 00 81 84 00 00 00 00 00 00 00 00 00 00 00 00   P.ÅÑ............	
    00 00 00 00 00 08 0b 04 00 00 00 09 00 00 00 00   ................	
    09 00 00 00 7e                                    ....~           	
[20/02/2026 16:06:32] Written data (COM4)	
    50 00 81 95 00 00 00 00 00 00 00 00 00 00 00 00   P.Åï............	
    00 00 00 00 00 00 00 00 00 00 00 00 00 00 00 00   ................	
    00 00 00 00 66                                    ....f           	
[20/02/2026 16:06:32] Read data (COM4)	
    50 00 81 95 08 0b 04 00 00 00 09 00 00 00 00 09   P.Åï............	
    00 00 00 00 09 00 00 00 04 9d 02 97 02 9d 02 9c   .........ù.ó.ù.ú	
    02 9c 02 9c 4b                                    .ú.úK           	
[20/02/2026 16:06:32] Written data (COM4)	
    50 00 81 44 00 00 00 00 00 00 00 00 00 00 00 00   P.ÅD............	
    00 00 00 00 00 00 00 00 00 00 00 00 00 00 00 00   ................	
    00 00 00 00 15                                    .....           	
[20/02/2026 16:06:32] Read data (COM4)	
    50 00 81 44 08 00 00 00 01 14 1a 02 14 10 00 0f   P.ÅD............	
    c5 94 98 00 00 00 00 00 00 00 00 00 00 00 00 00   ≈îò.............	
    00 00 00 00 72                                    ....r           	
[20/02/2026 16:06:32] Written data (COM4)	
    50 00 81 64 00 00 00 00 00 00 00 00 00 00 00 00   P.Åd............	
    00 00 00 00 00 00 00 00 00 00 00 00 00 00 00 00   ................	
    00 00 00 00 35                                    ....5           	
[20/02/2026 16:06:32] Read data (COM4)	
    50 00 81 64 00 00 80 00 00 00 00 00 00 00 00 00   P.Åd..Ä.........	
    00 00 00 00 00 00 00 00 00 00 00 00 00 00 00 00   ................	
    00 00 00 00 b5                                    ....µ           	
[20/02/2026 16:06:32] Written data (COM4)	
    50 00 81 84 00 00 00 00 00 00 00 00 00 00 00 00   P.ÅÑ............	
    00 00 00 00 00 00 00 00 00 00 00 00 00 00 00 00   ................	
    00 00 00 00 55                                    ....U           	
[20/02/2026 16:06:33] Read data (COM4)	
    50 00 81 84 00 00 00 00 00 00 00 00 00 00 00 00   P.ÅÑ............	
    00 00 00 00 00 08 0b 04 00 00 00 09 00 00 00 00   ................	
    09 00 00 00 7e                                    ....~           	
[20/02/2026 16:06:33] Written data (COM4)	
    50 00 81 95 00 00 00 00 00 00 00 00 00 00 00 00   P.Åï............	
    00 00 00 00 00 00 00 00 00 00 00 00 00 00 00 00   ................	
    00 00 00 00 66                                    ....f           	
[20/02/2026 16:06:33] Read data (COM4)	
    50 00 81 95 08 0b 04 00 00 00 09 00 00 00 00 09   P.Åï............	
    00 00 00 00 09 00 00 00 04 9d 02 97 02 9d 02 9c   .........ù.ó.ù.ú	
    02 9c 02 9c 4b                                    .ú.úK           	
[20/02/2026 16:06:33] Written data (COM4)	
    50 00 81 44 00 00 00 00 00 00 00 00 00 00 00 00   P.ÅD............	
    00 00 00 00 00 00 00 00 00 00 00 00 00 00 00 00   ................	
    00 00 00 00 15                                    .....           	
[20/02/2026 16:06:33] Read data (COM4)	
    50 00 81 44 08 00 00 00 01 14 1a 02 14 10 00 10   P.ÅD............	
    c5 94 98 00 00 00 00 00 00 00 00 00 00 00 00 00   ≈îò.............	
    00 00 00 00 73                                    ....s           	
[20/02/2026 16:06:33] Written data (COM4)	
    50 00 81 64 00 00 00 00 00 00 00 00 00 00 00 00   P.Åd............	
    00 00 00 00 00 00 00 00 00 00 00 00 00 00 00 00   ................	
    00 00 00 00 35                                    ....5           	
[20/02/2026 16:06:33] Read data (COM4)	
    50 00 81 64 00 00 80 00 00 00 00 00 00 00 00 00   P.Åd..Ä.........	
    00 00 00 00 00 00 00 00 00 00 00 00 00 00 00 00   ................	
    00 00 00 00 b5                                    ....µ           	
[20/02/2026 16:06:33] Written data (COM4)	
    50 00 81 84 00 00 00 00 00 00 00 00 00 00 00 00   P.ÅÑ............	
    00 00 00 00 00 00 00 00 00 00 00 00 00 00 00 00   ................	
    00 00 00 00 55                                    ....U           	
[20/02/2026 16:06:33] Read data (COM4)	
    50 00 81 84 00 00 00 00 00 00 00 00 00 00 00 00   P.ÅÑ............	
    00 00 00 00 00 08 0b 04 00 00 00 09 00 00 00 00   ................	
    09 00 00 00 7e                                    ....~           	
[20/02/2026 16:06:33] Written data (COM4)	
    50 00 81 95 00 00 00 00 00 00 00 00 00 00 00 00   P.Åï............	
    00 00 00 00 00 00 00 00 00 00 00 00 00 00 00 00   ................	
    00 00 00 00 66                                    ....f           	
[20/02/2026 16:06:34] Read data (COM4)	
    50 00 81 95 08 0b 04 00 00 00 09 00 00 00 00 09   P.Åï............	
    00 00 00 00 09 00 00 00 04 9d 02 97 02 9d 02 9c   .........ù.ó.ù.ú	
    02 9c 02 9c 4b                                    .ú.úK           	
[20/02/2026 16:06:34] Written data (COM4)	
    50 00 81 44 00 00 00 00 00 00 00 00 00 00 00 00   P.ÅD............	
    00 00 00 00 00 00 00 00 00 00 00 00 00 00 00 00   ................	
    00 00 00 00 15                                    .....           	
[20/02/2026 16:06:34] Read data (COM4)	
    50 00 81 44 08 00 00 00 01 14 1a 02 14 10 00 11   P.ÅD............	
    c5 94 98 00 00 00 00 00 00 00 00 00 00 00 00 00   ≈îò.............	
    00 00 00 00 74                                    ....t           	
[20/02/2026 16:06:34] Written data (COM4)	
    50 00 81 64 00 00 00 00 00 00 00 00 00 00 00 00   P.Åd............	
    00 00 00 00 00 00 00 00 00 00 00 00 00 00 00 00   ................	
    00 00 00 00 35                                    ....5           	
[20/02/2026 16:06:34] Read data (COM4)	
    50 00 81 64 00 00 80 00 00 00 00 00 00 00 00 00   P.Åd..Ä.........	
    00 00 00 00 00 00 00 00 00 00 00 00 00 00 00 00   ................	
    00 00 00 00 b5                                    ....µ           	
[20/02/2026 16:06:34] Written data (COM4)	
    50 00 81 84 00 00 00 00 00 00 00 00 00 00 00 00   P.ÅÑ............	
    00 00 00 00 00 00 00 00 00 00 00 00 00 00 00 00   ................	
    00 00 00 00 55                                    ....U           	
[20/02/2026 16:06:34] Read data (COM4)	
    50 00 81 84 00 00 00 00 00 00 00 00 00 00 00 00   P.ÅÑ............	
    00 00 00 00 00 08 0b 04 00 00 00 09 00 00 00 00   ................	
    09 00 00 00 7e                                    ....~           	
[20/02/2026 16:06:34] Written data (COM4)	
    50 00 81 95 00 00 00 00 00 00 00 00 00 00 00 00   P.Åï............	
    00 00 00 00 00 00 00 00 00 00 00 00 00 00 00 00   ................	
    00 00 00 00 66                                    ....f           	
[20/02/2026 16:06:34] Read data (COM4)	
    50 00 81 95 08 0b 04 00 00 00 09 00 00 00 00 09   P.Åï............	
    00 00 00 00 09 00 00 00 04 9d 02 97 02 9d 02 9c   .........ù.ó.ù.ú	
    02 9c 02 9c 4b                                    .ú.úK           	
[20/02/2026 16:06:35] Written data (COM4)	
    50 00 81 44 00 00 00 00 00 00 00 00 00 00 00 00   P.ÅD............	
    00 00 00 00 00 00 00 00 00 00 00 00 00 00 00 00   ................	
    00 00 00 00 15                                    .....           	
[20/02/2026 16:06:35] Read data (COM4)	
    50 00 81 44 08 00 00 00 01 14 1a 02 14 10 00 12   P.ÅD............	
    c5 94 98 00 00 00 00 00 00 00 00 00 00 00 00 00   ≈îò.............	
    00 00 00 00 75                                    ....u           	
[20/02/2026 16:06:35] Written data (COM4)	
    50 00 81 64 00 00 00 00 00 00 00 00 00 00 00 00   P.Åd............	
    00 00 00 00 00 00 00 00 00 00 00 00 00 00 00 00   ................	
    00 00 00 00 35                                    ....5           	
[20/02/2026 16:06:35] Read data (COM4)	
    50 00 81 64 00 00 80 00 00 00 00 00 00 00 00 00   P.Åd..Ä.........	
    00 00 00 00 00 00 00 00 00 00 00 00 00 00 00 00   ................	
    00 00 00 00 b5                                    ....µ           	
[20/02/2026 16:06:35] Written data (COM4)	
    50 00 81 84 00 00 00 00 00 00 00 00 00 00 00 00   P.ÅÑ............	
    00 00 00 00 00 00 00 00 00 00 00 00 00 00 00 00   ................	
    00 00 00 00 55                                    ....U           	
[20/02/2026 16:06:35] Read data (COM4)	
    50 00 81 84 00 00 00 00 00 00 00 00 00 00 00 00   P.ÅÑ............	
    00 00 00 00 00 08 0b 04 00 00 00 09 00 00 00 00   ................	
    09 00 00 00 7e                                    ....~           	
[20/02/2026 16:06:35] Written data (COM4)	
    50 00 81 95 00 00 00 00 00 00 00 00 00 00 00 00   P.Åï............	
    00 00 00 00 00 00 00 00 00 00 00 00 00 00 00 00   ................	
    00 00 00 00 66                                    ....f           	
[20/02/2026 16:06:35] Read data (COM4)	
    50 00 81 95 08 0b 04 00 00 00 09 00 00 00 00 09   P.Åï............	
    00 00 00 00 09 00 00 00 04 9d 02 97 02 9d 02 9c   .........ù.ó.ù.ú	
    02 9c 02 9c 4b                                    .ú.úK           	
[20/02/2026 16:06:35] Written data (COM4)	
    50 00 81 44 00 00 00 00 00 00 00 00 00 00 00 00   P.ÅD............	
    00 00 00 00 00 00 00 00 00 00 00 00 00 00 00 00   ................	
    00 00 00 00 15                                    .....           	
[20/02/2026 16:06:35] Read data (COM4)	
    50 00 81 44 08 00 00 00 01 14 1a 02 14 10 00 12   P.ÅD............	
    c4 94 98 00 00 00 00 00 00 00 00 00 00 00 00 00   ƒîò.............	
    00 00 00 00 74                                    ....t           	
[20/02/2026 16:06:36] Written data (COM4)	
    50 00 81 64 00 00 00 00 00 00 00 00 00 00 00 00   P.Åd............	
    00 00 00 00 00 00 00 00 00 00 00 00 00 00 00 00   ................	
    00 00 00 00 35                                    ....5           	
[20/02/2026 16:06:36] Read data (COM4)	
    50 00 81 64 00 00 80 00 00 00 00 00 00 00 00 00   P.Åd..Ä.........	
    00 00 00 00 00 00 00 00 00 00 00 00 00 00 00 00   ................	
    00 00 00 00 b5                                    ....µ           	
[20/02/2026 16:06:36] Written data (COM4)	
    50 00 81 84 00 00 00 00 00 00 00 00 00 00 00 00   P.ÅÑ............	
    00 00 00 00 00 00 00 00 00 00 00 00 00 00 00 00   ................	
    00 00 00 00 55                                    ....U           	
[20/02/2026 16:06:36] Read data (COM4)	
    50 00 81 84 00 00 00 00 00 00 00 00 00 00 00 00   P.ÅÑ............	
    00 00 00 00 00 08 0b 04 00 00 00 09 00 00 00 00   ................	
    09 00 00 00 7e                                    ....~           	
[20/02/2026 16:06:36] Written data (COM4)	
    50 00 81 95 00 00 00 00 00 00 00 00 00 00 00 00   P.Åï............	
    00 00 00 00 00 00 00 00 00 00 00 00 00 00 00 00   ................	
    00 00 00 00 66                                    ....f           	
[20/02/2026 16:06:36] Read data (COM4)	
    50 00 81 95 08 0b 04 00 00 00 09 00 00 00 00 09   P.Åï............	
    00 00 00 00 09 00 00 00 04 9d 02 97 02 9d 02 9c   .........ù.ó.ù.ú	
    02 9c 02 9c 4b                                    .ú.úK           	
[20/02/2026 16:06:36] Written data (COM4)	
    50 00 81 44 00 00 00 00 00 00 00 00 00 00 00 00   P.ÅD............	
    00 00 00 00 00 00 00 00 00 00 00 00 00 00 00 00   ................	
    00 00 00 00 15                                    .....           	
[20/02/2026 16:06:36] Read data (COM4)	
    50 00 81 44 08 00 00 00 01 14 1a 02 14 10 00 13   P.ÅD............	
    c5 94 98 00 00 00 00 00 00 00 00 00 00 00 00 00   ≈îò.............	
    00 00 00 00 76                                    ....v           	
[20/02/2026 16:06:36] Written data (COM4)	
    50 00 81 64 00 00 00 00 00 00 00 00 00 00 00 00   P.Åd............	
    00 00 00 00 00 00 00 00 00 00 00 00 00 00 00 00   ................	
    00 00 00 00 35                                    ....5           	
[20/02/2026 16:06:36] Read data (COM4)	
    50 00 81 64 00 00 80 00 00 00 00 00 00 00 00 00   P.Åd..Ä.........	
    00 00 00 00 00 00 00 00 00 00 00 00 00 00 00 00   ................	
    00 00 00 00 b5                                    ....µ           	
[20/02/2026 16:06:37] Written data (COM4)	
    50 00 81 84 00 00 00 00 00 00 00 00 00 00 00 00   P.ÅÑ............	
    00 00 00 00 00 00 00 00 00 00 00 00 00 00 00 00   ................	
    00 00 00 00 55                                    ....U           	
[20/02/2026 16:06:37] Read data (COM4)	
    50 00 81 84 00 00 00 00 00 00 00 00 00 00 00 00   P.ÅÑ............	
    00 00 00 00 00 08 0b 04 00 00 00 09 00 00 00 00   ................	
    09 00 00 00 7e                                    ....~           	
[20/02/2026 16:06:37] Written data (COM4)	
    50 00 81 95 00 00 00 00 00 00 00 00 00 00 00 00   P.Åï............	
    00 00 00 00 00 00 00 00 00 00 00 00 00 00 00 00   ................	
    00 00 00 00 66                                    ....f           	
[20/02/2026 16:06:37] Read data (COM4)	
    50 00 81 95 08 0b 04 00 00 00 09 00 00 00 00 09   P.Åï............	
    00 00 00 00 09 00 00 00 04 9d 02 97 02 9d 02 9c   .........ù.ó.ù.ú	
    02 9c 02 9c 4b                                    .ú.úK           	
[20/02/2026 16:06:37] Written data (COM4)	
    50 00 81 44 00 00 00 00 00 00 00 00 00 00 00 00   P.ÅD............	
    00 00 00 00 00 00 00 00 00 00 00 00 00 00 00 00   ................	
    00 00 00 00 15                                    .....           	
[20/02/2026 16:06:37] Read data (COM4)	
    50 00 81 44 08 00 00 00 01 14 1a 02 14 10 00 14   P.ÅD............	
    c5 94 98 00 00 00 00 00 00 00 00 00 00 00 00 00   ≈îò.............	
    00 00 00 00 77                                    ....w           	
[20/02/2026 16:06:37] Written data (COM4)	
    50 00 81 64 00 00 00 00 00 00 00 00 00 00 00 00   P.Åd............	
    00 00 00 00 00 00 00 00 00 00 00 00 00 00 00 00   ................	
    00 00 00 00 35                                    ....5           	
[20/02/2026 16:06:37] Read data (COM4)	
    50 00 81 64 00 00 80 00 00 00 00 00 00 00 00 00   P.Åd..Ä.........	
    00 00 00 00 00 00 00 00 00 00 00 00 00 00 00 00   ................	
    00 00 00 00 b5                                    ....µ           	
[20/02/2026 16:06:37] Written data (COM4)	
    50 00 81 84 00 00 00 00 00 00 00 00 00 00 00 00   P.ÅÑ............	
    00 00 00 00 00 00 00 00 00 00 00 00 00 00 00 00   ................	
    00 00 00 00 55                                    ....U           	
[20/02/2026 16:06:37] Read data (COM4)	
    50 00 81 84 00 00 00 00 00 00 00 00 00 00 00 00   P.ÅÑ............	
    00 00 00 00 00 08 0b 04 00 00 00 09 00 00 00 00   ................	
    09 00 00 00 7e                                    ....~           	
[20/02/2026 16:06:38] Written data (COM4)	
    50 00 81 95 00 00 00 00 00 00 00 00 00 00 00 00   P.Åï............	
    00 00 00 00 00 00 00 00 00 00 00 00 00 00 00 00   ................	
    00 00 00 00 66                                    ....f           	
[20/02/2026 16:06:38] Read data (COM4)	
    50 00 81 95 08 0b 04 00 00 00 09 00 00 00 00 09   P.Åï............	
    00 00 00 00 09 00 00 00 04 9d 02 97 02 9d 02 9c   .........ù.ó.ù.ú	
    02 9c 02 9c 4b                                    .ú.úK           	
[20/02/2026 16:06:38] Written data (COM4)	
    50 00 81 44 00 00 00 00 00 00 00 00 00 00 00 00   P.ÅD............	
    00 00 00 00 00 00 00 00 00 00 00 00 00 00 00 00   ................	
    00 00 00 00 15                                    .....           	
[20/02/2026 16:06:38] Read data (COM4)	
    50 00 81 44 08 00 00 00 01 14 1a 02 14 10 00 15   P.ÅD............	
    c5 94 98 00 00 00 00 00 00 00 00 00 00 00 00 00   ≈îò.............	
    00 00 00 00 78                                    ....x           	
[20/02/2026 16:06:38] Written data (COM4)	
    50 00 81 64 00 00 00 00 00 00 00 00 00 00 00 00   P.Åd............	
    00 00 00 00 00 00 00 00 00 00 00 00 00 00 00 00   ................	
    00 00 00 00 35                                    ....5           	
[20/02/2026 16:06:38] Read data (COM4)	
    50 00 81 64 00 00 80 00 00 00 00 00 00 00 00 00   P.Åd..Ä.........	
    00 00 00 00 00 00 00 00 00 00 00 00 00 00 00 00   ................	
    00 00 00 00 b5                                    ....µ           	
[20/02/2026 16:06:38] Written data (COM4)	
    50 00 81 84 00 00 00 00 00 00 00 00 00 00 00 00   P.ÅÑ............	
    00 00 00 00 00 00 00 00 00 00 00 00 00 00 00 00   ................	
    00 00 00 00 55                                    ....U           	
[20/02/2026 16:06:38] Read data (COM4)	
    50 00 81 84 00 00 00 00 00 00 00 00 00 00 00 00   P.ÅÑ............	
    00 00 00 00 00 08 0b 04 00 00 00 09 00 00 00 00   ................	
    09 00 00 00 7e                                    ....~           	
[20/02/2026 16:06:38] Written data (COM4)	
    50 00 81 95 00 00 00 00 00 00 00 00 00 00 00 00   P.Åï............	
    00 00 00 00 00 00 00 00 00 00 00 00 00 00 00 00   ................	
    00 00 00 00 66                                    ....f           	
[20/02/2026 16:06:38] Read data (COM4)	
    50 00 81 95 08 0b 04 00 00 00 09 00 00 00 00 09   P.Åï............	
    00 00 00 00 09 00 00 00 04 9d 02 97 02 9d 02 9c   .........ù.ó.ù.ú	
    02 9c 02 9c 4b                                    .ú.úK           	
[20/02/2026 16:06:39] Written data (COM4)	
    50 00 81 44 00 00 00 00 00 00 00 00 00 00 00 00   P.ÅD............	
    00 00 00 00 00 00 00 00 00 00 00 00 00 00 00 00   ................	
    00 00 00 00 15                                    .....           	
[20/02/2026 16:06:39] Read data (COM4)	
    50 00 81 44 08 00 00 00 01 14 1a 02 14 10 00 16   P.ÅD............	
    c5 94 98 00 00 00 00 00 00 00 00 00 00 00 00 00   ≈îò.............	
    00 00 00 00 79                                    ....y           	
[20/02/2026 16:06:39] Written data (COM4)	
    50 00 81 64 00 00 00 00 00 00 00 00 00 00 00 00   P.Åd............	
    00 00 00 00 00 00 00 00 00 00 00 00 00 00 00 00   ................	
    00 00 00 00 35                                    ....5           	
[20/02/2026 16:06:39] Read data (COM4)	
    50 00 81 64 00 00 80 00 00 00 00 00 00 00 00 00   P.Åd..Ä.........	
    00 00 00 00 00 00 00 00 00 00 00 00 00 00 00 00   ................	
    00 00 00 00 b5                                    ....µ           	
[20/02/2026 16:06:39] Written data (COM4)	
    50 00 81 84 00 00 00 00 00 00 00 00 00 00 00 00   P.ÅÑ............	
    00 00 00 00 00 00 00 00 00 00 00 00 00 00 00 00   ................	
    00 00 00 00 55                                    ....U           	
[20/02/2026 16:06:39] Read data (COM4)	
    50 00 81 84 00 00 00 00 00 00 00 00 00 00 00 00   P.ÅÑ............	
    00 00 00 00 00 08 0b 04 00 00 00 09 00 00 00 00   ................	
    09 00 00 00 7e                                    ....~           	
[20/02/2026 16:06:39] Written data (COM4)	
    50 00 81 95 00 00 00 00 00 00 00 00 00 00 00 00   P.Åï............	
    00 00 00 00 00 00 00 00 00 00 00 00 00 00 00 00   ................	
    00 00 00 00 66                                    ....f           	
[20/02/2026 16:06:39] Read data (COM4)	
    50 00 81 95 08 0b 04 00 00 00 09 00 00 00 00 09   P.Åï............	
    00 00 00 00 09 00 00 00 04 9d 02 97 02 9d 02 9c   .........ù.ó.ù.ú	
    02 9c 02 9c 4b                                    .ú.úK           	
[20/02/2026 16:06:39] Written data (COM4)	
    50 00 81 44 00 00 00 00 00 00 00 00 00 00 00 00   P.ÅD............	
    00 00 00 00 00 00 00 00 00 00 00 00 00 00 00 00   ................	
    00 00 00 00 15                                    .....           	
[20/02/2026 16:06:39] Read data (COM4)	
    50 00 81 44 08 00 00 00 01 14 1a 02 14 10 00 16   P.ÅD............	
    c5 94 97 00 00 00 00 00 00 00 00 00 00 00 00 00   ≈îó.............	
    00 00 00 00 78                                    ....x           	
[20/02/2026 16:06:40] Written data (COM4)	
    50 00 81 64 00 00 00 00 00 00 00 00 00 00 00 00   P.Åd............	
    00 00 00 00 00 00 00 00 00 00 00 00 00 00 00 00   ................	
    00 00 00 00 35                                    ....5           	
[20/02/2026 16:06:40] Read data (COM4)	
    50 00 81 64 00 00 80 00 00 00 00 00 00 00 00 00   P.Åd..Ä.........	
    00 00 00 00 00 00 00 00 00 00 00 00 00 00 00 00   ................	
    00 00 00 00 b5                                    ....µ           	
[20/02/2026 16:06:40] Written data (COM4)	
    50 00 81 84 00 00 00 00 00 00 00 00 00 00 00 00   P.ÅÑ............	
    00 00 00 00 00 00 00 00 00 00 00 00 00 00 00 00   ................	
    00 00 00 00 55                                    ....U           	
[20/02/2026 16:06:40] Read data (COM4)	
    50 00 81 84 00 00 00 00 00 00 00 00 00 00 00 00   P.ÅÑ............	
    00 00 00 00 00 08 0b 04 00 00 00 09 00 00 00 00   ................	
    09 00 00 00 7e                                    ....~           	
[20/02/2026 16:06:40] Written data (COM4)	
    50 00 81 95 00 00 00 00 00 00 00 00 00 00 00 00   P.Åï............	
    00 00 00 00 00 00 00 00 00 00 00 00 00 00 00 00   ................	
    00 00 00 00 66                                    ....f           	
[20/02/2026 16:06:40] Read data (COM4)	
    50 00 81 95 08 0b 04 00 00 00 09 00 00 00 00 09   P.Åï............	
    00 00 00 00 09 00 00 00 04 9d 02 97 02 9d 02 9c   .........ù.ó.ù.ú	
    02 9c 02 9c 4b                                    .ú.úK           	
[20/02/2026 16:06:40] Written data (COM4)	
    50 00 81 44 00 00 00 00 00 00 00 00 00 00 00 00   P.ÅD............	
    00 00 00 00 00 00 00 00 00 00 00 00 00 00 00 00   ................	
    00 00 00 00 15                                    .....           	
[20/02/2026 16:06:40] Read data (COM4)	
    50 00 81 44 08 00 00 00 01 14 1a 02 14 10 00 17   P.ÅD............	
    c4 94 98 00 00 00 00 00 00 00 00 00 00 00 00 00   ƒîò.............	
    00 00 00 00 79                                    ....y           	
[20/02/2026 16:06:40] Written data (COM4)	
    50 00 81 64 00 00 00 00 00 00 00 00 00 00 00 00   P.Åd............	
    00 00 00 00 00 00 00 00 00 00 00 00 00 00 00 00   ................	
    00 00 00 00 35                                    ....5           	
[20/02/2026 16:06:41] Read data (COM4)	
    50 00 81 64 00 00 80 00 00 00 00 00 00 00 00 00   P.Åd..Ä.........	
    00 00 00 00 00 00 00 00 00 00 00 00 00 00 00 00   ................	
    00 00 00 00 b5                                    ....µ           	
[20/02/2026 16:06:41] Written data (COM4)	
    50 00 81 84 00 00 00 00 00 00 00 00 00 00 00 00   P.ÅÑ............	
    00 00 00 00 00 00 00 00 00 00 00 00 00 00 00 00   ................	
    00 00 00 00 55                                    ....U           	
[20/02/2026 16:06:41] Read data (COM4)	
    50 00 81 84 00 00 00 00 00 00 00 00 00 00 00 00   P.ÅÑ............	
    00 00 00 00 00 08 0b 04 00 00 00 09 00 00 00 00   ................	
    09 00 00 00 7e                                    ....~           	
[20/02/2026 16:06:41] Written data (COM4)	
    50 00 81 95 00 00 00 00 00 00 00 00 00 00 00 00   P.Åï............	
    00 00 00 00 00 00 00 00 00 00 00 00 00 00 00 00   ................	
    00 00 00 00 66                                    ....f           	
[20/02/2026 16:06:41] Read data (COM4)	
    50 00 81 95 08 0b 04 00 00 00 09 00 00 00 00 09   P.Åï............	
    00 00 00 00 09 00 00 00 04 9d 02 97 02 9d 02 9c   .........ù.ó.ù.ú	
    02 9c 02 9c 4b                                    .ú.úK           	
[20/02/2026 16:06:41] Written data (COM4)	
    50 00 81 44 00 00 00 00 00 00 00 00 00 00 00 00   P.ÅD............	
    00 00 00 00 00 00 00 00 00 00 00 00 00 00 00 00   ................	
    00 00 00 00 15                                    .....           	
[20/02/2026 16:06:41] Read data (COM4)	
    50 00 81 44 08 00 00 00 01 14 1a 02 14 10 00 18   P.ÅD............	
    c4 94 98 00 00 00 00 00 00 00 00 00 00 00 00 00   ƒîò.............	
    00 00 00 00 7a                                    ....z           	
[20/02/2026 16:06:41] Written data (COM4)	
    50 00 81 64 00 00 00 00 00 00 00 00 00 00 00 00   P.Åd............	
    00 00 00 00 00 00 00 00 00 00 00 00 00 00 00 00   ................	
    00 00 00 00 35                                    ....5           	
[20/02/2026 16:06:41] Read data (COM4)	
    50 00 81 64 00 00 80 00 00 00 00 00 00 00 00 00   P.Åd..Ä.........	
    00 00 00 00 00 00 00 00 00 00 00 00 00 00 00 00   ................	
    00 00 00 00 b5                                    ....µ           	
[20/02/2026 16:06:42] Written data (COM4)	
    50 00 81 84 00 00 00 00 00 00 00 00 00 00 00 00   P.ÅÑ............	
    00 00 00 00 00 00 00 00 00 00 00 00 00 00 00 00   ................	
    00 00 00 00 55                                    ....U           	
[20/02/2026 16:06:42] Read data (COM4)	
    50 00 81 84 00 00 00 00 00 00 00 00 00 00 00 00   P.ÅÑ............	
    00 00 00 00 00 08 0b 04 00 00 00 09 00 00 00 00   ................	
    09 00 00 00 7e                                    ....~           	
[20/02/2026 16:06:42] Written data (COM4)	
    50 00 81 95 00 00 00 00 00 00 00 00 00 00 00 00   P.Åï............	
    00 00 00 00 00 00 00 00 00 00 00 00 00 00 00 00   ................	
    00 00 00 00 66                                    ....f           	
[20/02/2026 16:06:42] Read data (COM4)	
    50 00 81 95 08 0b 04 00 00 00 09 00 00 00 00 09   P.Åï............	
    00 00 00 00 09 00 00 00 04 9d 02 97 02 9d 02 9c   .........ù.ó.ù.ú	
    02 9c 02 9c 4b                                    .ú.úK           	
[20/02/2026 16:06:42] Written data (COM4)	
    50 00 81 44 00 00 00 00 00 00 00 00 00 00 00 00   P.ÅD............	
    00 00 00 00 00 00 00 00 00 00 00 00 00 00 00 00   ................	
    00 00 00 00 15                                    .....           	
[20/02/2026 16:06:42] Read data (COM4)	
    50 00 81 44 08 00 00 00 01 14 1a 02 14 10 00 19   P.ÅD............	
    c5 94 98 00 00 00 00 00 00 00 00 00 00 00 00 00   ≈îò.............	
    00 00 00 00 7c                                    ....|           	
[20/02/2026 16:06:42] Written data (COM4)	
    50 00 81 64 00 00 00 00 00 00 00 00 00 00 00 00   P.Åd............	
    00 00 00 00 00 00 00 00 00 00 00 00 00 00 00 00   ................	
    00 00 00 00 35                                    ....5           	
[20/02/2026 16:06:42] Read data (COM4)	
    50 00 81 64 00 00 80 00 00 00 00 00 00 00 00 00   P.Åd..Ä.........	
    00 00 00 00 00 00 00 00 00 00 00 00 00 00 00 00   ................	
    00 00 00 00 b5                                    ....µ           	
[20/02/2026 16:06:42] Written data (COM4)	
    50 00 81 84 00 00 00 00 00 00 00 00 00 00 00 00   P.ÅÑ............	
    00 00 00 00 00 00 00 00 00 00 00 00 00 00 00 00   ................	
    00 00 00 00 55                                    ....U           	
[20/02/2026 16:06:42] Read data (COM4)	
    50 00 81 84 00 00 00 00 00 00 00 00 00 00 00 00   P.ÅÑ............	
    00 00 00 00 00 08 0b 04 00 00 00 09 00 00 00 00   ................	
    09 00 00 00 7e                                    ....~           	
[20/02/2026 16:06:43] Written data (COM4)	
    50 00 81 95 00 00 00 00 00 00 00 00 00 00 00 00   P.Åï............	
    00 00 00 00 00 00 00 00 00 00 00 00 00 00 00 00   ................	
    00 00 00 00 66                                    ....f           	
[20/02/2026 16:06:43] Read data (COM4)	
    50 00 81 95 08 0b 04 00 00 00 09 00 00 00 00 09   P.Åï............	
    00 00 00 00 09 00 00 00 04 9d 02 97 02 9d 02 9c   .........ù.ó.ù.ú	
    02 9c 02 9c 4b                                    .ú.úK           	
[20/02/2026 16:06:43] Written data (COM4)	
    50 00 81 44 00 00 00 00 00 00 00 00 00 00 00 00   P.ÅD............	
    00 00 00 00 00 00 00 00 00 00 00 00 00 00 00 00   ................	
    00 00 00 00 15                                    .....           	
[20/02/2026 16:06:43] Read data (COM4)	
    50 00 81 44 08 00 00 00 01 14 1a 02 14 10 00 1a   P.ÅD............	
    c5 94 98 00 00 00 00 00 00 00 00 00 00 00 00 00   ≈îò.............	
    00 00 00 00 7d                                    ....}           	
[20/02/2026 16:06:43] Written data (COM4)	
    50 00 81 64 00 00 00 00 00 00 00 00 00 00 00 00   P.Åd............	
    00 00 00 00 00 00 00 00 00 00 00 00 00 00 00 00   ................	
    00 00 00 00 35                                    ....5           	
[20/02/2026 16:06:43] Read data (COM4)	
    50 00 81 64 00 00 80 00 00 00 00 00 00 00 00 00   P.Åd..Ä.........	
    00 00 00 00 00 00 00 00 00 00 00 00 00 00 00 00   ................	
    00 00 00 00 b5                                    ....µ           	
[20/02/2026 16:06:43] Written data (COM4)	
    50 00 81 84 00 00 00 00 00 00 00 00 00 00 00 00   P.ÅÑ............	
    00 00 00 00 00 00 00 00 00 00 00 00 00 00 00 00   ................	
    00 00 00 00 55                                    ....U           	
[20/02/2026 16:06:43] Read data (COM4)	
    50 00 81 84 00 00 00 00 00 00 00 00 00 00 00 00   P.ÅÑ............	
    00 00 00 00 00 08 0b 04 00 00 00 09 00 00 00 00   ................	
    09 00 00 00 7e                                    ....~           	
[20/02/2026 16:06:43] Written data (COM4)	
    50 00 81 95 00 00 00 00 00 00 00 00 00 00 00 00   P.Åï............	
    00 00 00 00 00 00 00 00 00 00 00 00 00 00 00 00   ................	
    00 00 00 00 66                                    ....f           	
[20/02/2026 16:06:43] Read data (COM4)	
    50 00 81 95 08 0b 04 00 00 00 09 00 00 00 00 09   P.Åï............	
    00 00 00 00 09 00 00 00 04 9d 02 97 02 9d 02 9c   .........ù.ó.ù.ú	
    02 9c 02 9c 4b                                    .ú.úK           	
[20/02/2026 16:06:44] Written data (COM4)	
    50 00 81 44 00 00 00 00 00 00 00 00 00 00 00 00   P.ÅD............	
    00 00 00 00 00 00 00 00 00 00 00 00 00 00 00 00   ................	
    00 00 00 00 15                                    .....           	
[20/02/2026 16:06:44] Read data (COM4)	
    50 00 81 44 08 00 00 00 01 14 1a 02 14 10 00 1b   P.ÅD............	
    c5 94 98 00 00 00 00 00 00 00 00 00 00 00 00 00   ≈îò.............	
    00 00 00 00 7e                                    ....~           	
[20/02/2026 16:06:44] Written data (COM4)	
    50 00 81 64 00 00 00 00 00 00 00 00 00 00 00 00   P.Åd............	
    00 00 00 00 00 00 00 00 00 00 00 00 00 00 00 00   ................	
    00 00 00 00 35                                    ....5           	
[20/02/2026 16:06:44] Read data (COM4)	
    50 00 81 64 00 00 80 00 00 00 00 00 00 00 00 00   P.Åd..Ä.........	
    00 00 00 00 00 00 00 00 00 00 00 00 00 00 00 00   ................	
    00 00 00 00 b5                                    ....µ           	
[20/02/2026 16:06:44] Written data (COM4)	
    50 00 81 84 00 00 00 00 00 00 00 00 00 00 00 00   P.ÅÑ............	
    00 00 00 00 00 00 00 00 00 00 00 00 00 00 00 00   ................	
    00 00 00 00 55                                    ....U           	
[20/02/2026 16:06:44] Read data (COM4)	
    50 00 81 84 00 00 00 00 00 00 00 00 00 00 00 00   P.ÅÑ............	
    00 00 00 00 00 08 0b 04 00 00 00 09 00 00 00 00   ................	
    09 00 00 00 7e                                    ....~           	
[20/02/2026 16:06:44] Written data (COM4)	
    50 00 81 95 00 00 00 00 00 00 00 00 00 00 00 00   P.Åï............	
    00 00 00 00 00 00 00 00 00 00 00 00 00 00 00 00   ................	
    00 00 00 00 66                                    ....f           	
[20/02/2026 16:06:44] Read data (COM4)	
    50 00 81 95 08 0b 04 00 00 00 09 00 00 00 00 09   P.Åï............	
    00 00 00 00 09 00 00 00 04 9d 02 97 02 9d 02 9c   .........ù.ó.ù.ú	
    02 9c 02 9c 4b                                    .ú.úK           	
[20/02/2026 16:06:44] Written data (COM4)	
    50 00 81 44 00 00 00 00 00 00 00 00 00 00 00 00   P.ÅD............	
    00 00 00 00 00 00 00 00 00 00 00 00 00 00 00 00   ................	
    00 00 00 00 15                                    .....           	
[20/02/2026 16:06:44] Read data (COM4)	
    50 00 81 44 08 00 00 00 01 14 1a 02 14 10 00 1b   P.ÅD............	
    c5 94 98 00 00 00 00 00 00 00 00 00 00 00 00 00   ≈îò.............	
    00 00 00 00 7e                                    ....~           	
[20/02/2026 16:06:45] Written data (COM4)	
    50 00 81 64 00 00 00 00 00 00 00 00 00 00 00 00   P.Åd............	
    00 00 00 00 00 00 00 00 00 00 00 00 00 00 00 00   ................	
    00 00 00 00 35                                    ....5           	
[20/02/2026 16:06:45] Read data (COM4)	
    50 00 81 64 00 00 80 00 00 00 00 00 00 00 00 00   P.Åd..Ä.........	
    00 00 00 00 00 00 00 00 00 00 00 00 00 00 00 00   ................	
    00 00 00 00 b5                                    ....µ           	
[20/02/2026 16:06:45] Written data (COM4)	
    50 00 81 84 00 00 00 00 00 00 00 00 00 00 00 00   P.ÅÑ............	
    00 00 00 00 00 00 00 00 00 00 00 00 00 00 00 00   ................	
    00 00 00 00 55                                    ....U           	
[20/02/2026 16:06:45] Read data (COM4)	
    50 00 81 84 00 00 00 00 00 00 00 00 00 00 00 00   P.ÅÑ............	
    00 00 00 00 00 08 0b 04 00 00 00 09 00 00 00 00   ................	
    09 00 00 00 7e                                    ....~           	
[20/02/2026 16:06:45] Written data (COM4)	
    50 00 81 95 00 00 00 00 00 00 00 00 00 00 00 00   P.Åï............	
    00 00 00 00 00 00 00 00 00 00 00 00 00 00 00 00   ................	
    00 00 00 00 66                                    ....f           	
[20/02/2026 16:06:45] Read data (COM4)	
    50 00 81 95 08 0b 04 00 00 00 09 00 00 00 00 09   P.Åï............	
    00 00 00 00 09 00 00 00 04 9d 02 97 02 9d 02 9c   .........ù.ó.ù.ú	
    02 9c 02 9c 4b                                    .ú.úK           	
[20/02/2026 16:06:45] Written data (COM4)	
    50 00 81 44 00 00 00 00 00 00 00 00 00 00 00 00   P.ÅD............	
    00 00 00 00 00 00 00 00 00 00 00 00 00 00 00 00   ................	
    00 00 00 00 15                                    .....           	
[20/02/2026 16:06:45] Read data (COM4)	
    50 00 81 44 08 00 00 00 01 14 1a 02 14 10 00 1c   P.ÅD............	
    c5 94 98 00 00 00 00 00 00 00 00 00 00 00 00 00   ≈îò.............	
    00 00 00 00 7f                                    ....           	
[20/02/2026 16:06:45] Written data (COM4)	
    50 00 81 64 00 00 00 00 00 00 00 00 00 00 00 00   P.Åd............	
    00 00 00 00 00 00 00 00 00 00 00 00 00 00 00 00   ................	
    00 00 00 00 35                                    ....5           	
[20/02/2026 16:06:46] Read data (COM4)	
    50 00 81 64 00 00 80 00 00 00 00 00 00 00 00 00   P.Åd..Ä.........	
    00 00 00 00 00 00 00 00 00 00 00 00 00 00 00 00   ................	
    00 00 00 00 b5                                    ....µ           	
[20/02/2026 16:06:46] Written data (COM4)	
    50 00 81 84 00 00 00 00 00 00 00 00 00 00 00 00   P.ÅÑ............	
    00 00 00 00 00 00 00 00 00 00 00 00 00 00 00 00   ................	
    00 00 00 00 55                                    ....U           	
[20/02/2026 16:06:46] Read data (COM4)	
    50 00 81 84 00 00 00 00 00 00 00 00 00 00 00 00   P.ÅÑ............	
    00 00 00 00 00 08 0b 04 00 00 00 09 00 00 00 00   ................	
    09 00 00 00 7e                                    ....~           	
[20/02/2026 16:06:46] Written data (COM4)	
    50 00 81 95 00 00 00 00 00 00 00 00 00 00 00 00   P.Åï............	
    00 00 00 00 00 00 00 00 00 00 00 00 00 00 00 00   ................	
    00 00 00 00 66                                    ....f           	
[20/02/2026 16:06:46] Read data (COM4)	
    50 00 81 95 08 0b 04 00 00 00 09 00 00 00 00 09   P.Åï............	
    00 00 00 00 09 00 00 00 04 9d 02 97 02 9d 02 9c   .........ù.ó.ù.ú	
    02 9c 02 9c 4b                                    .ú.úK           	
[20/02/2026 16:06:46] Written data (COM4)	
    50 00 81 44 00 00 00 00 00 00 00 00 00 00 00 00   P.ÅD............	
    00 00 00 00 00 00 00 00 00 00 00 00 00 00 00 00   ................	
    00 00 00 00 15                                    .....           	
[20/02/2026 16:06:46] Read data (COM4)	
    50 00 81 44 08 00 00 00 01 14 1a 02 14 10 00 1d   P.ÅD............	
    c4 94 98 00 00 00 00 00 00 00 00 00 00 00 00 00   ƒîò.............	
    00 00 00 00 7f                                    ....           	
[20/02/2026 16:06:46] Written data (COM4)	
    50 00 81 64 00 00 00 00 00 00 00 00 00 00 00 00   P.Åd............	
    00 00 00 00 00 00 00 00 00 00 00 00 00 00 00 00   ................	
    00 00 00 00 35                                    ....5           	
[20/02/2026 16:06:46] Read data (COM4)	
    50 00 81 64 00 00 80 00 00 00 00 00 00 00 00 00   P.Åd..Ä.........	
    00 00 00 00 00 00 00 00 00 00 00 00 00 00 00 00   ................	
    00 00 00 00 b5                                    ....µ           	
[20/02/2026 16:06:47] Written data (COM4)	
    50 00 81 84 00 00 00 00 00 00 00 00 00 00 00 00   P.ÅÑ............	
    00 00 00 00 00 00 00 00 00 00 00 00 00 00 00 00   ................	
    00 00 00 00 55                                    ....U           	
[20/02/2026 16:06:47] Read data (COM4)	
    50 00 81 84 00 00 00 00 00 00 00 00 00 00 00 00   P.ÅÑ............	
    00 00 00 00 00 08 0b 04 00 00 00 09 00 00 00 00   ................	
    09 00 00 00 7e                                    ....~           	
[20/02/2026 16:06:47] Written data (COM4)	
    50 00 81 95 00 00 00 00 00 00 00 00 00 00 00 00   P.Åï............	
    00 00 00 00 00 00 00 00 00 00 00 00 00 00 00 00   ................	
    00 00 00 00 66                                    ....f           	
[20/02/2026 16:06:47] Read data (COM4)	
    50 00 81 95 08 0b 04 00 00 00 09 00 00 00 00 09   P.Åï............	
    00 00 00 00 09 00 00 00 04 9d 02 97 02 9d 02 9c   .........ù.ó.ù.ú	
    02 9c 02 9c 4b                                    .ú.úK           	
[20/02/2026 16:06:47] Written data (COM4)	
    50 00 81 44 00 00 00 00 00 00 00 00 00 00 00 00   P.ÅD............	
    00 00 00 00 00 00 00 00 00 00 00 00 00 00 00 00   ................	
    00 00 00 00 15                                    .....           	
[20/02/2026 16:06:47] Read data (COM4)	
    50 00 81 44 08 00 00 00 01 14 1a 02 14 10 00 1e   P.ÅD............	
    c5 94 98 00 00 00 00 00 00 00 00 00 00 00 00 00   ≈îò.............	
    00 00 00 00 81                                    ....Å           	
[20/02/2026 16:06:47] Written data (COM4)	
    50 00 81 64 00 00 00 00 00 00 00 00 00 00 00 00   P.Åd............	
    00 00 00 00 00 00 00 00 00 00 00 00 00 00 00 00   ................	
    00 00 00 00 35                                    ....5           	
[20/02/2026 16:06:47] Read data (COM4)	
    50 00 81 64 00 00 80 00 00 00 00 00 00 00 00 00   P.Åd..Ä.........	
    00 00 00 00 00 00 00 00 00 00 00 00 00 00 00 00   ................	
    00 00 00 00 b5                                    ....µ           	
[20/02/2026 16:06:47] Written data (COM4)	
    50 00 81 84 00 00 00 00 00 00 00 00 00 00 00 00   P.ÅÑ............	
    00 00 00 00 00 00 00 00 00 00 00 00 00 00 00 00   ................	
    00 00 00 00 55                                    ....U           	
[20/02/2026 16:06:47] Read data (COM4)	
    50 00 81 84 00 00 00 00 00 00 00 00 00 00 00 00   P.ÅÑ............	
    00 00 00 00 00 08 0b 04 00 00 00 09 00 00 00 00   ................	
    09 00 00 00 7e                                    ....~           	
[20/02/2026 16:06:48] Written data (COM4)	
    50 00 81 95 00 00 00 00 00 00 00 00 00 00 00 00   P.Åï............	
    00 00 00 00 00 00 00 00 00 00 00 00 00 00 00 00   ................	
    00 00 00 00 66                                    ....f           	
[20/02/2026 16:06:48] Read data (COM4)	
    50 00 81 95 08 0b 04 00 00 00 09 00 00 00 00 09   P.Åï............	
    00 00 00 00 09 00 00 00 04 9d 02 97 02 9d 02 9c   .........ù.ó.ù.ú	
    02 9c 02 9c 4b                                    .ú.úK           	
[20/02/2026 16:06:48] Written data (COM4)	
    50 00 81 44 00 00 00 00 00 00 00 00 00 00 00 00   P.ÅD............	
    00 00 00 00 00 00 00 00 00 00 00 00 00 00 00 00   ................	
    00 00 00 00 15                                    .....           	
[20/02/2026 16:06:48] Read data (COM4)	
    50 00 81 44 08 00 00 00 01 14 1a 02 14 10 00 1f   P.ÅD............	
    c5 94 98 00 00 00 00 00 00 00 00 00 00 00 00 00   ≈îò.............	
    00 00 00 00 82                                    ....Ç           	
[20/02/2026 16:06:48] Written data (COM4)	
    50 00 81 64 00 00 00 00 00 00 00 00 00 00 00 00   P.Åd............	
    00 00 00 00 00 00 00 00 00 00 00 00 00 00 00 00   ................	
    00 00 00 00 35                                    ....5           	
[20/02/2026 16:06:48] Read data (COM4)	
    50 00 81 64 00 00 80 00 00 00 00 00 00 00 00 00   P.Åd..Ä.........	
    00 00 00 00 00 00 00 00 00 00 00 00 00 00 00 00   ................	
    00 00 00 00 b5                                    ....µ           	
[20/02/2026 16:06:48] Written data (COM4)	
    50 00 81 84 00 00 00 00 00 00 00 00 00 00 00 00   P.ÅÑ............	
    00 00 00 00 00 00 00 00 00 00 00 00 00 00 00 00   ................	
    00 00 00 00 55                                    ....U           	
[20/02/2026 16:06:48] Read data (COM4)	
    50 00 81 84 00 00 00 00 00 00 00 00 00 00 00 00   P.ÅÑ............	
    00 00 00 00 00 08 0b 04 00 00 00 09 00 00 00 00   ................	
    09 00 00 00 7e                                    ....~           	
[20/02/2026 16:06:48] Written data (COM4)	
    50 00 81 95 00 00 00 00 00 00 00 00 00 00 00 00   P.Åï............	
    00 00 00 00 00 00 00 00 00 00 00 00 00 00 00 00   ................	
    00 00 00 00 66                                    ....f           	
[20/02/2026 16:06:48] Read data (COM4)	
    50 00 81 95 08 0b 04 00 00 00 09 00 00 00 00 09   P.Åï............	
    00 00 00 00 09 00 00 00 04 9d 02 97 02 9d 02 9c   .........ù.ó.ù.ú	
    02 9c 02 9c 4b                                    .ú.úK           	
[20/02/2026 16:06:49] Written data (COM4)	
    50 00 81 44 00 00 00 00 00 00 00 00 00 00 00 00   P.ÅD............	
    00 00 00 00 00 00 00 00 00 00 00 00 00 00 00 00   ................	
    00 00 00 00 15                                    .....           	
[20/02/2026 16:06:49] Read data (COM4)	
    50 00 81 44 08 00 00 00 01 14 1a 02 14 10 00 20   P.ÅD........... 	
    c5 94 98 00 00 00 00 00 00 00 00 00 00 00 00 00   ≈îò.............	
    00 00 00 00 83                                    ....É           	
[20/02/2026 16:06:49] Written data (COM4)	
    50 00 81 64 00 00 00 00 00 00 00 00 00 00 00 00   P.Åd............	
    00 00 00 00 00 00 00 00 00 00 00 00 00 00 00 00   ................	
    00 00 00 00 35                                    ....5           	
[20/02/2026 16:06:49] Read data (COM4)	
    50 00 81 64 00 00 80 00 00 00 00 00 00 00 00 00   P.Åd..Ä.........	
    00 00 00 00 00 00 00 00 00 00 00 00 00 00 00 00   ................	
    00 00 00 00 b5                                    ....µ           	
[20/02/2026 16:06:49] Written data (COM4)	
    50 00 81 84 00 00 00 00 00 00 00 00 00 00 00 00   P.ÅÑ............	
    00 00 00 00 00 00 00 00 00 00 00 00 00 00 00 00   ................	
    00 00 00 00 55                                    ....U           	
[20/02/2026 16:06:49] Read data (COM4)	
    50 00 81 84 00 00 00 00 00 00 00 00 00 00 00 00   P.ÅÑ............	
    00 00 00 00 00 08 0b 04 00 00 00 09 00 00 00 00   ................	
    09 00 00 00 7e                                    ....~           	
[20/02/2026 16:06:49] Written data (COM4)	
    50 00 81 95 00 00 00 00 00 00 00 00 00 00 00 00   P.Åï............	
    00 00 00 00 00 00 00 00 00 00 00 00 00 00 00 00   ................	
    00 00 00 00 66                                    ....f           	
[20/02/2026 16:06:49] Read data (COM4)	
    50 00 81 95 08 0b 04 00 00 00 09 00 00 00 00 09   P.Åï............	
    00 00 00 00 09 00 00 00 04 9d 02 97 02 9d 02 9c   .........ù.ó.ù.ú	
    02 9c 02 9c 4b                                    .ú.úK           	
[20/02/2026 16:06:49] Written data (COM4)	
    50 00 81 44 00 00 00 00 00 00 00 00 00 00 00 00   P.ÅD............	
    00 00 00 00 00 00 00 00 00 00 00 00 00 00 00 00   ................	
    00 00 00 00 15                                    .....           	
[20/02/2026 16:06:49] Read data (COM4)	
    50 00 81 44 08 00 00 00 01 14 1a 02 14 10 00 20   P.ÅD........... 	
    c5 94 98 00 00 00 00 00 00 00 00 00 00 00 00 00   ≈îò.............	
    00 00 00 00 83                                    ....É           	
[20/02/2026 16:06:50] Written data (COM4)	
    50 00 81 64 00 00 00 00 00 00 00 00 00 00 00 00   P.Åd............	
    00 00 00 00 00 00 00 00 00 00 00 00 00 00 00 00   ................	
    00 00 00 00 35                                    ....5           	
[20/02/2026 16:06:50] Read data (COM4)	
    50 00 81 64 00 00 80 00 00 00 00 00 00 00 00 00   P.Åd..Ä.........	
    00 00 00 00 00 00 00 00 00 00 00 00 00 00 00 00   ................	
    00 00 00 00 b5                                    ....µ           	
[20/02/2026 16:06:50] Written data (COM4)	
    50 00 81 84 00 00 00 00 00 00 00 00 00 00 00 00   P.ÅÑ............	
    00 00 00 00 00 00 00 00 00 00 00 00 00 00 00 00   ................	
    00 00 00 00 55                                    ....U           	
[20/02/2026 16:06:50] Read data (COM4)	
    50 00 81 84 00 00 00 00 00 00 00 00 00 00 00 00   P.ÅÑ............	
    00 00 00 00 00 08 0b 04 00 00 00 09 00 00 00 00   ................	
    09 00 00 00 7e                                    ....~           	
[20/02/2026 16:06:50] Written data (COM4)	
    50 00 81 95 00 00 00 00 00 00 00 00 00 00 00 00   P.Åï............	
    00 00 00 00 00 00 00 00 00 00 00 00 00 00 00 00   ................	
    00 00 00 00 66                                    ....f           	
[20/02/2026 16:06:50] Read data (COM4)	
    50 00 81 95 08 0b 04 00 00 00 09 00 00 00 00 09   P.Åï............	
    00 00 00 00 09 00 00 00 04 9d 02 97 02 9d 02 9c   .........ù.ó.ù.ú	
    02 9c 02 9c 4b                                    .ú.úK           	
[20/02/2026 16:06:50] Written data (COM4)	
    50 00 81 44 00 00 00 00 00 00 00 00 00 00 00 00   P.ÅD............	
    00 00 00 00 00 00 00 00 00 00 00 00 00 00 00 00   ................	
    00 00 00 00 15                                    .....           	
[20/02/2026 16:06:50] Read data (COM4)	
    50 00 81 44 08 00 00 00 01 14 1a 02 14 10 00 21   P.ÅD...........!	
    c4 94 98 00 00 00 00 00 00 00 00 00 00 00 00 00   ƒîò.............	
    00 00 00 00 83                                    ....É           	
[20/02/2026 16:06:50] Written data (COM4)	
    50 00 81 64 00 00 00 00 00 00 00 00 00 00 00 00   P.Åd............	
    00 00 00 00 00 00 00 00 00 00 00 00 00 00 00 00   ................	
    00 00 00 00 35                                    ....5           	
[20/02/2026 16:06:50] Read data (COM4)	
    50 00 81 64 00 00 80 00 00 00 00 00 00 00 00 00   P.Åd..Ä.........	
    00 00 00 00 00 00 00 00 00 00 00 00 00 00 00 00   ................	
    00 00 00 00 b5                                    ....µ           	
[20/02/2026 16:06:51] Written data (COM4)	
    50 00 81 84 00 00 00 00 00 00 00 00 00 00 00 00   P.ÅÑ............	
    00 00 00 00 00 00 00 00 00 00 00 00 00 00 00 00   ................	
    00 00 00 00 55                                    ....U           	
[20/02/2026 16:06:51] Read data (COM4)	
    50 00 81 84 00 00 00 00 00 00 00 00 00 00 00 00   P.ÅÑ............	
    00 00 00 00 00 08 0b 04 00 00 00 09 00 00 00 00   ................	
    09 00 00 00 7e                                    ....~           	
[20/02/2026 16:06:51] Written data (COM4)	
    50 00 81 95 00 00 00 00 00 00 00 00 00 00 00 00   P.Åï............	
    00 00 00 00 00 00 00 00 00 00 00 00 00 00 00 00   ................	
    00 00 00 00 66                                    ....f           	
[20/02/2026 16:06:51] Read data (COM4)	
    50 00 81 95 08 0b 04 00 00 00 09 00 00 00 00 09   P.Åï............	
    00 00 00 00 09 00 00 00 04 9d 02 97 02 9d 02 9c   .........ù.ó.ù.ú	
    02 9c 02 9c 4b                                    .ú.úK           	
[20/02/2026 16:06:51] Written data (COM4)	
    50 00 81 44 00 00 00 00 00 00 00 00 00 00 00 00   P.ÅD............	
    00 00 00 00 00 00 00 00 00 00 00 00 00 00 00 00   ................	
    00 00 00 00 15                                    .....           	
[20/02/2026 16:06:51] Read data (COM4)	
    50 00 81 44 08 00 00 00 01 14 1a 02 14 10 00 22   P.ÅD..........."	
    c5 94 99 00 00 00 00 00 00 00 00 00 00 00 00 00   ≈îô.............	
    00 00 00 00 86                                    ....Ü           	
[20/02/2026 16:06:51] Written data (COM4)	
    50 00 81 64 00 00 00 00 00 00 00 00 00 00 00 00   P.Åd............	
    00 00 00 00 00 00 00 00 00 00 00 00 00 00 00 00   ................	
    00 00 00 00 35                                    ....5           	
[20/02/2026 16:06:51] Read data (COM4)	
    50 00 81 64 00 00 80 00 00 00 00 00 00 00 00 00   P.Åd..Ä.........	
    00 00 00 00 00 00 00 00 00 00 00 00 00 00 00 00   ................	
    00 00 00 00 b5                                    ....µ           	
[20/02/2026 16:06:51] Written data (COM4)	
    50 00 81 84 00 00 00 00 00 00 00 00 00 00 00 00   P.ÅÑ............	
    00 00 00 00 00 00 00 00 00 00 00 00 00 00 00 00   ................	
    00 00 00 00 55                                    ....U           	
[20/02/2026 16:06:51] Read data (COM4)	
    50 00 81 84 00 00 00 00 00 00 00 00 00 00 00 00   P.ÅÑ............	
    00 00 00 00 00 08 0b 04 00 00 00 09 00 00 00 00   ................	
    09 00 00 00 7e                                    ....~           	
[20/02/2026 16:06:52] Written data (COM4)	
    50 00 81 95 00 00 00 00 00 00 00 00 00 00 00 00   P.Åï............	
    00 00 00 00 00 00 00 00 00 00 00 00 00 00 00 00   ................	
    00 00 00 00 66                                    ....f           	
[20/02/2026 16:06:52] Read data (COM4)	
    50 00 81 95 08 0b 04 00 00 00 09 00 00 00 00 09   P.Åï............	
    00 00 00 00 09 00 00 00 04 9d 02 97 02 9d 02 9c   .........ù.ó.ù.ú	
    02 9c 02 9c 4b                                    .ú.úK           	
[20/02/2026 16:06:52] Written data (COM4)	
    50 00 81 44 00 00 00 00 00 00 00 00 00 00 00 00   P.ÅD............	
    00 00 00 00 00 00 00 00 00 00 00 00 00 00 00 00   ................	
    00 00 00 00 15                                    .....           	
[20/02/2026 16:06:52] Read data (COM4)	
    50 00 81 44 08 00 00 00 01 14 1a 02 14 10 00 23   P.ÅD...........#	
    c5 94 98 00 00 00 00 00 00 00 00 00 00 00 00 00   ≈îò.............	
    00 00 00 00 86                                    ....Ü           	
[20/02/2026 16:06:52] Written data (COM4)	
    50 00 81 64 00 00 00 00 00 00 00 00 00 00 00 00   P.Åd............	
    00 00 00 00 00 00 00 00 00 00 00 00 00 00 00 00   ................	
    00 00 00 00 35                                    ....5           	
[20/02/2026 16:06:52] Read data (COM4)	
    50 00 81 64 00 00 80 00 00 00 00 00 00 00 00 00   P.Åd..Ä.........	
    00 00 00 00 00 00 00 00 00 00 00 00 00 00 00 00   ................	
    00 00 00 00 b5                                    ....µ           	
[20/02/2026 16:06:52] Written data (COM4)	
    50 00 81 84 00 00 00 00 00 00 00 00 00 00 00 00   P.ÅÑ............	
    00 00 00 00 00 00 00 00 00 00 00 00 00 00 00 00   ................	
    00 00 00 00 55                                    ....U           	
[20/02/2026 16:06:52] Read data (COM4)	
    50 00 81 84 00 00 00 00 00 00 00 00 00 00 00 00   P.ÅÑ............	
    00 00 00 00 00 08 0b 04 00 00 00 09 00 00 00 00   ................	
    09 00 00 00 7e                                    ....~           	
[20/02/2026 16:06:52] Written data (COM4)	
    50 00 81 95 00 00 00 00 00 00 00 00 00 00 00 00   P.Åï............	
    00 00 00 00 00 00 00 00 00 00 00 00 00 00 00 00   ................	
    00 00 00 00 66                                    ....f           	
[20/02/2026 16:06:53] Read data (COM4)	
    50 00 81 95 08 0b 04 00 00 00 09 00 00 00 00 09   P.Åï............	
    00 00 00 00 09 00 00 00 04 9d 02 97 02 9d 02 9c   .........ù.ó.ù.ú	
    02 9c 02 9c 4b                                    .ú.úK           	
[20/02/2026 16:06:53] Written data (COM4)	
    50 00 81 44 00 00 00 00 00 00 00 00 00 00 00 00   P.ÅD............	
    00 00 00 00 00 00 00 00 00 00 00 00 00 00 00 00   ................	
    00 00 00 00 15                                    .....           	
[20/02/2026 16:06:53] Read data (COM4)	
    50 00 81 44 08 00 00 00 01 14 1a 02 14 10 00 24   P.ÅD...........$	
    c4 94 97 00 00 00 00 00 00 00 00 00 00 00 00 00   ƒîó.............	
    00 00 00 00 85                                    ....Ö           	
[20/02/2026 16:06:53] Written data (COM4)	
    50 00 81 64 00 00 00 00 00 00 00 00 00 00 00 00   P.Åd............	
    00 00 00 00 00 00 00 00 00 00 00 00 00 00 00 00   ................	
    00 00 00 00 35                                    ....5           	
[20/02/2026 16:06:53] Read data (COM4)	
    50 00 81 64 00 00 80 00 00 00 00 00 00 00 00 00   P.Åd..Ä.........	
    00 00 00 00 00 00 00 00 00 00 00 00 00 00 00 00   ................	
    00 00 00 00 b5                                    ....µ           	
[20/02/2026 16:06:53] Written data (COM4)	
    50 00 81 84 00 00 00 00 00 00 00 00 00 00 00 00   P.ÅÑ............	
    00 00 00 00 00 00 00 00 00 00 00 00 00 00 00 00   ................	
    00 00 00 00 55                                    ....U           	
[20/02/2026 16:06:53] Read data (COM4)	
    50 00 81 84 00 00 00 00 00 00 00 00 00 00 00 00   P.ÅÑ............	
    00 00 00 00 00 08 0b 04 00 00 00 09 00 00 00 00   ................	
    09 00 00 00 7e                                    ....~           	
[20/02/2026 16:06:53] Written data (COM4)	
    50 00 81 95 00 00 00 00 00 00 00 00 00 00 00 00   P.Åï............	
    00 00 00 00 00 00 00 00 00 00 00 00 00 00 00 00   ................	
    00 00 00 00 66                                    ....f           	
[20/02/2026 16:06:53] Read data (COM4)	
    50 00 81 95 08 0b 04 00 00 00 09 00 00 00 00 09   P.Åï............	
    00 00 00 00 09 00 00 00 04 9d 02 97 02 9d 02 9c   .........ù.ó.ù.ú	
    02 9c 02 9c 4b                                    .ú.úK           	
[20/02/2026 16:06:53] Written data (COM4)	
    50 00 81 44 00 00 00 00 00 00 00 00 00 00 00 00   P.ÅD............	
    00 00 00 00 00 00 00 00 00 00 00 00 00 00 00 00   ................	
    00 00 00 00 15                                    .....           	
[20/02/2026 16:06:54] Read data (COM4)	
    50 00 81 44 08 00 00 00 01 14 1a 02 14 10 00 24   P.ÅD...........$	
    c4 94 98 00 00 00 00 00 00 00 00 00 00 00 00 00   ƒîò.............	
    00 00 00 00 86                                    ....Ü           	
[20/02/2026 16:06:54] Written data (COM4)	
    50 00 81 64 00 00 00 00 00 00 00 00 00 00 00 00   P.Åd............	
    00 00 00 00 00 00 00 00 00 00 00 00 00 00 00 00   ................	
    00 00 00 00 35                                    ....5           	
[20/02/2026 16:06:54] Read data (COM4)	
    50 00 81 64 00 00 80 00 00 00 00 00 00 00 00 00   P.Åd..Ä.........	
    00 00 00 00 00 00 00 00 00 00 00 00 00 00 00 00   ................	
    00 00 00 00 b5                                    ....µ           	
[20/02/2026 16:06:54] Written data (COM4)	
    50 00 81 84 00 00 00 00 00 00 00 00 00 00 00 00   P.ÅÑ............	
    00 00 00 00 00 00 00 00 00 00 00 00 00 00 00 00   ................	
    00 00 00 00 55                                    ....U           	
[20/02/2026 16:06:54] Read data (COM4)	
    50 00 81 84 00 00 00 00 00 00 00 00 00 00 00 00   P.ÅÑ............	
    00 00 00 00 00 08 0b 04 00 00 00 09 00 00 00 00   ................	
    09 00 00 00 7e                                    ....~           	
[20/02/2026 16:06:54] Written data (COM4)	
    50 00 81 95 00 00 00 00 00 00 00 00 00 00 00 00   P.Åï............	
    00 00 00 00 00 00 00 00 00 00 00 00 00 00 00 00   ................	
    00 00 00 00 66                                    ....f           	
[20/02/2026 16:06:54] Read data (COM4)	
    50 00 81 95 08 0b 04 00 00 00 09 00 00 00 00 09   P.Åï............	
    00 00 00 00 09 00 00 00 04 9d 02 97 02 9d 02 9c   .........ù.ó.ù.ú	
    02 9c 02 9c 4b                                    .ú.úK           	
[20/02/2026 16:06:54] Written data (COM4)	
    50 00 81 44 00 00 00 00 00 00 00 00 00 00 00 00   P.ÅD............	
    00 00 00 00 00 00 00 00 00 00 00 00 00 00 00 00   ................	
    00 00 00 00 15                                    .....           	
[20/02/2026 16:06:54] Read data (COM4)	
    50 00 81 44 08 00 00 00 01 14 1a 02 14 10 00 25   P.ÅD...........%	
    c5 94 97 00 00 00 00 00 00 00 00 00 00 00 00 00   ≈îó.............	
    00 00 00 00 87                                    ....á           	
[20/02/2026 16:06:55] Written data (COM4)	
    50 00 81 64 00 00 00 00 00 00 00 00 00 00 00 00   P.Åd............	
    00 00 00 00 00 00 00 00 00 00 00 00 00 00 00 00   ................	
    00 00 00 00 35                                    ....5           	
[20/02/2026 16:06:55] Read data (COM4)	
    50 00 81 64 00 00 80 00 00 00 00 00 00 00 00 00   P.Åd..Ä.........	
    00 00 00 00 00 00 00 00 00 00 00 00 00 00 00 00   ................	
    00 00 00 00 b5                                    ....µ           	
[20/02/2026 16:06:55] Written data (COM4)	
    50 00 81 84 00 00 00 00 00 00 00 00 00 00 00 00   P.ÅÑ............	
    00 00 00 00 00 00 00 00 00 00 00 00 00 00 00 00   ................	
    00 00 00 00 55                                    ....U           	
[20/02/2026 16:06:55] Read data (COM4)	
    50 00 81 84 00 00 00 00 00 00 00 00 00 00 00 00   P.ÅÑ............	
    00 00 00 00 00 08 0b 04 00 00 00 09 00 00 00 00   ................	
    09 00 00 00 7e                                    ....~           	
[20/02/2026 16:06:55] Written data (COM4)	
    50 00 81 95 00 00 00 00 00 00 00 00 00 00 00 00   P.Åï............	
    00 00 00 00 00 00 00 00 00 00 00 00 00 00 00 00   ................	
    00 00 00 00 66                                    ....f           	
[20/02/2026 16:06:55] Read data (COM4)	
    50 00 81 95 08 0b 04 00 00 00 09 00 00 00 00 09   P.Åï............	
    00 00 00 00 09 00 00 00 04 9d 02 97 02 9d 02 9c   .........ù.ó.ù.ú	
    02 9c 02 9c 4b                                    .ú.úK           	
[20/02/2026 16:06:55] Written data (COM4)	
    50 00 81 44 00 00 00 00 00 00 00 00 00 00 00 00   P.ÅD............	
    00 00 00 00 00 00 00 00 00 00 00 00 00 00 00 00   ................	
    00 00 00 00 15                                    .....           	
[20/02/2026 16:06:55] Read data (COM4)	
    50 00 81 44 08 00 00 00 01 14 1a 02 14 10 00 26   P.ÅD...........&	
    c5 94 98 00 00 00 00 00 00 00 00 00 00 00 00 00   ≈îò.............	
    00 00 00 00 89                                    ....â           	
[20/02/2026 16:06:55] Written data (COM4)	
    50 00 81 64 00 00 00 00 00 00 00 00 00 00 00 00   P.Åd............	
    00 00 00 00 00 00 00 00 00 00 00 00 00 00 00 00   ................	
    00 00 00 00 35                                    ....5           	
[20/02/2026 16:06:55] Read data (COM4)	
    50 00 81 64 00 00 80 00 00 00 00 00 00 00 00 00   P.Åd..Ä.........	
    00 00 00 00 00 00 00 00 00 00 00 00 00 00 00 00   ................	
    00 00 00 00 b5                                    ....µ           	
[20/02/2026 16:06:56] Written data (COM4)	
    50 00 81 84 00 00 00 00 00 00 00 00 00 00 00 00   P.ÅÑ............	
    00 00 00 00 00 00 00 00 00 00 00 00 00 00 00 00   ................	
    00 00 00 00 55                                    ....U           	
[20/02/2026 16:06:56] Read data (COM4)	
    50 00 81 84 00 00 00 00 00 00 00 00 00 00 00 00   P.ÅÑ............	
    00 00 00 00 00 08 0b 04 00 00 00 09 00 00 00 00   ................	
    09 00 00 00 7e                                    ....~           	
[20/02/2026 16:06:56] Written data (COM4)	
    50 00 81 95 00 00 00 00 00 00 00 00 00 00 00 00   P.Åï............	
    00 00 00 00 00 00 00 00 00 00 00 00 00 00 00 00   ................	
    00 00 00 00 66                                    ....f           	
[20/02/2026 16:06:56] Read data (COM4)	
    50 00 81 95 08 0b 04 00 00 00 09 00 00 00 00 09   P.Åï............	
    00 00 00 00 09 00 00 00 04 9d 02 97 02 9d 02 9c   .........ù.ó.ù.ú	
    02 9c 02 9c 4b                                    .ú.úK           	
[20/02/2026 16:06:56] Written data (COM4)	
    50 00 81 44 00 00 00 00 00 00 00 00 00 00 00 00   P.ÅD............	
    00 00 00 00 00 00 00 00 00 00 00 00 00 00 00 00   ................	
    00 00 00 00 15                                    .....           	
[20/02/2026 16:06:56] Read data (COM4)	
    50 00 81 44 08 00 00 00 01 14 1a 02 14 10 00 27   P.ÅD...........'	
    c5 94 98 00 00 00 00 00 00 00 00 00 00 00 00 00   ≈îò.............	
    00 00 00 00 8a                                    ....ä           	
[20/02/2026 16:06:56] Written data (COM4)	
    50 00 81 64 00 00 00 00 00 00 00 00 00 00 00 00   P.Åd............	
    00 00 00 00 00 00 00 00 00 00 00 00 00 00 00 00   ................	
    00 00 00 00 35                                    ....5           	
[20/02/2026 16:06:56] Read data (COM4)	
    50 00 81 64 00 00 80 00 00 00 00 00 00 00 00 00   P.Åd..Ä.........	
    00 00 00 00 00 00 00 00 00 00 00 00 00 00 00 00   ................	
    00 00 00 00 b5                                    ....µ           	
[20/02/2026 16:06:56] Written data (COM4)	
    50 00 81 84 00 00 00 00 00 00 00 00 00 00 00 00   P.ÅÑ............	
    00 00 00 00 00 00 00 00 00 00 00 00 00 00 00 00   ................	
    00 00 00 00 55                                    ....U           	
[20/02/2026 16:06:56] Read data (COM4)	
    50 00 81 84 00 00 00 00 00 00 00 00 00 00 00 00   P.ÅÑ............	
    00 00 00 00 00 08 0b 04 00 00 00 09 00 00 00 00   ................	
    09 00 00 00 7e                                    ....~           	
[20/02/2026 16:06:57] Written data (COM4)	
    50 00 81 95 00 00 00 00 00 00 00 00 00 00 00 00   P.Åï............	
    00 00 00 00 00 00 00 00 00 00 00 00 00 00 00 00   ................	
    00 00 00 00 66                                    ....f           	
[20/02/2026 16:06:57] Read data (COM4)	
    50 00 81 95 08 0b 04 00 00 00 09 00 00 00 00 09   P.Åï............	
    00 00 00 00 09 00 00 00 04 9d 02 97 02 9d 02 9c   .........ù.ó.ù.ú	
    02 9c 02 9c 4b                                    .ú.úK           	
[20/02/2026 16:06:57] Written data (COM4)	
    50 00 81 44 00 00 00 00 00 00 00 00 00 00 00 00   P.ÅD............	
    00 00 00 00 00 00 00 00 00 00 00 00 00 00 00 00   ................	
    00 00 00 00 15                                    .....           	
[20/02/2026 16:06:57] Read data (COM4)	
    50 00 81 44 08 00 00 00 01 14 1a 02 14 10 00 28   P.ÅD...........(	
    c4 94 98 00 00 00 00 00 00 00 00 00 00 00 00 00   ƒîò.............	
    00 00 00 00 8a                                    ....ä           	
[20/02/2026 16:06:57] Written data (COM4)	
    50 00 81 64 00 00 00 00 00 00 00 00 00 00 00 00   P.Åd............	
    00 00 00 00 00 00 00 00 00 00 00 00 00 00 00 00   ................	
    00 00 00 00 35                                    ....5           	
[20/02/2026 16:06:57] Read data (COM4)	
    50 00 81 64 00 00 80 00 00 00 00 00 00 00 00 00   P.Åd..Ä.........	
    00 00 00 00 00 00 00 00 00 00 00 00 00 00 00 00   ................	
    00 00 00 00 b5                                    ....µ           	
[20/02/2026 16:06:57] Written data (COM4)	
    50 00 81 84 00 00 00 00 00 00 00 00 00 00 00 00   P.ÅÑ............	
    00 00 00 00 00 00 00 00 00 00 00 00 00 00 00 00   ................	
    00 00 00 00 55                                    ....U           	
[20/02/2026 16:06:57] Read data (COM4)	
    50 00 81 84 00 00 00 00 00 00 00 00 00 00 00 00   P.ÅÑ............	
    00 00 00 00 00 08 0b 04 00 00 00 09 00 00 00 00   ................	
    09 00 00 00 7e                                    ....~           	
[20/02/2026 16:06:57] Written data (COM4)	
    50 00 81 95 00 00 00 00 00 00 00 00 00 00 00 00   P.Åï............	
    00 00 00 00 00 00 00 00 00 00 00 00 00 00 00 00   ................	
    00 00 00 00 66                                    ....f           	
[20/02/2026 16:06:57] Read data (COM4)	
    50 00 81 95 08 0b 04 00 00 00 09 00 00 00 00 09   P.Åï............	
    00 00 00 00 09 00 00 00 04 9d 02 97 02 9d 02 9c   .........ù.ó.ù.ú	
    02 9c 02 9c 4b                                    .ú.úK           	
[20/02/2026 16:06:58] Written data (COM4)	
    50 00 81 44 00 00 00 00 00 00 00 00 00 00 00 00   P.ÅD............	
    00 00 00 00 00 00 00 00 00 00 00 00 00 00 00 00   ................	
    00 00 00 00 15                                    .....           	
[20/02/2026 16:06:58] Read data (COM4)	
    50 00 81 44 08 00 00 00 01 14 1a 02 14 10 00 29   P.ÅD...........)	
    c5 94 98 00 00 00 00 00 00 00 00 00 00 00 00 00   ≈îò.............	
    00 00 00 00 8c                                    ....å           	
[20/02/2026 16:06:58] Written data (COM4)	
    50 00 81 64 00 00 00 00 00 00 00 00 00 00 00 00   P.Åd............	
    00 00 00 00 00 00 00 00 00 00 00 00 00 00 00 00   ................	
    00 00 00 00 35                                    ....5           	
[20/02/2026 16:06:58] Read data (COM4)	
    50 00 81 64 00 00 80 00 00 00 00 00 00 00 00 00   P.Åd..Ä.........	
    00 00 00 00 00 00 00 00 00 00 00 00 00 00 00 00   ................	
    00 00 00 00 b5                                    ....µ           	
[20/02/2026 16:06:58] Written data (COM4)	
    50 00 81 84 00 00 00 00 00 00 00 00 00 00 00 00   P.ÅÑ............	
    00 00 00 00 00 00 00 00 00 00 00 00 00 00 00 00   ................	
    00 00 00 00 55                                    ....U           	
[20/02/2026 16:06:58] Read data (COM4)	
    50 00 81 84 00 00 00 00 00 00 00 00 00 00 00 00   P.ÅÑ............	
    00 00 00 00 00 08 0b 04 00 00 00 09 00 00 00 00   ................	
    09 00 00 00 7e                                    ....~           	
[20/02/2026 16:06:58] Written data (COM4)	
    50 00 81 95 00 00 00 00 00 00 00 00 00 00 00 00   P.Åï............	
    00 00 00 00 00 00 00 00 00 00 00 00 00 00 00 00   ................	
    00 00 00 00 66                                    ....f           	
[20/02/2026 16:06:58] Read data (COM4)	
    50 00 81 95 08 0b 04 00 00 00 09 00 00 00 00 09   P.Åï............	
    00 00 00 00 09 00 00 00 04 9d 02 97 02 9d 02 9c   .........ù.ó.ù.ú	
    02 9c 02 9c 4b                                    .ú.úK           	
[20/02/2026 16:06:58] Written data (COM4)	
    50 00 81 44 00 00 00 00 00 00 00 00 00 00 00 00   P.ÅD............	
    00 00 00 00 00 00 00 00 00 00 00 00 00 00 00 00   ................	
    00 00 00 00 15                                    .....           	
[20/02/2026 16:06:58] Read data (COM4)	
    50 00 81 44 08 00 00 00 01 14 1a 02 14 10 00 29   P.ÅD...........)	
    c5 94 98 00 00 00 00 00 00 00 00 00 00 00 00 00   ≈îò.............	
    00 00 00 00 8c                                    ....å           	
[20/02/2026 16:06:59] Written data (COM4)	
    50 00 81 64 00 00 00 00 00 00 00 00 00 00 00 00   P.Åd............	
    00 00 00 00 00 00 00 00 00 00 00 00 00 00 00 00   ................	
    00 00 00 00 35                                    ....5           	
[20/02/2026 16:06:59] Read data (COM4)	
    50 00 81 64 00 00 80 00 00 00 00 00 00 00 00 00   P.Åd..Ä.........	
    00 00 00 00 00 00 00 00 00 00 00 00 00 00 00 00   ................	
    00 00 00 00 b5                                    ....µ           	
[20/02/2026 16:06:59] Written data (COM4)	
    50 00 81 84 00 00 00 00 00 00 00 00 00 00 00 00   P.ÅÑ............	
    00 00 00 00 00 00 00 00 00 00 00 00 00 00 00 00   ................	
    00 00 00 00 55                                    ....U           	
[20/02/2026 16:06:59] Read data (COM4)	
    50 00 81 84 00 00 00 00 00 00 00 00 00 00 00 00   P.ÅÑ............	
    00 00 00 00 00 08 0b 04 00 00 00 09 00 00 00 00   ................	
    09 00 00 00 7e                                    ....~           	
[20/02/2026 16:06:59] Written data (COM4)	
    50 00 81 95 00 00 00 00 00 00 00 00 00 00 00 00   P.Åï............	
    00 00 00 00 00 00 00 00 00 00 00 00 00 00 00 00   ................	
    00 00 00 00 66                                    ....f           	
[20/02/2026 16:06:59] Read data (COM4)	
    50 00 81 95 08 0b 04 00 00 00 09 00 00 00 00 09   P.Åï............	
    00 00 00 00 09 00 00 00 04 9d 02 97 02 9d 02 9c   .........ù.ó.ù.ú	
    02 9c 02 9c 4b                                    .ú.úK           	
[20/02/2026 16:06:59] Written data (COM4)	
    50 00 81 44 00 00 00 00 00 00 00 00 00 00 00 00   P.ÅD............	
    00 00 00 00 00 00 00 00 00 00 00 00 00 00 00 00   ................	
    00 00 00 00 15                                    .....           	
[20/02/2026 16:06:59] Read data (COM4)	
    50 00 81 44 08 00 00 00 01 14 1a 02 14 10 00 2a   P.ÅD...........*	
    c5 94 98 00 00 00 00 00 00 00 00 00 00 00 00 00   ≈îò.............	
    00 00 00 00 8d                                    ....ç           	
[20/02/2026 16:06:59] Written data (COM4)	
    50 00 81 64 00 00 00 00 00 00 00 00 00 00 00 00   P.Åd............	
    00 00 00 00 00 00 00 00 00 00 00 00 00 00 00 00   ................	
    00 00 00 00 35                                    ....5           	
[20/02/2026 16:06:59] Read data (COM4)	
    50 00 81 64 00 00 80 00 00 00 00 00 00 00 00 00   P.Åd..Ä.........	
    00 00 00 00 00 00 00 00 00 00 00 00 00 00 00 00   ................	
    00 00 00 00 b5                                    ....µ           	
[20/02/2026 16:07:00] Written data (COM4)	
    50 00 81 84 00 00 00 00 00 00 00 00 00 00 00 00   P.ÅÑ............	
    00 00 00 00 00 00 00 00 00 00 00 00 00 00 00 00   ................	
    00 00 00 00 55                                    ....U           	
[20/02/2026 16:07:00] Read data (COM4)	
    50 00 81 84 00 00 00 00 00 00 00 00 00 00 00 00   P.ÅÑ............	
    00 00 00 00 00 08 0b 04 00 00 00 09 00 00 00 00   ................	
    09 00 00 00 7e                                    ....~           	
[20/02/2026 16:07:00] Written data (COM4)	
    50 00 81 95 00 00 00 00 00 00 00 00 00 00 00 00   P.Åï............	
    00 00 00 00 00 00 00 00 00 00 00 00 00 00 00 00   ................	
    00 00 00 00 66                                    ....f           	
[20/02/2026 16:07:00] Read data (COM4)	
    50 00 81 95 08 0b 04 00 00 00 09 00 00 00 00 09   P.Åï............	
    00 00 00 00 09 00 00 00 04 9d 02 97 02 9d 02 9c   .........ù.ó.ù.ú	
    02 9c 02 9c 4b                                    .ú.úK           	
[20/02/2026 16:07:00] Written data (COM4)	
    50 00 81 44 00 00 00 00 00 00 00 00 00 00 00 00   P.ÅD............	
    00 00 00 00 00 00 00 00 00 00 00 00 00 00 00 00   ................	
    00 00 00 00 15                                    .....           	
[20/02/2026 16:07:00] Read data (COM4)	
    50 00 81 44 08 00 00 00 01 14 1a 02 14 10 00 2b   P.ÅD...........+	
    c4 94 98 00 00 00 00 00 00 00 00 00 00 00 00 00   ƒîò.............	
    00 00 00 00 8d                                    ....ç           	
[20/02/2026 16:07:00] Written data (COM4)	
    50 00 81 64 00 00 00 00 00 00 00 00 00 00 00 00   P.Åd............	
    00 00 00 00 00 00 00 00 00 00 00 00 00 00 00 00   ................	
    00 00 00 00 35                                    ....5           	
[20/02/2026 16:07:00] Read data (COM4)	
    50 00 81 64 00 00 80 00 00 00 00 00 00 00 00 00   P.Åd..Ä.........	
    00 00 00 00 00 00 00 00 00 00 00 00 00 00 00 00   ................	
    00 00 00 00 b5                                    ....µ           	
[20/02/2026 16:07:00] Written data (COM4)	
    50 00 81 84 00 00 00 00 00 00 00 00 00 00 00 00   P.ÅÑ............	
    00 00 00 00 00 00 00 00 00 00 00 00 00 00 00 00   ................	
    00 00 00 00 55                                    ....U           	
[20/02/2026 16:07:00] Read data (COM4)	
    50 00 81 84 00 00 00 00 00 00 00 00 00 00 00 00   P.ÅÑ............	
    00 00 00 00 00 08 0b 04 00 00 00 09 00 00 00 00   ................	
    09 00 00 00 7e                                    ....~           	
[20/02/2026 16:07:01] Written data (COM4)	
    50 00 81 95 00 00 00 00 00 00 00 00 00 00 00 00   P.Åï............	
    00 00 00 00 00 00 00 00 00 00 00 00 00 00 00 00   ................	
    00 00 00 00 66                                    ....f           	
[20/02/2026 16:07:01] Read data (COM4)	
    50 00 81 95 08 0b 04 00 00 00 09 00 00 00 00 09   P.Åï............	
    00 00 00 00 09 00 00 00 04 9d 02 97 02 9d 02 9c   .........ù.ó.ù.ú	
    02 9c 02 9c 4b                                    .ú.úK           	
[20/02/2026 16:07:01] Written data (COM4)	
    50 00 81 44 00 00 00 00 00 00 00 00 00 00 00 00   P.ÅD............	
    00 00 00 00 00 00 00 00 00 00 00 00 00 00 00 00   ................	
    00 00 00 00 15                                    .....           	
[20/02/2026 16:07:01] Read data (COM4)	
    50 00 81 44 08 00 00 00 01 14 1a 02 14 10 00 2c   P.ÅD...........,	
    c4 94 97 00 00 00 00 00 00 00 00 00 00 00 00 00   ƒîó.............	
    00 00 00 00 8d                                    ....ç           	
[20/02/2026 16:07:01] Written data (COM4)	
    50 00 81 64 00 00 00 00 00 00 00 00 00 00 00 00   P.Åd............	
    00 00 00 00 00 00 00 00 00 00 00 00 00 00 00 00   ................	
    00 00 00 00 35                                    ....5           	
[20/02/2026 16:07:01] Read data (COM4)	
    50 00 81 64 00 00 80 00 00 00 00 00 00 00 00 00   P.Åd..Ä.........	
    00 00 00 00 00 00 00 00 00 00 00 00 00 00 00 00   ................	
    00 00 00 00 b5                                    ....µ           	
[20/02/2026 16:07:01] Written data (COM4)	
    50 00 81 84 00 00 00 00 00 00 00 00 00 00 00 00   P.ÅÑ............	
    00 00 00 00 00 00 00 00 00 00 00 00 00 00 00 00   ................	
    00 00 00 00 55                                    ....U           	
[20/02/2026 16:07:01] Read data (COM4)	
    50 00 81 84 00 00 00 00 00 00 00 00 00 00 00 00   P.ÅÑ............	
    00 00 00 00 00 08 0b 04 00 00 00 09 00 00 00 00   ................	
    09 00 00 00 7e                                    ....~           	
[20/02/2026 16:07:02] Written data (COM4)	
    50 00 81 95 00 00 00 00 00 00 00 00 00 00 00 00   P.Åï............	
    00 00 00 00 00 00 00 00 00 00 00 00 00 00 00 00   ................	
    00 00 00 00 66                                    ....f           	
[20/02/2026 16:07:02] Read data (COM4)	
    50 00 81 95 08 0b 04 00 00 00 09 00 00 00 00 09   P.Åï............	
    00 00 00 00 09 00 00 00 04 9d 02 97 02 9d 02 9c   .........ù.ó.ù.ú	
    02 9c 02 9c 4b                                    .ú.úK           	
[20/02/2026 16:07:02] Written data (COM4)	
    50 00 81 44 00 00 00 00 00 00 00 00 00 00 00 00   P.ÅD............	
    00 00 00 00 00 00 00 00 00 00 00 00 00 00 00 00   ................	
    00 00 00 00 15                                    .....           	
[20/02/2026 16:07:02] Read data (COM4)	
    50 00 81 44 08 00 00 00 01 14 1a 02 14 10 00 2d   P.ÅD...........-	
    c5 94 98 00 00 00 00 00 00 00 00 00 00 00 00 00   ≈îò.............	
    00 00 00 00 90                                    ....ê           	
[20/02/2026 16:07:02] Written data (COM4)	
    50 00 81 64 00 00 00 00 00 00 00 00 00 00 00 00   P.Åd............	
    00 00 00 00 00 00 00 00 00 00 00 00 00 00 00 00   ................	
    00 00 00 00 35                                    ....5           	
[20/02/2026 16:07:02] Read data (COM4)	
    50 00 81 64 00 00 80 00 00 00 00 00 00 00 00 00   P.Åd..Ä.........	
    00 00 00 00 00 00 00 00 00 00 00 00 00 00 00 00   ................	
    00 00 00 00 b5                                    ....µ           	
[20/02/2026 16:07:02] Written data (COM4)	
    50 00 81 84 00 00 00 00 00 00 00 00 00 00 00 00   P.ÅÑ............	
    00 00 00 00 00 00 00 00 00 00 00 00 00 00 00 00   ................	
    00 00 00 00 55                                    ....U           	
[20/02/2026 16:07:02] Read data (COM4)	
    50 00 81 84 00 00 00 00 00 00 00 00 00 00 00 00   P.ÅÑ............	
    00 00 00 00 00 08 0b 04 00 00 00 09 00 00 00 00   ................	
    09 00 00 00 7e                                    ....~           	
[20/02/2026 16:07:02] Written data (COM4)	
    50 00 81 95 00 00 00 00 00 00 00 00 00 00 00 00   P.Åï............	
    00 00 00 00 00 00 00 00 00 00 00 00 00 00 00 00   ................	
    00 00 00 00 66                                    ....f           	
[20/02/2026 16:07:02] Read data (COM4)	
    50 00 81 95 08 0b 04 00 00 00 09 00 00 00 00 09   P.Åï............	
    00 00 00 00 09 00 00 00 04 9d 02 97 02 9d 02 9c   .........ù.ó.ù.ú	
    02 9c 02 9c 4b                                    .ú.úK           	
[20/02/2026 16:07:03] Written data (COM4)	
    50 00 81 44 00 00 00 00 00 00 00 00 00 00 00 00   P.ÅD............	
    00 00 00 00 00 00 00 00 00 00 00 00 00 00 00 00   ................	
    00 00 00 00 15                                    .....           	
[20/02/2026 16:07:03] Read data (COM4)	
    50 00 81 44 08 00 00 00 01 14 1a 02 14 10 00 2e   P.ÅD............	
    c5 94 98 00 00 00 00 00 00 00 00 00 00 00 00 00   ≈îò.............	
    00 00 00 00 91                                    ....ë           	
[20/02/2026 16:07:03] Written data (COM4)	
    50 00 81 64 00 00 00 00 00 00 00 00 00 00 00 00   P.Åd............	
    00 00 00 00 00 00 00 00 00 00 00 00 00 00 00 00   ................	
    00 00 00 00 35                                    ....5           	
[20/02/2026 16:07:03] Read data (COM4)	
    50 00 81 64 00 00 80 00 00 00 00 00 00 00 00 00   P.Åd..Ä.........	
    00 00 00 00 00 00 00 00 00 00 00 00 00 00 00 00   ................	
    00 00 00 00 b5                                    ....µ           	
[20/02/2026 16:07:03] Written data (COM4)	
    50 00 81 84 00 00 00 00 00 00 00 00 00 00 00 00   P.ÅÑ............	
    00 00 00 00 00 00 00 00 00 00 00 00 00 00 00 00   ................	
    00 00 00 00 55                                    ....U           	
[20/02/2026 16:07:03] Read data (COM4)	
    50 00 81 84 00 00 00 00 00 00 00 00 00 00 00 00   P.ÅÑ............	
    00 00 00 00 00 08 0b 04 00 00 00 09 00 00 00 00   ................	
    09 00 00 00 7e                                    ....~           	
[20/02/2026 16:07:03] Written data (COM4)	
    50 00 81 95 00 00 00 00 00 00 00 00 00 00 00 00   P.Åï............	
    00 00 00 00 00 00 00 00 00 00 00 00 00 00 00 00   ................	
    00 00 00 00 66                                    ....f           	
[20/02/2026 16:07:03] Read data (COM4)	
    50 00 81 95 08 0b 04 00 00 00 09 00 00 00 00 09   P.Åï............	
    00 00 00 00 09 00 00 00 04 9d 02 97 02 9d 02 9c   .........ù.ó.ù.ú	
    02 9c 02 9c 4b                                    .ú.úK           	
[20/02/2026 16:07:03] Written data (COM4)	
    50 00 81 44 00 00 00 00 00 00 00 00 00 00 00 00   P.ÅD............	
    00 00 00 00 00 00 00 00 00 00 00 00 00 00 00 00   ................	
    00 00 00 00 15                                    .....           	
[20/02/2026 16:07:03] Read data (COM4)	
    50 00 81 44 08 00 00 00 01 14 1a 02 14 10 00 2e   P.ÅD............	
    c5 94 98 00 00 00 00 00 00 00 00 00 00 00 00 00   ≈îò.............	
    00 00 00 00 91                                    ....ë           	
[20/02/2026 16:07:04] Written data (COM4)	
    50 00 81 64 00 00 00 00 00 00 00 00 00 00 00 00   P.Åd............	
    00 00 00 00 00 00 00 00 00 00 00 00 00 00 00 00   ................	
    00 00 00 00 35                                    ....5           	
[20/02/2026 16:07:04] Read data (COM4)	
    50 00 81 64 00 00 80 00 00 00 00 00 00 00 00 00   P.Åd..Ä.........	
    00 00 00 00 00 00 00 00 00 00 00 00 00 00 00 00   ................	
    00 00 00 00 b5                                    ....µ           	
[20/02/2026 16:07:04] Written data (COM4)	
    50 00 81 84 00 00 00 00 00 00 00 00 00 00 00 00   P.ÅÑ............	
    00 00 00 00 00 00 00 00 00 00 00 00 00 00 00 00   ................	
    00 00 00 00 55                                    ....U           	
[20/02/2026 16:07:04] Read data (COM4)	
    50 00 81 84 00 00 00 00 00 00 00 00 00 00 00 00   P.ÅÑ............	
    00 00 00 00 00 08 0b 04 00 00 00 09 00 00 00 00   ................	
    09 00 00 00 7e                                    ....~           	
[20/02/2026 16:07:04] Written data (COM4)	
    50 00 81 95 00 00 00 00 00 00 00 00 00 00 00 00   P.Åï............	
    00 00 00 00 00 00 00 00 00 00 00 00 00 00 00 00   ................	
    00 00 00 00 66                                    ....f           	
[20/02/2026 16:07:04] Read data (COM4)	
    50 00 81 95 08 0b 04 00 00 00 09 00 00 00 00 09   P.Åï............	
    00 00 00 00 09 00 00 00 04 9d 02 97 02 9d 02 9c   .........ù.ó.ù.ú	
    02 9c 02 9c 4b                                    .ú.úK           	
[20/02/2026 16:07:04] Written data (COM4)	
    50 00 81 44 00 00 00 00 00 00 00 00 00 00 00 00   P.ÅD............	
    00 00 00 00 00 00 00 00 00 00 00 00 00 00 00 00   ................	
    00 00 00 00 15                                    .....           	
[20/02/2026 16:07:04] Read data (COM4)	
    50 00 81 44 08 00 00 00 01 14 1a 02 14 10 00 2f   P.ÅD.........../	
    c5 94 98 00 00 00 00 00 00 00 00 00 00 00 00 00   ≈îò.............	
    00 00 00 00 92                                    ....í           	
[20/02/2026 16:07:05] Written data (COM4)	
    50 00 81 64 00 00 00 00 00 00 00 00 00 00 00 00   P.Åd............	
    00 00 00 00 00 00 00 00 00 00 00 00 00 00 00 00   ................	
    00 00 00 00 35                                    ....5           	
[20/02/2026 16:07:05] Read data (COM4)	
    50 00 81 64 00 00 80 00 00 00 00 00 00 00 00 00   P.Åd..Ä.........	
    00 00 00 00 00 00 00 00 00 00 00 00 00 00 00 00   ................	
    00 00 00 00 b5                                    ....µ           	
[20/02/2026 16:07:05] Written data (COM4)	
    50 00 81 84 00 00 00 00 00 00 00 00 00 00 00 00   P.ÅÑ............	
    00 00 00 00 00 00 00 00 00 00 00 00 00 00 00 00   ................	
    00 00 00 00 55                                    ....U           	
[20/02/2026 16:07:05] Read data (COM4)	
    50 00 81 84 00 00 00 00 00 00 00 00 00 00 00 00   P.ÅÑ............	
    00 00 00 00 00 08 0b 04 00 00 00 09 00 00 00 00   ................	
    09 00 00 00 7e                                    ....~           	
[20/02/2026 16:07:05] Written data (COM4)	
    50 00 81 95 00 00 00 00 00 00 00 00 00 00 00 00   P.Åï............	
    00 00 00 00 00 00 00 00 00 00 00 00 00 00 00 00   ................	
    00 00 00 00 66                                    ....f           	
[20/02/2026 16:07:05] Read data (COM4)	
    50 00 81 95 08 0b 04 00 00 00 09 00 00 00 00 09   P.Åï............	
    00 00 00 00 09 00 00 00 04 9d 02 97 02 9d 02 9c   .........ù.ó.ù.ú	
    02 9c 02 9c 4b                                    .ú.úK           	
[20/02/2026 16:07:05] Written data (COM4)	
    50 00 81 44 00 00 00 00 00 00 00 00 00 00 00 00   P.ÅD............	
    00 00 00 00 00 00 00 00 00 00 00 00 00 00 00 00   ................	
    00 00 00 00 15                                    .....           	
[20/02/2026 16:07:05] Read data (COM4)	
    50 00 81 44 08 00 00 00 01 14 1a 02 14 10 00 30   P.ÅD...........0	
    c5 94 98 00 00 00 00 00 00 00 00 00 00 00 00 00   ≈îò.............	
    00 00 00 00 93                                    ....ì           	
[20/02/2026 16:07:05] Written data (COM4)	
    50 00 81 64 00 00 00 00 00 00 00 00 00 00 00 00   P.Åd............	
    00 00 00 00 00 00 00 00 00 00 00 00 00 00 00 00   ................	
    00 00 00 00 35                                    ....5           	
[20/02/2026 16:07:05] Read data (COM4)	
    50 00 81 64 00 00 80 00 00 00 00 00 00 00 00 00   P.Åd..Ä.........	
    00 00 00 00 00 00 00 00 00 00 00 00 00 00 00 00   ................	
    00 00 00 00 b5                                    ....µ           	
[20/02/2026 16:07:06] Written data (COM4)	
    50 00 81 84 00 00 00 00 00 00 00 00 00 00 00 00   P.ÅÑ............	
    00 00 00 00 00 00 00 00 00 00 00 00 00 00 00 00   ................	
    00 00 00 00 55                                    ....U           	
[20/02/2026 16:07:06] Read data (COM4)	
    50 00 81 84 00 00 00 00 00 00 00 00 00 00 00 00   P.ÅÑ............	
    00 00 00 00 00 08 0b 04 00 00 00 09 00 00 00 00   ................	
    09 00 00 00 7e                                    ....~           	
[20/02/2026 16:07:06] Written data (COM4)	
    50 00 81 95 00 00 00 00 00 00 00 00 00 00 00 00   P.Åï............	
    00 00 00 00 00 00 00 00 00 00 00 00 00 00 00 00   ................	
    00 00 00 00 66                                    ....f           	
[20/02/2026 16:07:06] Read data (COM4)	
    50 00 81 95 08 0b 04 00 00 00 09 00 00 00 00 09   P.Åï............	
    00 00 00 00 09 00 00 00 04 9d 02 97 02 9d 02 9c   .........ù.ó.ù.ú	
    02 9c 02 9c 4b                                    .ú.úK           	
[20/02/2026 16:07:06] Written data (COM4)	
    50 00 81 44 00 00 00 00 00 00 00 00 00 00 00 00   P.ÅD............	
    00 00 00 00 00 00 00 00 00 00 00 00 00 00 00 00   ................	
    00 00 00 00 15                                    .....           	
[20/02/2026 16:07:06] Read data (COM4)	
    50 00 81 44 08 00 00 00 01 14 1a 02 14 10 00 31   P.ÅD...........1	
    c4 94 98 00 00 00 00 00 00 00 00 00 00 00 00 00   ƒîò.............	
    00 00 00 00 93                                    ....ì           	
[20/02/2026 16:07:06] Written data (COM4)	
    50 00 81 64 00 00 00 00 00 00 00 00 00 00 00 00   P.Åd............	
    00 00 00 00 00 00 00 00 00 00 00 00 00 00 00 00   ................	
    00 00 00 00 35                                    ....5           	
[20/02/2026 16:07:06] Read data (COM4)	
    50 00 81 64 00 00 80 00 00 00 00 00 00 00 00 00   P.Åd..Ä.........	
    00 00 00 00 00 00 00 00 00 00 00 00 00 00 00 00   ................	
    00 00 00 00 b5                                    ....µ           	
[20/02/2026 16:07:06] Written data (COM4)	
    50 00 81 84 00 00 00 00 00 00 00 00 00 00 00 00   P.ÅÑ............	
    00 00 00 00 00 00 00 00 00 00 00 00 00 00 00 00   ................	
    00 00 00 00 55                                    ....U           	
[20/02/2026 16:07:06] Read data (COM4)	
    50 00 81 84 00 00 00 00 00 00 00 00 00 00 00 00   P.ÅÑ............	
    00 00 00 00 00 08 0b 04 00 00 00 09 00 00 00 00   ................	
    09 00 00 00 7e                                    ....~           	
[20/02/2026 16:07:07] Written data (COM4)	
    50 00 81 95 00 00 00 00 00 00 00 00 00 00 00 00   P.Åï............	
    00 00 00 00 00 00 00 00 00 00 00 00 00 00 00 00   ................	
    00 00 00 00 66                                    ....f           	
[20/02/2026 16:07:07] Read data (COM4)	
    50 00 81 95 08 0b 04 00 00 00 09 00 00 00 00 09   P.Åï............	
    00 00 00 00 09 00 00 00 04 9d 02 97 02 9d 02 9c   .........ù.ó.ù.ú	
    02 9c 02 9c 4b                                    .ú.úK           	
[20/02/2026 16:07:07] Written data (COM4)	
    50 00 81 44 00 00 00 00 00 00 00 00 00 00 00 00   P.ÅD............	
    00 00 00 00 00 00 00 00 00 00 00 00 00 00 00 00   ................	
    00 00 00 00 15                                    .....           	
[20/02/2026 16:07:07] Read data (COM4)	
    50 00 81 44 08 00 00 00 01 14 1a 02 14 10 00 32   P.ÅD...........2	
    c5 94 98 00 00 00 00 00 00 00 00 00 00 00 00 00   ≈îò.............	
    00 00 00 00 95                                    ....ï           	
[20/02/2026 16:07:07] Written data (COM4)	
    50 00 81 64 00 00 00 00 00 00 00 00 00 00 00 00   P.Åd............	
    00 00 00 00 00 00 00 00 00 00 00 00 00 00 00 00   ................	
    00 00 00 00 35                                    ....5           	
[20/02/2026 16:07:07] Read data (COM4)	
    50 00 81 64 00 00 80 00 00 00 00 00 00 00 00 00   P.Åd..Ä.........	
    00 00 00 00 00 00 00 00 00 00 00 00 00 00 00 00   ................	
    00 00 00 00 b5                                    ....µ           	
[20/02/2026 16:07:07] Written data (COM4)	
    50 00 81 84 00 00 00 00 00 00 00 00 00 00 00 00   P.ÅÑ............	
    00 00 00 00 00 00 00 00 00 00 00 00 00 00 00 00   ................	
    00 00 00 00 55                                    ....U           	
[20/02/2026 16:07:07] Read data (COM4)	
    50 00 81 84 00 00 00 00 00 00 00 00 00 00 00 00   P.ÅÑ............	
    00 00 00 00 00 08 0b 04 00 00 00 09 00 00 00 00   ................	
    09 00 00 00 7e                                    ....~           	
[20/02/2026 16:07:07] Written data (COM4)	
    50 00 81 95 00 00 00 00 00 00 00 00 00 00 00 00   P.Åï............	
    00 00 00 00 00 00 00 00 00 00 00 00 00 00 00 00   ................	
    00 00 00 00 66                                    ....f           	
[20/02/2026 16:07:07] Read data (COM4)	
    50 00 81 95 08 0b 04 00 00 00 09 00 00 00 00 09   P.Åï............	
    00 00 00 00 09 00 00 00 04 9d 02 97 02 9d 02 9c   .........ù.ó.ù.ú	
    02 9c 02 9c 4b                                    .ú.úK           	
[20/02/2026 16:07:08] Written data (COM4)	
    50 00 81 44 00 00 00 00 00 00 00 00 00 00 00 00   P.ÅD............	
    00 00 00 00 00 00 00 00 00 00 00 00 00 00 00 00   ................	
    00 00 00 00 15                                    .....           	
[20/02/2026 16:07:08] Read data (COM4)	
    50 00 81 44 08 00 00 00 01 14 1a 02 14 10 00 33   P.ÅD...........3	
    c5 94 98 00 00 00 00 00 00 00 00 00 00 00 00 00   ≈îò.............	
    00 00 00 00 96                                    ....ñ           	
[20/02/2026 16:07:08] Written data (COM4)	
    50 00 81 64 00 00 00 00 00 00 00 00 00 00 00 00   P.Åd............	
    00 00 00 00 00 00 00 00 00 00 00 00 00 00 00 00   ................	
    00 00 00 00 35                                    ....5           	
[20/02/2026 16:07:08] Read data (COM4)	
    50 00 81 64 00 00 80 00 00 00 00 00 00 00 00 00   P.Åd..Ä.........	
    00 00 00 00 00 00 00 00 00 00 00 00 00 00 00 00   ................	
    00 00 00 00 b5                                    ....µ           	
[20/02/2026 16:07:08] Written data (COM4)	
    50 00 81 84 00 00 00 00 00 00 00 00 00 00 00 00   P.ÅÑ............	
    00 00 00 00 00 00 00 00 00 00 00 00 00 00 00 00   ................	
    00 00 00 00 55                                    ....U           	
[20/02/2026 16:07:08] Read data (COM4)	
    50 00 81 84 00 00 00 00 00 00 00 00 00 00 00 00   P.ÅÑ............	
    00 00 00 00 00 08 0b 04 00 00 00 09 00 00 00 00   ................	
    09 00 00 00 7e                                    ....~           	
[20/02/2026 16:07:08] Written data (COM4)	
    50 00 81 95 00 00 00 00 00 00 00 00 00 00 00 00   P.Åï............	
    00 00 00 00 00 00 00 00 00 00 00 00 00 00 00 00   ................	
    00 00 00 00 66                                    ....f           	
[20/02/2026 16:07:08] Read data (COM4)	
    50 00 81 95 09 09 00 00 00 00 09 00 00 00 00 09   P.Åï............	
    00 00 00 00 09 00 00 00 04 a0 02 97 02 9e 02 9c   .........†.ó.û.ú	
    02 9c 02 9c 4a                                    .ú.úJ           	
[20/02/2026 16:07:08] Written data (COM4)	
    50 00 81 44 00 00 00 00 00 00 00 00 00 00 00 00   P.ÅD............	
    00 00 00 00 00 00 00 00 00 00 00 00 00 00 00 00   ................	
    00 00 00 00 15                                    .....           	
[20/02/2026 16:07:09] Read data (COM4)	
    50 00 81 44 08 00 00 00 01 14 1a 02 14 10 00 33   P.ÅD...........3	
    c5 94 98 00 00 00 00 00 00 00 00 00 00 00 00 00   ≈îò.............	
    00 00 00 00 96                                    ....ñ           	
[20/02/2026 16:07:09] Written data (COM4)	
    50 00 81 64 00 00 00 00 00 00 00 00 00 00 00 00   P.Åd............	
    00 00 00 00 00 00 00 00 00 00 00 00 00 00 00 00   ................	
    00 00 00 00 35                                    ....5           	
[20/02/2026 16:07:09] Read data (COM4)	
    50 00 81 64 00 00 80 00 00 00 00 00 00 00 00 00   P.Åd..Ä.........	
    00 00 00 00 00 00 00 00 00 00 00 00 00 00 00 00   ................	
    00 00 00 00 b5                                    ....µ           	
[20/02/2026 16:07:09] Written data (COM4)	
    50 00 81 84 00 00 00 00 00 00 00 00 00 00 00 00   P.ÅÑ............	
    00 00 00 00 00 00 00 00 00 00 00 00 00 00 00 00   ................	
    00 00 00 00 55                                    ....U           	
[20/02/2026 16:07:09] Read data (COM4)	
    50 00 81 84 00 00 00 00 00 00 00 00 00 00 00 00   P.ÅÑ............	
    00 00 00 00 00 09 09 00 00 00 00 09 00 00 00 00   ................	
    09 00 00 00 79                                    ....y           	
[20/02/2026 16:07:09] Written data (COM4)	
    50 00 81 95 00 00 00 00 00 00 00 00 00 00 00 00   P.Åï............	
    00 00 00 00 00 00 00 00 00 00 00 00 00 00 00 00   ................	
    00 00 00 00 66                                    ....f           	
[20/02/2026 16:07:09] Read data (COM4)	
    50 00 81 95 09 09 00 00 00 00 09 00 00 00 00 09   P.Åï............	
    00 00 00 00 09 00 00 00 04 a0 02 97 02 a0 02 9c   .........†.ó.†.ú	
    02 9c 02 9c 4c                                    .ú.úL           	
[20/02/2026 16:07:09] Written data (COM4)	
    50 00 81 44 00 00 00 00 00 00 00 00 00 00 00 00   P.ÅD............	
    00 00 00 00 00 00 00 00 00 00 00 00 00 00 00 00   ................	
    00 00 00 00 15                                    .....           	
[20/02/2026 16:07:09] Read data (COM4)	
    50 00 81 44 08 00 00 00 01 14 1a 02 14 10 00 34   P.ÅD...........4	
    c5 94 98 00 00 00 00 00 00 00 00 00 00 00 00 00   ≈îò.............	
    00 00 00 00 97                                    ....ó           	
[20/02/2026 16:07:10] Written data (COM4)	
    50 00 81 64 00 00 00 00 00 00 00 00 00 00 00 00   P.Åd............	
    00 00 00 00 00 00 00 00 00 00 00 00 00 00 00 00   ................	
    00 00 00 00 35                                    ....5           	
[20/02/2026 16:07:10] Read data (COM4)	
    50 00 81 64 00 00 80 00 00 00 00 00 00 00 00 00   P.Åd..Ä.........	
    00 00 00 00 00 00 00 00 00 00 00 00 00 00 00 00   ................	
    00 00 00 00 b5                                    ....µ           	
[20/02/2026 16:07:10] Written data (COM4)	
    50 00 81 84 00 00 00 00 00 00 00 00 00 00 00 00   P.ÅÑ............	
    00 00 00 00 00 00 00 00 00 00 00 00 00 00 00 00   ................	
    00 00 00 00 55                                    ....U           	
[20/02/2026 16:07:10] Read data (COM4)	
    50 00 81 84 00 00 00 00 00 00 00 00 00 00 00 00   P.ÅÑ............	
    00 00 00 00 00 09 09 00 00 00 00 09 00 00 00 00   ................	
    09 00 00 00 79                                    ....y           	
[20/02/2026 16:07:10] Written data (COM4)	
    50 00 81 95 00 00 00 00 00 00 00 00 00 00 00 00   P.Åï............	
    00 00 00 00 00 00 00 00 00 00 00 00 00 00 00 00   ................	
    00 00 00 00 66                                    ....f           	
[20/02/2026 16:07:10] Read data (COM4)	
    50 00 81 95 09 09 00 00 00 00 09 00 00 00 00 09   P.Åï............	
    00 00 00 00 09 00 00 00 04 a0 02 97 02 a0 02 9c   .........†.ó.†.ú	
    02 9c 02 9c 4c                                    .ú.úL           	
[20/02/2026 16:07:10] Written data (COM4)	
    50 00 81 44 00 00 00 00 00 00 00 00 00 00 00 00   P.ÅD............	
    00 00 00 00 00 00 00 00 00 00 00 00 00 00 00 00   ................	
    00 00 00 00 15                                    .....           	
[20/02/2026 16:07:10] Read data (COM4)	
    50 00 81 44 08 00 00 00 01 14 1a 02 14 10 00 35   P.ÅD...........5	
    c4 94 97 00 00 00 00 00 00 00 00 00 00 00 00 00   ƒîó.............	
    00 00 00 00 96                                    ....ñ           	
[20/02/2026 16:07:10] Written data (COM4)	
    50 00 81 64 00 00 00 00 00 00 00 00 00 00 00 00   P.Åd............	
    00 00 00 00 00 00 00 00 00 00 00 00 00 00 00 00   ................	
    00 00 00 00 35                                    ....5           	
[20/02/2026 16:07:10] Read data (COM4)	
    50 00 81 64 00 00 80 00 00 00 00 00 00 00 00 00   P.Åd..Ä.........	
    00 00 00 00 00 00 00 00 00 00 00 00 00 00 00 00   ................	
    00 00 00 00 b5                                    ....µ           	
[20/02/2026 16:07:11] Written data (COM4)	
    50 00 81 84 00 00 00 00 00 00 00 00 00 00 00 00   P.ÅÑ............	
    00 00 00 00 00 00 00 00 00 00 00 00 00 00 00 00   ................	
    00 00 00 00 55                                    ....U           	
[20/02/2026 16:07:11] Read data (COM4)	
    50 00 81 84 00 00 00 00 00 00 00 00 00 00 00 00   P.ÅÑ............	
    00 00 00 00 00 09 09 00 00 00 00 09 00 00 00 00   ................	
    09 00 00 00 79                                    ....y           	
[20/02/2026 16:07:11] Written data (COM4)	
    50 00 81 95 00 00 00 00 00 00 00 00 00 00 00 00   P.Åï............	
    00 00 00 00 00 00 00 00 00 00 00 00 00 00 00 00   ................	
    00 00 00 00 66                                    ....f           	
[20/02/2026 16:07:11] Read data (COM4)	
    50 00 81 95 09 09 00 00 00 00 09 00 00 00 00 09   P.Åï............	
    00 00 00 00 09 00 00 00 04 a0 02 97 02 a0 02 9c   .........†.ó.†.ú	
    02 9c 02 9c 4c                                    .ú.úL           	
[20/02/2026 16:07:11] Written data (COM4)	
    50 00 81 44 00 00 00 00 00 00 00 00 00 00 00 00   P.ÅD............	
    00 00 00 00 00 00 00 00 00 00 00 00 00 00 00 00   ................	
    00 00 00 00 15                                    .....           	
[20/02/2026 16:07:11] Read data (COM4)	
    50 00 81 44 08 00 00 00 01 14 1a 02 14 10 00 36   P.ÅD...........6	
    c5 94 98 00 00 00 00 00 00 00 00 00 00 00 00 00   ≈îò.............	
    00 00 00 00 99                                    ....ô           	
[20/02/2026 16:07:11] Written data (COM4)	
    50 00 81 64 00 00 00 00 00 00 00 00 00 00 00 00   P.Åd............	
    00 00 00 00 00 00 00 00 00 00 00 00 00 00 00 00   ................	
    00 00 00 00 35                                    ....5           	
[20/02/2026 16:07:11] Read data (COM4)	
    50 00 81 64 00 00 80 00 00 00 00 00 00 00 00 00   P.Åd..Ä.........	
    00 00 00 00 00 00 00 00 00 00 00 00 00 00 00 00   ................	
    00 00 00 00 b5                                    ....µ           	
[20/02/2026 16:07:11] Written data (COM4)	
    50 00 81 84 00 00 00 00 00 00 00 00 00 00 00 00   P.ÅÑ............	
    00 00 00 00 00 00 00 00 00 00 00 00 00 00 00 00   ................	
    00 00 00 00 55                                    ....U           	
[20/02/2026 16:07:11] Read data (COM4)	
    50 00 81 84 00 00 00 00 00 00 00 00 00 00 00 00   P.ÅÑ............	
    00 00 00 00 00 09 09 00 00 00 00 09 00 00 00 00   ................	
    08 00 00 00 78                                    ....x           	
[20/02/2026 16:07:12] Written data (COM4)	
    50 00 81 95 00 00 00 00 00 00 00 00 00 00 00 00   P.Åï............	
    00 00 00 00 00 00 00 00 00 00 00 00 00 00 00 00   ................	
    00 00 00 00 66                                    ....f           	
[20/02/2026 16:07:12] Read data (COM4)	
    50 00 81 95 09 09 00 00 00 00 09 00 00 00 00 08   P.Åï............	
    00 00 00 00 09 00 00 00 04 a0 02 97 02 a0 02 9c   .........†.ó.†.ú	
    02 9c 02 9c 4b                                    .ú.úK           	
[20/02/2026 16:07:12] Written data (COM4)	
    50 00 81 44 00 00 00 00 00 00 00 00 00 00 00 00   P.ÅD............	
    00 00 00 00 00 00 00 00 00 00 00 00 00 00 00 00   ................	
    00 00 00 00 15                                    .....           	
[20/02/2026 16:07:12] Read data (COM4)	
    50 00 81 44 08 00 00 00 01 14 1a 02 14 10 00 37   P.ÅD...........7	
    c4 94 98 00 20 00 00 00 00 00 00 00 00 00 00 00   ƒîò. ...........	
    00 00 00 00 b9                                    ....π           	
[20/02/2026 16:07:12] Written data (COM4)	
    50 00 81 64 00 00 00 00 00 00 00 00 00 00 00 00   P.Åd............	
    00 00 00 00 00 00 00 00 00 00 00 00 00 00 00 00   ................	
    00 00 00 00 35                                    ....5           	
[20/02/2026 16:07:12] Read data (COM4)	
    50 00 81 64 00 00 80 00 00 00 00 00 00 00 00 00   P.Åd..Ä.........	
    00 00 00 00 00 00 00 00 00 00 00 00 00 00 00 00   ................	
    00 00 00 00 b5                                    ....µ           	
[20/02/2026 16:07:12] Written data (COM4)	
    50 00 81 84 00 00 00 00 00 00 00 00 00 00 00 00   P.ÅÑ............	
    00 00 00 00 00 00 00 00 00 00 00 00 00 00 00 00   ................	
    00 00 00 00 55                                    ....U           	
[20/02/2026 16:07:12] Read data (COM4)	
    50 00 81 84 00 00 00 00 00 00 00 00 00 00 00 00   P.ÅÑ............	
    00 00 00 00 00 09 09 00 00 00 00 09 00 00 00 00   ................	
    08 00 00 00 78                                    ....x           	
[20/02/2026 16:07:12] Written data (COM4)	
    50 00 81 95 00 00 00 00 00 00 00 00 00 00 00 00   P.Åï............	
    00 00 00 00 00 00 00 00 00 00 00 00 00 00 00 00   ................	
    00 00 00 00 66                                    ....f           	
[20/02/2026 16:07:13] Read data (COM4)	
    50 00 81 95 09 09 00 00 00 00 09 00 00 00 00 08   P.Åï............	
    00 00 00 00 09 00 00 00 04 a0 02 97 02 a0 02 9c   .........†.ó.†.ú	
    02 9c 02 9c 4b                                    .ú.úK           	
[20/02/2026 16:07:13] Written data (COM4)	
    50 00 81 44 00 00 00 00 00 00 00 00 00 00 00 00   P.ÅD............	
    00 00 00 00 00 00 00 00 00 00 00 00 00 00 00 00   ................	
    00 00 00 00 15                                    .....           	
[20/02/2026 16:07:13] Read data (COM4)	
    50 00 81 44 08 00 00 00 01 14 1a 02 14 10 00 38   P.ÅD...........8	
    c4 94 98 00 20 00 00 00 00 00 00 00 00 00 00 00   ƒîò. ...........	
    00 00 00 00 ba                                    ....∫           	
[20/02/2026 16:07:13] Written data (COM4)	
    50 00 81 64 00 00 00 00 00 00 00 00 00 00 00 00   P.Åd............	
    00 00 00 00 00 00 00 00 00 00 00 00 00 00 00 00   ................	
    00 00 00 00 35                                    ....5           	
[20/02/2026 16:07:13] Read data (COM4)	
    50 00 81 64 00 00 80 00 00 00 00 00 00 00 00 00   P.Åd..Ä.........	
    00 00 00 00 00 00 00 00 00 00 00 00 00 00 00 00   ................	
    00 00 00 00 b5                                    ....µ           	
[20/02/2026 16:07:13] Written data (COM4)	
    50 00 81 84 00 00 00 00 00 00 00 00 00 00 00 00   P.ÅÑ............	
    00 00 00 00 00 00 00 00 00 00 00 00 00 00 00 00   ................	
    00 00 00 00 55                                    ....U           	
[20/02/2026 16:07:13] Read data (COM4)	
    50 00 81 84 00 00 00 00 00 00 00 00 00 00 00 00   P.ÅÑ............	
    00 00 00 00 00 09 09 00 00 00 00 09 00 00 00 00   ................	
    08 00 00 00 78                                    ....x           	
[20/02/2026 16:07:13] Written data (COM4)	
    50 00 81 95 00 00 00 00 00 00 00 00 00 00 00 00   P.Åï............	
    00 00 00 00 00 00 00 00 00 00 00 00 00 00 00 00   ................	
    00 00 00 00 66                                    ....f           	
[20/02/2026 16:07:13] Read data (COM4)	
    50 00 81 95 09 09 00 00 00 00 09 00 00 00 00 08   P.Åï............	
    00 00 00 00 09 00 00 00 04 a0 02 97 02 a0 02 9c   .........†.ó.†.ú	
    02 9c 02 9c 4b                                    .ú.úK           	
[20/02/2026 16:07:14] Written data (COM4)	
    50 00 81 44 00 00 00 00 00 00 00 00 00 00 00 00   P.ÅD............	
    00 00 00 00 00 00 00 00 00 00 00 00 00 00 00 00   ................	
    00 00 00 00 15                                    .....           	
[20/02/2026 16:07:14] Read data (COM4)	
    50 00 81 44 08 00 00 00 01 14 1a 02 14 10 00 39   P.ÅD...........9	
    c5 94 98 00 20 00 00 00 00 00 00 00 00 00 00 00   ≈îò. ...........	
    00 00 00 00 bc                                    ....º           	
[20/02/2026 16:07:14] Written data (COM4)	
    50 00 81 64 00 00 00 00 00 00 00 00 00 00 00 00   P.Åd............	
    00 00 00 00 00 00 00 00 00 00 00 00 00 00 00 00   ................	
    00 00 00 00 35                                    ....5           	
[20/02/2026 16:07:14] Read data (COM4)	
    50 00 81 64 00 00 80 00 00 00 00 00 00 00 00 00   P.Åd..Ä.........	
    00 00 00 00 00 00 00 00 00 00 00 00 00 00 00 00   ................	
    00 00 00 00 b5                                    ....µ           	
[20/02/2026 16:07:14] Written data (COM4)	
    50 00 81 84 00 00 00 00 00 00 00 00 00 00 00 00   P.ÅÑ............	
    00 00 00 00 00 00 00 00 00 00 00 00 00 00 00 00   ................	
    00 00 00 00 55                                    ....U           	
[20/02/2026 16:07:14] Read data (COM4)	
    50 00 81 84 00 00 00 00 00 00 00 00 00 00 00 00   P.ÅÑ............	
    00 00 00 00 00 09 09 00 00 00 00 09 00 00 00 00   ................	
    08 00 00 00 78                                    ....x           	
[20/02/2026 16:07:14] Written data (COM4)	
    50 00 81 95 00 00 00 00 00 00 00 00 00 00 00 00   P.Åï............	
    00 00 00 00 00 00 00 00 00 00 00 00 00 00 00 00   ................	
    00 00 00 00 66                                    ....f           	
[20/02/2026 16:07:14] Read data (COM4)	
    50 00 81 95 09 09 00 00 00 00 09 00 00 00 00 08   P.Åï............	
    00 00 00 00 09 00 00 00 04 a0 02 97 02 a0 02 9c   .........†.ó.†.ú	
    02 9c 02 9c 4b                                    .ú.úK           	
[20/02/2026 16:07:14] Written data (COM4)	
    50 00 81 44 00 00 00 00 00 00 00 00 00 00 00 00   P.ÅD............	
    00 00 00 00 00 00 00 00 00 00 00 00 00 00 00 00   ................	
    00 00 00 00 15                                    .....           	
[20/02/2026 16:07:14] Read data (COM4)	
    50 00 81 44 08 00 00 00 01 14 1a 02 14 10 00 39   P.ÅD...........9	
    c5 94 98 00 20 00 00 00 00 00 00 00 00 00 00 00   ≈îò. ...........	
    00 00 00 00 bc                                    ....º           	
[20/02/2026 16:07:15] Written data (COM4)	
    50 00 81 64 00 00 00 00 00 00 00 00 00 00 00 00   P.Åd............	
    00 00 00 00 00 00 00 00 00 00 00 00 00 00 00 00   ................	
    00 00 00 00 35                                    ....5           	
[20/02/2026 16:07:15] Read data (COM4)	
    50 00 81 64 00 00 80 00 00 00 00 00 00 00 00 00   P.Åd..Ä.........	
    00 00 00 00 00 00 00 00 00 00 00 00 00 00 00 00   ................	
    00 00 00 00 b5                                    ....µ           	
[20/02/2026 16:07:15] Written data (COM4)	
    50 00 81 84 00 00 00 00 00 00 00 00 00 00 00 00   P.ÅÑ............	
    00 00 00 00 00 00 00 00 00 00 00 00 00 00 00 00   ................	
    00 00 00 00 55                                    ....U           	
[20/02/2026 16:07:15] Read data (COM4)	
    50 00 81 84 00 00 00 00 00 00 00 00 00 00 00 00   P.ÅÑ............	
    00 00 00 00 00 09 09 00 00 00 00 09 00 00 00 00   ................	
    08 00 00 00 78                                    ....x           	
[20/02/2026 16:07:15] Written data (COM4)	
    50 00 81 95 00 00 00 00 00 00 00 00 00 00 00 00   P.Åï............	
    00 00 00 00 00 00 00 00 00 00 00 00 00 00 00 00   ................	
    00 00 00 00 66                                    ....f           	
[20/02/2026 16:07:15] Read data (COM4)	
    50 00 81 95 09 09 00 00 00 00 09 00 00 00 00 08   P.Åï............	
    00 00 00 00 09 00 00 00 04 a0 02 97 02 a0 02 9c   .........†.ó.†.ú	
    02 9c 02 9c 4b                                    .ú.úK           	
[20/02/2026 16:07:15] Written data (COM4)	
    50 00 81 44 00 00 00 00 00 00 00 00 00 00 00 00   P.ÅD............	
    00 00 00 00 00 00 00 00 00 00 00 00 00 00 00 00   ................	
    00 00 00 00 15                                    .....           	
[20/02/2026 16:07:15] Read data (COM4)	
    50 00 81 44 08 00 00 00 01 14 1a 02 14 10 00 3a   P.ÅD...........:	
    c5 94 98 00 20 00 00 00 00 00 00 00 00 00 00 00   ≈îò. ...........	
    00 00 00 00 bd                                    ....Ω           	
[20/02/2026 16:07:15] Written data (COM4)	
    50 00 81 64 00 00 00 00 00 00 00 00 00 00 00 00   P.Åd............	
    00 00 00 00 00 00 00 00 00 00 00 00 00 00 00 00   ................	
    00 00 00 00 35                                    ....5           	
[20/02/2026 16:07:15] Read data (COM4)	
    50 00 81 64 00 00 80 00 00 00 00 00 00 00 00 00   P.Åd..Ä.........	
    00 00 00 00 00 00 00 00 00 00 00 00 00 00 00 00   ................	
    00 00 00 00 b5                                    ....µ           	
[20/02/2026 16:07:16] Written data (COM4)	
    50 00 81 84 00 00 00 00 00 00 00 00 00 00 00 00   P.ÅÑ............	
    00 00 00 00 00 00 00 00 00 00 00 00 00 00 00 00   ................	
    00 00 00 00 55                                    ....U           	
[20/02/2026 16:07:16] Read data (COM4)	
    50 00 81 84 00 00 00 00 00 00 00 00 00 00 00 00   P.ÅÑ............	
    00 00 00 00 00 09 09 00 00 00 00 09 00 00 00 00   ................	
    08 00 00 00 78                                    ....x           	
[20/02/2026 16:07:16] Written data (COM4)	
    50 00 81 95 00 00 00 00 00 00 00 00 00 00 00 00   P.Åï............	
    00 00 00 00 00 00 00 00 00 00 00 00 00 00 00 00   ................	
    00 00 00 00 66                                    ....f           	
[20/02/2026 16:07:16] Read data (COM4)	
    50 00 81 95 09 09 00 00 00 00 09 00 00 00 00 08   P.Åï............	
    00 00 00 00 09 00 00 00 04 a0 02 97 02 a0 02 9c   .........†.ó.†.ú	
    02 9c 02 9c 4b                                    .ú.úK           	
[20/02/2026 16:07:16] Written data (COM4)	
    50 00 81 44 00 00 00 00 00 00 00 00 00 00 00 00   P.ÅD............	
    00 00 00 00 00 00 00 00 00 00 00 00 00 00 00 00   ................	
    00 00 00 00 15                                    .....           	
[20/02/2026 16:07:16] Read data (COM4)	
    50 00 81 44 08 00 00 00 01 14 1a 02 14 10 00 3b   P.ÅD...........;	
    c5 94 98 00 20 00 00 00 00 00 00 00 00 00 00 00   ≈îò. ...........	
    00 00 00 00 be                                    ....æ           	
[20/02/2026 16:07:16] Written data (COM4)	
    50 00 81 64 00 00 00 00 00 00 00 00 00 00 00 00   P.Åd............	
    00 00 00 00 00 00 00 00 00 00 00 00 00 00 00 00   ................	
    00 00 00 00 35                                    ....5           	
[20/02/2026 16:07:16] Read data (COM4)	
    50 00 81 64 00 00 80 00 00 00 00 00 00 00 00 00   P.Åd..Ä.........	
    00 00 00 00 00 00 00 00 00 00 00 00 00 00 00 00   ................	
    00 00 00 00 b5                                    ....µ           	
[20/02/2026 16:07:16] Written data (COM4)	
    50 00 81 84 00 00 00 00 00 00 00 00 00 00 00 00   P.ÅÑ............	
    00 00 00 00 00 00 00 00 00 00 00 00 00 00 00 00   ................	
    00 00 00 00 55                                    ....U           	
[20/02/2026 16:07:16] Read data (COM4)	
    50 00 81 84 00 00 00 00 00 00 00 00 00 00 00 00   P.ÅÑ............	
    00 00 00 00 00 59 18 00 00 00 00 09 00 00 00 00   .....Y..........	
    08 00 00 00 d7                                    ....◊           	
[20/02/2026 16:07:17] Written data (COM4)	
    50 00 81 95 00 00 00 00 00 00 00 00 00 00 00 00   P.Åï............	
    00 00 00 00 00 00 00 00 00 00 00 00 00 00 00 00   ................	
    00 00 00 00 66                                    ....f           	
[20/02/2026 16:07:17] Read data (COM4)	
    50 00 81 95 59 18 00 00 00 00 09 00 00 00 00 08   P.ÅïY...........	
    00 00 00 00 09 00 00 00 04 a1 02 97 02 a1 02 9c   .........°.ó.°.ú	
    02 9c 02 9c ac                                    .ú.ú¨           	
[20/02/2026 16:07:17] Written data (COM4)	
    50 00 81 44 00 00 00 00 00 00 00 00 00 00 00 00   P.ÅD............	
    00 00 00 00 00 00 00 00 00 00 00 00 00 00 00 00   ................	
    00 00 00 00 15                                    .....           	
[20/02/2026 16:07:17] Read data (COM4)	
    50 00 81 44 08 00 00 00 01 14 1a 02 14 10 01 00   P.ÅD............	
    c5 94 98 00 20 00 01 00 00 00 00 00 00 00 00 00   ≈îò. ...........	
    00 00 00 00 85                                    ....Ö           	
[20/02/2026 16:07:17] Written data (COM4)	
    50 00 81 64 00 00 00 00 00 00 00 00 00 00 00 00   P.Åd............	
    00 00 00 00 00 00 00 00 00 00 00 00 00 00 00 00   ................	
    00 00 00 00 35                                    ....5           	
[20/02/2026 16:07:17] Read data (COM4)	
    50 00 81 64 00 00 80 00 00 00 00 00 00 00 00 00   P.Åd..Ä.........	
    00 00 00 00 00 00 00 00 00 00 00 00 00 c0 00 00   .............¿..	
    00 00 00 00 75                                    ....u           	
[20/02/2026 16:07:17] Written data (COM4)	
    50 00 81 84 00 00 00 00 00 00 00 00 00 00 00 00   P.ÅÑ............	
    00 00 00 00 00 00 00 00 00 00 00 00 00 00 00 00   ................	
    00 00 00 00 55                                    ....U           	
[20/02/2026 16:07:17] Read data (COM4)	
    50 00 81 84 00 00 00 00 00 00 00 00 00 00 00 00   P.ÅÑ............	
    00 00 00 00 00 59 19 00 00 00 00 09 00 00 00 00   .....Y..........	
    08 00 00 00 d8                                    ....ÿ           	
[20/02/2026 16:07:18] Written data (COM4)	
    50 00 81 95 00 00 00 00 00 00 00 00 00 00 00 00   P.Åï............	
    00 00 00 00 00 00 00 00 00 00 00 00 00 00 00 00   ................	
    00 00 00 00 66                                    ....f           	
[20/02/2026 16:07:18] Read data (COM4)	
    50 00 81 95 59 19 00 00 00 00 09 00 00 00 00 08   P.ÅïY...........	
    00 00 00 00 09 00 00 00 04 a1 02 97 02 a1 02 9c   .........°.ó.°.ú	
    02 9c 02 9c ad                                    .ú.ú≠           	
[20/02/2026 16:07:18] Written data (COM4)	
    50 00 81 44 00 00 00 00 00 00 00 00 00 00 00 00   P.ÅD............	
    00 00 00 00 00 00 00 00 00 00 00 00 00 00 00 00   ................	
    00 00 00 00 15                                    .....           	
[20/02/2026 16:07:18] Read data (COM4)	
    50 00 81 44 08 00 00 00 01 14 1a 02 14 10 01 01   P.ÅD............	
    c4 94 97 00 20 00 00 00 00 00 00 00 00 00 00 00   ƒîó. ...........	
    00 00 00 00 83                                    ....É           	
[20/02/2026 16:07:18] Written data (COM4)	
    50 00 81 64 00 00 00 00 00 00 00 00 00 00 00 00   P.Åd............	
    00 00 00 00 00 00 00 00 00 00 00 00 00 00 00 00   ................	
    00 00 00 00 35                                    ....5           	
[20/02/2026 16:07:18] Read data (COM4)	
    50 00 81 64 00 00 80 00 00 00 00 00 00 00 00 00   P.Åd..Ä.........	
    00 00 00 00 00 00 00 00 00 00 00 00 00 c0 00 00   .............¿..	
    00 00 00 00 75                                    ....u           	
[20/02/2026 16:07:18] Written data (COM4)	
    50 00 81 84 00 00 00 00 00 00 00 00 00 00 00 00   P.ÅÑ............	
    00 00 00 00 00 00 00 00 00 00 00 00 00 00 00 00   ................	
    00 00 00 00 55                                    ....U           	
[20/02/2026 16:07:18] Read data (COM4)	
    50 00 81 84 00 00 00 00 00 00 00 00 00 00 00 00   P.ÅÑ............	
    00 00 00 00 00 59 19 00 00 00 00 09 00 00 00 00   .....Y..........	
    08 00 00 00 d8                                    ....ÿ           	
[20/02/2026 16:07:18] Written data (COM4)	
    50 00 81 95 00 00 00 00 00 00 00 00 00 00 00 00   P.Åï............	
    00 00 00 00 00 00 00 00 00 00 00 00 00 00 00 00   ................	
    00 00 00 00 66                                    ....f           	
[20/02/2026 16:07:18] Read data (COM4)	
    50 00 81 95 59 19 00 00 00 00 09 00 00 00 00 08   P.ÅïY...........	
    00 00 00 00 09 00 00 00 04 a1 02 97 02 a1 02 9c   .........°.ó.°.ú	
    02 9c 02 9c ad                                    .ú.ú≠           	
[20/02/2026 16:07:19] Written data (COM4)	
    50 00 81 44 00 00 00 00 00 00 00 00 00 00 00 00   P.ÅD............	
    00 00 00 00 00 00 00 00 00 00 00 00 00 00 00 00   ................	
    00 00 00 00 15                                    .....           	
[20/02/2026 16:07:19] Read data (COM4)	
    50 00 81 44 08 00 00 00 01 14 1a 02 14 10 01 02   P.ÅD............	
    c5 94 97 00 20 00 00 00 00 00 00 00 00 00 00 00   ≈îó. ...........	
    00 00 00 00 85                                    ....Ö           	
[20/02/2026 16:07:19] Written data (COM4)	
    50 00 81 64 00 00 00 00 00 00 00 00 00 00 00 00   P.Åd............	
    00 00 00 00 00 00 00 00 00 00 00 00 00 00 00 00   ................	
    00 00 00 00 35                                    ....5           	
[20/02/2026 16:07:19] Read data (COM4)	
    50 00 81 64 00 00 80 00 00 00 00 00 00 00 00 00   P.Åd..Ä.........	
    00 00 00 00 00 00 00 00 00 00 00 00 00 c0 00 00   .............¿..	
    00 00 00 00 75                                    ....u           	
[20/02/2026 16:07:19] Written data (COM4)	
    50 00 81 84 00 00 00 00 00 00 00 00 00 00 00 00   P.ÅÑ............	
    00 00 00 00 00 00 00 00 00 00 00 00 00 00 00 00   ................	
    00 00 00 00 55                                    ....U           	
[20/02/2026 16:07:19] Read data (COM4)	
    50 00 81 84 00 00 00 00 00 00 00 00 00 00 00 00   P.ÅÑ............	
    00 00 00 00 00 59 19 00 00 00 00 09 00 00 00 00   .....Y..........	
    08 00 00 00 d8                                    ....ÿ           	
[20/02/2026 16:07:19] Written data (COM4)	
    50 00 81 95 00 00 00 00 00 00 00 00 00 00 00 00   P.Åï............	
    00 00 00 00 00 00 00 00 00 00 00 00 00 00 00 00   ................	
    00 00 00 00 66                                    ....f           	
[20/02/2026 16:07:19] Read data (COM4)	
    50 00 81 95 59 19 00 00 00 00 09 00 00 00 00 08   P.ÅïY...........	
    00 00 00 00 09 00 00 00 04 a1 02 97 02 a1 02 9c   .........°.ó.°.ú	
    02 9c 02 9c ad                                    .ú.ú≠           	
[20/02/2026 16:07:19] Written data (COM4)	
    50 00 81 44 00 00 00 00 00 00 00 00 00 00 00 00   P.ÅD............	
    00 00 00 00 00 00 00 00 00 00 00 00 00 00 00 00   ................	
    00 00 00 00 15                                    .....           	
[20/02/2026 16:07:19] Read data (COM4)	
    50 00 81 44 08 00 00 00 01 14 1a 02 14 10 01 02   P.ÅD............	
    c5 94 98 00 20 00 00 00 00 00 00 00 00 00 00 00   ≈îò. ...........	
    00 00 00 00 86                                    ....Ü           	
[20/02/2026 16:07:20] Written data (COM4)	
    50 00 81 64 00 00 00 00 00 00 00 00 00 00 00 00   P.Åd............	
    00 00 00 00 00 00 00 00 00 00 00 00 00 00 00 00   ................	
    00 00 00 00 35                                    ....5           	
[20/02/2026 16:07:20] Read data (COM4)	
    50 00 81 64 00 00 80 00 00 00 00 00 00 00 00 00   P.Åd..Ä.........	
    00 00 00 00 00 00 00 00 00 00 00 00 00 c0 00 00   .............¿..	
    00 00 00 00 75                                    ....u           	
[20/02/2026 16:07:20] Written data (COM4)	
    50 00 81 84 00 00 00 00 00 00 00 00 00 00 00 00   P.ÅÑ............	
    00 00 00 00 00 00 00 00 00 00 00 00 00 00 00 00   ................	
    00 00 00 00 55                                    ....U           	
[20/02/2026 16:07:20] Read data (COM4)	
    50 00 81 84 00 00 00 00 00 00 00 00 00 00 00 00   P.ÅÑ............	
    00 00 00 00 00 59 19 00 00 00 00 09 00 00 00 00   .....Y..........	
    08 00 00 00 d8                                    ....ÿ           	
[20/02/2026 16:07:20] Written data (COM4)	
    50 00 81 95 00 00 00 00 00 00 00 00 00 00 00 00   P.Åï............	
    00 00 00 00 00 00 00 00 00 00 00 00 00 00 00 00   ................	
    00 00 00 00 66                                    ....f           	
[20/02/2026 16:07:20] Read data (COM4)	
    50 00 81 95 59 19 00 00 00 00 09 00 00 00 00 08   P.ÅïY...........	
    00 00 00 00 09 00 00 00 04 a1 02 97 02 a1 02 9c   .........°.ó.°.ú	
    02 9c 02 9c ad                                    .ú.ú≠           	
[20/02/2026 16:07:20] Written data (COM4)	
    50 00 81 44 00 00 00 00 00 00 00 00 00 00 00 00   P.ÅD............	
    00 00 00 00 00 00 00 00 00 00 00 00 00 00 00 00   ................	
    00 00 00 00 15                                    .....           	
[20/02/2026 16:07:20] Read data (COM4)	
    50 00 81 44 08 00 00 00 01 14 1a 02 14 10 01 03   P.ÅD............	
    c5 94 98 00 20 00 00 00 00 00 00 00 00 00 00 00   ≈îò. ...........	
    00 00 00 00 87                                    ....á           	
[20/02/2026 16:07:20] Written data (COM4)	
    50 00 81 64 00 00 00 00 00 00 00 00 00 00 00 00   P.Åd............	
    00 00 00 00 00 00 00 00 00 00 00 00 00 00 00 00   ................	
    00 00 00 00 35                                    ....5           	
[20/02/2026 16:07:20] Read data (COM4)	
    50 00 81 64 00 00 80 00 00 00 00 00 00 00 00 00   P.Åd..Ä.........	
    00 00 00 00 00 00 00 00 00 00 00 00 00 c0 00 00   .............¿..	
    00 00 00 00 75                                    ....u           	
[20/02/2026 16:07:21] Written data (COM4)	
    50 00 81 84 00 00 00 00 00 00 00 00 00 00 00 00   P.ÅÑ............	
    00 00 00 00 00 00 00 00 00 00 00 00 00 00 00 00   ................	
    00 00 00 00 55                                    ....U           	
[20/02/2026 16:07:21] Read data (COM4)	
    50 00 81 84 00 00 00 00 00 00 00 00 00 00 00 00   P.ÅÑ............	
    00 00 00 00 00 59 19 00 00 00 00 09 00 00 00 00   .....Y..........	
    08 00 00 00 d8                                    ....ÿ           	
[20/02/2026 16:07:21] Written data (COM4)	
    50 00 81 95 00 00 00 00 00 00 00 00 00 00 00 00   P.Åï............	
    00 00 00 00 00 00 00 00 00 00 00 00 00 00 00 00   ................	
    00 00 00 00 66                                    ....f           	
[20/02/2026 16:07:21] Read data (COM4)	
    50 00 81 95 59 19 00 00 00 00 09 00 00 00 00 08   P.ÅïY...........	
    00 00 00 00 09 00 00 00 04 a1 02 97 02 a1 02 9c   .........°.ó.°.ú	
    02 9c 02 9c ad                                    .ú.ú≠           	
[20/02/2026 16:07:21] Written data (COM4)	
    50 00 81 44 00 00 00 00 00 00 00 00 00 00 00 00   P.ÅD............	
    00 00 00 00 00 00 00 00 00 00 00 00 00 00 00 00   ................	
    00 00 00 00 15                                    .....           	
[20/02/2026 16:07:21] Read data (COM4)	
    50 00 81 44 08 00 00 00 01 14 1a 02 14 10 01 04   P.ÅD............	
    c5 94 97 00 20 00 00 00 00 00 00 00 00 00 00 00   ≈îó. ...........	
    00 00 00 00 87                                    ....á           	
[20/02/2026 16:07:21] Written data (COM4)	
    50 00 81 64 00 00 00 00 00 00 00 00 00 00 00 00   P.Åd............	
    00 00 00 00 00 00 00 00 00 00 00 00 00 00 00 00   ................	
    00 00 00 00 35                                    ....5           	
[20/02/2026 16:07:21] Read data (COM4)	
    50 00 81 64 00 00 80 00 00 00 00 00 00 00 00 00   P.Åd..Ä.........	
    00 00 00 00 00 00 00 00 00 00 00 00 00 c0 00 00   .............¿..	
    00 00 00 00 75                                    ....u           	
[20/02/2026 16:07:21] Written data (COM4)	
    50 00 81 84 00 00 00 00 00 00 00 00 00 00 00 00   P.ÅÑ............	
    00 00 00 00 00 00 00 00 00 00 00 00 00 00 00 00   ................	
    00 00 00 00 55                                    ....U           	
[20/02/2026 16:07:22] Read data (COM4)	
    50 00 81 84 00 00 00 00 00 00 00 00 00 00 00 00   P.ÅÑ............	
    00 00 00 00 00 59 19 00 00 00 00 09 00 00 00 00   .....Y..........	
    08 00 00 00 d8                                    ....ÿ           	
[20/02/2026 16:07:22] Written data (COM4)	
    50 00 81 95 00 00 00 00 00 00 00 00 00 00 00 00   P.Åï............	
    00 00 00 00 00 00 00 00 00 00 00 00 00 00 00 00   ................	
    00 00 00 00 66                                    ....f           	
[20/02/2026 16:07:22] Read data (COM4)	
    50 00 81 95 59 19 00 00 00 00 09 00 00 00 00 08   P.ÅïY...........	
    00 00 00 00 09 00 00 00 04 a1 02 97 02 a1 02 9c   .........°.ó.°.ú	
    02 9c 02 9c ad                                    .ú.ú≠           	
[20/02/2026 16:07:22] Written data (COM4)	
    50 00 81 44 00 00 00 00 00 00 00 00 00 00 00 00   P.ÅD............	
    00 00 00 00 00 00 00 00 00 00 00 00 00 00 00 00   ................	
    00 00 00 00 15                                    .....           	
[20/02/2026 16:07:22] Read data (COM4)	
    50 00 81 44 08 00 00 00 01 14 1a 02 14 10 01 05   P.ÅD............	
    c5 94 97 00 20 00 00 00 00 00 00 00 00 00 00 00   ≈îó. ...........	
    00 00 00 00 88                                    ....à           	
[20/02/2026 16:07:22] Written data (COM4)	
    50 00 81 64 00 00 00 00 00 00 00 00 00 00 00 00   P.Åd............	
    00 00 00 00 00 00 00 00 00 00 00 00 00 00 00 00   ................	
    00 00 00 00 35                                    ....5           	
[20/02/2026 16:07:22] Read data (COM4)	
    50 00 81 64 00 00 80 00 00 00 00 00 00 00 00 00   P.Åd..Ä.........	
    00 00 00 00 00 00 00 00 00 00 00 00 00 c0 00 00   .............¿..	
    00 00 00 00 75                                    ....u           	
[20/02/2026 16:07:22] Written data (COM4)	
    50 00 81 84 00 00 00 00 00 00 00 00 00 00 00 00   P.ÅÑ............	
    00 00 00 00 00 00 00 00 00 00 00 00 00 00 00 00   ................	
    00 00 00 00 55                                    ....U           	
[20/02/2026 16:07:22] Read data (COM4)	
    50 00 81 84 00 00 00 00 00 00 00 00 00 00 00 00   P.ÅÑ............	
    00 00 00 00 00 59 19 00 00 00 00 09 00 00 00 00   .....Y..........	
    08 00 00 00 d8                                    ....ÿ           	
[20/02/2026 16:07:23] Written data (COM4)	
    50 00 81 95 00 00 00 00 00 00 00 00 00 00 00 00   P.Åï............	
    00 00 00 00 00 00 00 00 00 00 00 00 00 00 00 00   ................	
    00 00 00 00 66                                    ....f           	
[20/02/2026 16:07:23] Read data (COM4)	
    50 00 81 95 59 19 00 00 00 00 09 00 00 00 00 08   P.ÅïY...........	
    00 00 00 00 09 00 00 00 04 a1 02 97 02 a1 02 9c   .........°.ó.°.ú	
    02 9c 02 9c ad                                    .ú.ú≠           	
[20/02/2026 16:07:23] Written data (COM4)	
    50 00 81 44 00 00 00 00 00 00 00 00 00 00 00 00   P.ÅD............	
    00 00 00 00 00 00 00 00 00 00 00 00 00 00 00 00   ................	
    00 00 00 00 15                                    .....           	
[20/02/2026 16:07:23] Read data (COM4)	
    50 00 81 44 08 00 00 00 01 14 1a 02 14 10 01 06   P.ÅD............	
    c5 94 98 00 20 00 00 00 00 00 00 00 00 00 00 00   ≈îò. ...........	
    00 00 00 00 8a                                    ....ä           	
[20/02/2026 16:07:23] Written data (COM4)	
    50 00 81 64 00 00 00 00 00 00 00 00 00 00 00 00   P.Åd............	
    00 00 00 00 00 00 00 00 00 00 00 00 00 00 00 00   ................	
    00 00 00 00 35                                    ....5           	
[20/02/2026 16:07:23] Read data (COM4)	
    50 00 81 64 00 00 80 00 00 00 00 00 00 00 00 00   P.Åd..Ä.........	
    00 00 00 00 00 00 00 00 00 00 00 00 00 c0 00 00   .............¿..	
    00 00 00 00 75                                    ....u           	
[20/02/2026 16:07:23] Written data (COM4)	
    50 00 81 84 00 00 00 00 00 00 00 00 00 00 00 00   P.ÅÑ............	
    00 00 00 00 00 00 00 00 00 00 00 00 00 00 00 00   ................	
    00 00 00 00 55                                    ....U           	
[20/02/2026 16:07:23] Read data (COM4)	
    50 00 81 84 00 00 00 00 00 00 00 00 00 00 00 00   P.ÅÑ............	
    00 00 00 00 00 59 19 00 00 00 00 09 00 00 00 00   .....Y..........	
    08 00 00 00 d8                                    ....ÿ           	
[20/02/2026 16:07:23] Written data (COM4)	
    40 00 60 00 00 00 00 00 00 00 00 00 00 00 00 00   @.`.............	
    00 00 00 00 00 00 00 00 00 00 00 00 00 00 00 00   ................	
    00 00 00 00 a0                                    ....†           	
[20/02/2026 16:07:23] Read data (COM4)	
    40 00 60 00 00 00 00 00 00 00 00 00 00 00 00 00   @.`.............	
    00 00 00 00 00 00 00 00 00 00 00 00 00 00 00 00   ................	
    00 00 00 00 a0                                    ....†           	
[20/02/2026 16:07:24] Written data (COM4)	
    50 00 81 95 00 00 00 00 00 00 00 00 00 00 00 00   P.Åï............	
    00 00 00 00 00 00 00 00 00 00 00 00 00 00 00 00   ................	
    00 00 00 00 66                                    ....f           	
[20/02/2026 16:07:24] Read data (COM4)	
    50 00 81 95 00 19 00 00 00 00 09 00 00 00 00 08   P.Åï............	
    00 00 00 00 09 00 00 00 04 a3 02 97 02 a2 02 9c   .........£.ó.¢.ú	
    02 9c 02 9c 57                                    .ú.úW           	
[20/02/2026 16:07:24] Written data (COM4)	
    50 00 81 44 00 00 00 00 00 00 00 00 00 00 00 00   P.ÅD............	
    00 00 00 00 00 00 00 00 00 00 00 00 00 00 00 00   ................	
    00 00 00 00 15                                    .....           	
[20/02/2026 16:07:24] Read data (COM4)	
    50 00 81 44 08 00 00 00 01 14 1a 02 14 10 01 07   P.ÅD............	
    c4 94 98 00 20 00 00 00 00 00 00 00 00 00 00 00   ƒîò. ...........	
    00 00 00 00 8a                                    ....ä           	
[20/02/2026 16:07:24] Written data (COM4)	
    50 00 81 64 00 00 00 00 00 00 00 00 00 00 00 00   P.Åd............	
    00 00 00 00 00 00 00 00 00 00 00 00 00 00 00 00   ................	
    00 00 00 00 35                                    ....5           	
[20/02/2026 16:07:24] Read data (COM4)	
    50 00 81 64 00 00 80 00 00 00 00 00 00 00 00 00   P.Åd..Ä.........	
    00 00 00 00 00 00 00 00 00 00 00 00 00 80 00 00   .............Ä..	
    00 00 00 00 35                                    ....5           	
[20/02/2026 16:07:24] Written data (COM4)	
    50 00 81 84 00 00 00 00 00 00 00 00 00 00 00 00   P.ÅÑ............	
    00 00 00 00 00 00 00 00 00 00 00 00 00 00 00 00   ................	
    00 00 00 00 55                                    ....U           	
[20/02/2026 16:07:24] Read data (COM4)	
    50 00 81 84 00 00 00 00 00 00 00 00 00 00 00 00   P.ÅÑ............	
    00 00 00 00 00 00 19 00 00 00 00 09 00 00 00 00   ................	
    08 00 00 00 7f                                    ....           	
[20/02/2026 16:07:24] Written data (COM4)	
    50 00 81 95 00 00 00 00 00 00 00 00 00 00 00 00   P.Åï............	
    00 00 00 00 00 00 00 00 00 00 00 00 00 00 00 00   ................	
    00 00 00 00 66                                    ....f           	
[20/02/2026 16:07:24] Read data (COM4)	
    50 00 81 95 00 19 00 00 00 00 09 00 00 00 00 08   P.Åï............	
    00 00 00 00 09 00 00 00 04 a3 02 97 02 a3 02 9c   .........£.ó.£.ú	
    02 9c 02 9c 58                                    .ú.úX           	
[20/02/2026 16:07:25] Written data (COM4)	
    50 00 81 44 00 00 00 00 00 00 00 00 00 00 00 00   P.ÅD............	
    00 00 00 00 00 00 00 00 00 00 00 00 00 00 00 00   ................	
    00 00 00 00 15                                    .....           	
[20/02/2026 16:07:25] Read data (COM4)	
    50 00 81 44 08 00 00 00 01 14 1a 02 14 10 01 08   P.ÅD............	
    c4 94 97 00 20 00 00 00 00 00 00 00 00 00 00 00   ƒîó. ...........	
    00 00 00 00 8a                                    ....ä           	
[20/02/2026 16:07:25] Written data (COM4)	
    50 00 81 64 00 00 00 00 00 00 00 00 00 00 00 00   P.Åd............	
    00 00 00 00 00 00 00 00 00 00 00 00 00 00 00 00   ................	
    00 00 00 00 35                                    ....5           	
[20/02/2026 16:07:25] Read data (COM4)	
    50 00 81 64 00 00 80 00 00 00 00 00 00 00 00 00   P.Åd..Ä.........	
    00 00 00 00 00 00 00 00 00 00 00 00 00 80 00 00   .............Ä..	
    00 00 00 00 35                                    ....5           	
[20/02/2026 16:07:25] Written data (COM4)	
    50 00 81 84 00 00 00 00 00 00 00 00 00 00 00 00   P.ÅÑ............	
    00 00 00 00 00 00 00 00 00 00 00 00 00 00 00 00   ................	
    00 00 00 00 55                                    ....U           	
[20/02/2026 16:07:25] Read data (COM4)	
    50 00 81 84 00 00 00 00 00 00 00 00 00 00 00 00   P.ÅÑ............	
    00 00 00 00 00 00 19 00 00 00 00 09 00 00 00 00   ................	
    09 00 00 00 80                                    ....Ä           	
[20/02/2026 16:07:25] Written data (COM4)	
    50 00 81 95 00 00 00 00 00 00 00 00 00 00 00 00   P.Åï............	
    00 00 00 00 00 00 00 00 00 00 00 00 00 00 00 00   ................	
    00 00 00 00 66                                    ....f           	
[20/02/2026 16:07:25] Read data (COM4)	
    50 00 81 95 00 19 00 00 00 00 09 00 00 00 00 09   P.Åï............	
    00 00 00 00 09 00 00 00 04 a3 02 97 02 a3 02 9c   .........£.ó.£.ú	
    02 9c 02 9c 59                                    .ú.úY           	
[20/02/2026 16:07:25] Written data (COM4)	
    50 00 81 44 00 00 00 00 00 00 00 00 00 00 00 00   P.ÅD............	
    00 00 00 00 00 00 00 00 00 00 00 00 00 00 00 00   ................	
    00 00 00 00 15                                    .....           	
[20/02/2026 16:07:26] Read data (COM4)	
    50 00 81 44 08 00 00 00 01 14 1a 02 14 10 01 08   P.ÅD............	
    c5 94 98 00 00 00 00 00 00 00 00 00 00 00 00 00   ≈îò.............	
    00 00 00 00 6c                                    ....l           	
[20/02/2026 16:07:26] Written data (COM4)	
    50 00 81 64 00 00 00 00 00 00 00 00 00 00 00 00   P.Åd............	
    00 00 00 00 00 00 00 00 00 00 00 00 00 00 00 00   ................	
    00 00 00 00 35                                    ....5           	
[20/02/2026 16:07:26] Read data (COM4)	
    50 00 81 64 00 00 80 00 00 00 00 00 00 00 00 00   P.Åd..Ä.........	
    00 00 00 00 00 00 00 00 00 00 00 00 00 80 00 00   .............Ä..	
    00 00 00 00 35                                    ....5           	
[20/02/2026 16:07:26] Written data (COM4)	
    50 00 81 84 00 00 00 00 00 00 00 00 00 00 00 00   P.ÅÑ............	
    00 00 00 00 00 00 00 00 00 00 00 00 00 00 00 00   ................	
    00 00 00 00 55                                    ....U           	
[20/02/2026 16:07:26] Read data (COM4)	
    50 00 81 84 00 00 00 00 00 00 00 00 00 00 00 00   P.ÅÑ............	
    00 00 00 00 00 00 19 00 00 00 00 09 00 00 00 00   ................	
    09 00 00 00 80                                    ....Ä           	
[20/02/2026 16:07:26] Written data (COM4)	
    50 00 81 95 00 00 00 00 00 00 00 00 00 00 00 00   P.Åï............	
    00 00 00 00 00 00 00 00 00 00 00 00 00 00 00 00   ................	
    00 00 00 00 66                                    ....f           	
[20/02/2026 16:07:26] Read data (COM4)	
    50 00 81 95 00 19 00 00 00 00 09 00 00 00 00 09   P.Åï............	
    00 00 00 00 09 00 00 00 04 a3 02 97 02 a3 02 9c   .........£.ó.£.ú	
    02 9c 02 9c 59                                    .ú.úY           	
[20/02/2026 16:07:26] Written data (COM4)	
    50 00 81 44 00 00 00 00 00 00 00 00 00 00 00 00   P.ÅD............	
    00 00 00 00 00 00 00 00 00 00 00 00 00 00 00 00   ................	
    00 00 00 00 15                                    .....           	
[20/02/2026 16:07:26] Read data (COM4)	
    50 00 81 44 08 00 00 00 01 14 1a 02 14 10 01 09   P.ÅD............	
    c5 94 97 00 00 00 00 00 00 00 00 00 00 00 00 00   ≈îó.............	
    00 00 00 00 6c                                    ....l           	
[20/02/2026 16:07:27] Written data (COM4)	
    50 00 81 64 00 00 00 00 00 00 00 00 00 00 00 00   P.Åd............	
    00 00 00 00 00 00 00 00 00 00 00 00 00 00 00 00   ................	
    00 00 00 00 35                                    ....5           	
[20/02/2026 16:07:27] Read data (COM4)	
    50 00 81 64 00 00 80 00 00 00 00 00 00 00 00 00   P.Åd..Ä.........	
    00 00 00 00 00 00 00 00 00 00 00 00 00 80 00 00   .............Ä..	
    00 00 00 00 35                                    ....5           	
[20/02/2026 16:07:27] Written data (COM4)	
    50 00 81 84 00 00 00 00 00 00 00 00 00 00 00 00   P.ÅÑ............	
    00 00 00 00 00 00 00 00 00 00 00 00 00 00 00 00   ................	
    00 00 00 00 55                                    ....U           	
[20/02/2026 16:07:27] Read data (COM4)	
    50 00 81 84 00 00 00 00 00 00 00 00 00 00 00 00   P.ÅÑ............	
    00 00 00 00 00 00 19 00 00 00 00 09 00 00 00 00   ................	
    09 00 00 00 80                                    ....Ä           	
[20/02/2026 16:07:27] Written data (COM4)	
    50 00 81 95 00 00 00 00 00 00 00 00 00 00 00 00   P.Åï............	
    00 00 00 00 00 00 00 00 00 00 00 00 00 00 00 00   ................	
    00 00 00 00 66                                    ....f           	
[20/02/2026 16:07:27] Read data (COM4)	
    50 00 81 95 00 19 00 00 00 00 09 00 00 00 00 09   P.Åï............	
    00 00 00 00 09 00 00 00 04 a3 02 97 02 a3 02 9c   .........£.ó.£.ú	
    02 9c 02 9c 59                                    .ú.úY           	
[20/02/2026 16:07:27] Written data (COM4)	
    50 00 81 44 00 00 00 00 00 00 00 00 00 00 00 00   P.ÅD............	
    00 00 00 00 00 00 00 00 00 00 00 00 00 00 00 00   ................	
    00 00 00 00 15                                    .....           	
[20/02/2026 16:07:27] Read data (COM4)	
    50 00 81 44 08 00 00 00 01 14 1a 02 14 10 01 0a   P.ÅD............	
    c5 94 97 00 00 00 00 00 00 00 00 00 00 00 00 00   ≈îó.............	
    00 00 00 00 6d                                    ....m           	
[20/02/2026 16:07:27] Written data (COM4)	
    50 00 81 64 00 00 00 00 00 00 00 00 00 00 00 00   P.Åd............	
    00 00 00 00 00 00 00 00 00 00 00 00 00 00 00 00   ................	
    00 00 00 00 35                                    ....5           	
[20/02/2026 16:07:27] Read data (COM4)	
    50 00 81 64 00 00 80 00 00 00 00 00 00 00 00 00   P.Åd..Ä.........	
    00 00 00 00 00 00 00 00 00 00 00 00 00 80 00 00   .............Ä..	
    00 00 00 00 35                                    ....5           	
[20/02/2026 16:07:28] Written data (COM4)	
    50 00 81 84 00 00 00 00 00 00 00 00 00 00 00 00   P.ÅÑ............	
    00 00 00 00 00 00 00 00 00 00 00 00 00 00 00 00   ................	
    00 00 00 00 55                                    ....U           	
[20/02/2026 16:07:28] Read data (COM4)	
    50 00 81 84 00 00 00 00 00 00 00 00 00 00 00 00   P.ÅÑ............	
    00 00 00 00 00 00 19 00 00 00 00 09 00 00 00 00   ................	
    09 00 00 00 80                                    ....Ä           	
[20/02/2026 16:07:28] Written data (COM4)	
    50 00 81 95 00 00 00 00 00 00 00 00 00 00 00 00   P.Åï............	
    00 00 00 00 00 00 00 00 00 00 00 00 00 00 00 00   ................	
    00 00 00 00 66                                    ....f           	
[20/02/2026 16:07:28] Read data (COM4)	
    50 00 81 95 00 19 00 00 00 00 09 00 00 00 00 09   P.Åï............	
    00 00 00 00 09 00 00 00 04 a3 02 97 02 a3 02 9c   .........£.ó.£.ú	
    02 9c 02 9c 59                                    .ú.úY           	
[20/02/2026 16:07:28] Written data (COM4)	
    50 00 81 44 00 00 00 00 00 00 00 00 00 00 00 00   P.ÅD............	
    00 00 00 00 00 00 00 00 00 00 00 00 00 00 00 00   ................	
    00 00 00 00 15                                    .....           	
[20/02/2026 16:07:28] Read data (COM4)	
    50 00 81 44 08 00 00 00 01 14 1a 02 14 10 01 0b   P.ÅD............	
    c5 94 98 00 00 00 00 00 00 00 00 00 00 00 00 00   ≈îò.............	
    00 00 00 00 6f                                    ....o           	
[20/02/2026 16:07:28] Written data (COM4)	
    50 00 81 64 00 00 00 00 00 00 00 00 00 00 00 00   P.Åd............	
    00 00 00 00 00 00 00 00 00 00 00 00 00 00 00 00   ................	
    00 00 00 00 35                                    ....5           	
[20/02/2026 16:07:28] Read data (COM4)	
    50 00 81 64 00 00 80 00 00 00 00 00 00 00 00 00   P.Åd..Ä.........	
    00 00 00 00 00 00 00 00 00 00 00 00 00 80 00 00   .............Ä..	
    00 00 00 00 35                                    ....5           	
[20/02/2026 16:07:28] Written data (COM4)	
    50 00 81 84 00 00 00 00 00 00 00 00 00 00 00 00   P.ÅÑ............	
    00 00 00 00 00 00 00 00 00 00 00 00 00 00 00 00   ................	
    00 00 00 00 55                                    ....U           	
[20/02/2026 16:07:28] Read data (COM4)	
    50 00 81 84 00 00 00 00 00 00 00 00 00 00 00 00   P.ÅÑ............	
    00 00 00 00 00 00 19 00 00 00 00 09 00 00 00 00   ................	
    09 00 00 00 80                                    ....Ä           	
[20/02/2026 16:07:29] Written data (COM4)	
    50 00 81 95 00 00 00 00 00 00 00 00 00 00 00 00   P.Åï............	
    00 00 00 00 00 00 00 00 00 00 00 00 00 00 00 00   ................	
    00 00 00 00 66                                    ....f           	
[20/02/2026 16:07:29] Read data (COM4)	
    50 00 81 95 00 19 00 00 00 00 09 00 00 00 00 09   P.Åï............	
    00 00 00 00 09 00 00 00 04 a3 02 97 02 a3 02 9c   .........£.ó.£.ú	
    02 9c 02 9c 59                                    .ú.úY           	
[20/02/2026 16:07:29] Written data (COM4)	
    50 00 81 44 00 00 00 00 00 00 00 00 00 00 00 00   P.ÅD............	
    00 00 00 00 00 00 00 00 00 00 00 00 00 00 00 00   ................	
    00 00 00 00 15                                    .....           	
[20/02/2026 16:07:29] Read data (COM4)	
    50 00 81 44 08 00 00 00 01 14 1a 02 14 10 01 0c   P.ÅD............	
    c5 94 98 00 00 00 00 00 00 00 00 00 00 00 00 00   ≈îò.............	
    00 00 00 00 70                                    ....p           	
[20/02/2026 16:07:29] Written data (COM4)	
    50 00 81 64 00 00 00 00 00 00 00 00 00 00 00 00   P.Åd............	
    00 00 00 00 00 00 00 00 00 00 00 00 00 00 00 00   ................	
    00 00 00 00 35                                    ....5           	
[20/02/2026 16:07:29] Read data (COM4)	
    50 00 81 64 00 00 80 00 00 00 00 00 00 00 00 00   P.Åd..Ä.........	
    00 00 00 00 00 00 00 00 00 00 00 00 00 80 00 00   .............Ä..	
    00 00 00 00 35                                    ....5           	
[20/02/2026 16:07:29] Written data (COM4)	
    50 00 81 84 00 00 00 00 00 00 00 00 00 00 00 00   P.ÅÑ............	
    00 00 00 00 00 00 00 00 00 00 00 00 00 00 00 00   ................	
    00 00 00 00 55                                    ....U           	
[20/02/2026 16:07:29] Read data (COM4)	
    50 00 81 84 00 00 00 00 00 00 00 00 00 00 00 00   P.ÅÑ............	
    00 00 00 00 00 00 19 00 00 00 00 09 00 00 00 00   ................	
    09 00 00 00 80                                    ....Ä           	
[20/02/2026 16:07:29] Written data (COM4)	
    50 00 81 95 00 00 00 00 00 00 00 00 00 00 00 00   P.Åï............	
    00 00 00 00 00 00 00 00 00 00 00 00 00 00 00 00   ................	
    00 00 00 00 66                                    ....f           	
[20/02/2026 16:07:29] Read data (COM4)	
    50 00 81 95 00 19 00 00 00 00 09 00 00 00 00 09   P.Åï............	
    00 00 00 00 09 00 00 00 04 a3 02 97 02 a3 02 9c   .........£.ó.£.ú	
    02 9c 02 9c 59                                    .ú.úY           	
[20/02/2026 16:07:30] Written data (COM4)	
    50 00 81 44 00 00 00 00 00 00 00 00 00 00 00 00   P.ÅD............	
    00 00 00 00 00 00 00 00 00 00 00 00 00 00 00 00   ................	
    00 00 00 00 15                                    .....           	
[20/02/2026 16:07:30] Read data (COM4)	
    50 00 81 44 08 00 00 00 01 14 1a 02 14 10 01 0d   P.ÅD............	
    c5 94 98 00 00 00 00 00 00 00 00 00 00 00 00 00   ≈îò.............	
    00 00 00 00 71                                    ....q           	
[20/02/2026 16:07:30] Written data (COM4)	
    50 00 81 64 00 00 00 00 00 00 00 00 00 00 00 00   P.Åd............	
    00 00 00 00 00 00 00 00 00 00 00 00 00 00 00 00   ................	
    00 00 00 00 35                                    ....5           	
[20/02/2026 16:07:30] Read data (COM4)	
    50 00 81 64 00 00 80 00 00 00 00 00 00 00 00 00   P.Åd..Ä.........	
    00 00 00 00 00 00 00 00 00 00 00 00 00 80 00 00   .............Ä..	
    00 00 00 00 35                                    ....5           	
[20/02/2026 16:07:30] Written data (COM4)	
    50 00 81 84 00 00 00 00 00 00 00 00 00 00 00 00   P.ÅÑ............	
    00 00 00 00 00 00 00 00 00 00 00 00 00 00 00 00   ................	
    00 00 00 00 55                                    ....U           	
[20/02/2026 16:07:30] Read data (COM4)	
    50 00 81 84 00 00 00 00 00 00 00 00 00 00 00 00   P.ÅÑ............	
    00 00 00 00 00 00 19 00 00 00 00 09 00 00 00 00   ................	
    09 00 00 00 80                                    ....Ä           	
[20/02/2026 16:07:30] Written data (COM4)	
    50 00 81 95 00 00 00 00 00 00 00 00 00 00 00 00   P.Åï............	
    00 00 00 00 00 00 00 00 00 00 00 00 00 00 00 00   ................	
    00 00 00 00 66                                    ....f           	
[20/02/2026 16:07:30] Read data (COM4)	
    50 00 81 95 00 19 00 00 00 00 09 00 00 00 00 09   P.Åï............	
    00 00 00 00 09 00 00 00 04 a3 02 97 02 a3 02 9c   .........£.ó.£.ú	
    02 9c 02 9c 59                                    .ú.úY           	
[20/02/2026 16:07:30] Written data (COM4)	
    50 00 81 44 00 00 00 00 00 00 00 00 00 00 00 00   P.ÅD............	
    00 00 00 00 00 00 00 00 00 00 00 00 00 00 00 00   ................	
    00 00 00 00 15                                    .....           	
[20/02/2026 16:07:30] Read data (COM4)	
    50 00 81 44 08 00 00 00 01 14 1a 02 14 10 01 0d   P.ÅD............	
    c5 94 97 00 00 00 00 00 00 00 00 00 00 00 00 00   ≈îó.............	
    00 00 00 00 70                                    ....p           	
[20/02/2026 16:07:31] Written data (COM4)	
    50 00 81 64 00 00 00 00 00 00 00 00 00 00 00 00   P.Åd............	
    00 00 00 00 00 00 00 00 00 00 00 00 00 00 00 00   ................	
    00 00 00 00 35                                    ....5           	
[20/02/2026 16:07:31] Read data (COM4)	
    50 00 81 64 00 00 80 00 00 00 00 00 00 00 00 00   P.Åd..Ä.........	
    00 00 00 00 00 00 00 00 00 00 00 00 00 80 00 00   .............Ä..	
    00 00 00 00 35                                    ....5           	
[20/02/2026 16:07:31] Written data (COM4)	
    50 00 81 84 00 00 00 00 00 00 00 00 00 00 00 00   P.ÅÑ............	
    00 00 00 00 00 00 00 00 00 00 00 00 00 00 00 00   ................	
    00 00 00 00 55                                    ....U           	
[20/02/2026 16:07:31] Read data (COM4)	
    50 00 81 84 00 00 00 00 00 00 00 00 00 00 00 00   P.ÅÑ............	
    00 00 00 00 00 00 19 00 00 00 00 09 00 00 00 00   ................	
    09 00 00 00 80                                    ....Ä           	
[20/02/2026 16:07:31] Written data (COM4)	
    50 00 81 95 00 00 00 00 00 00 00 00 00 00 00 00   P.Åï............	
    00 00 00 00 00 00 00 00 00 00 00 00 00 00 00 00   ................	
    00 00 00 00 66                                    ....f           	
[20/02/2026 16:07:31] Read data (COM4)	
    50 00 81 95 00 19 00 00 00 00 09 00 00 00 00 09   P.Åï............	
    00 00 00 00 09 00 00 00 04 a3 02 97 02 a3 02 9c   .........£.ó.£.ú	
    02 9c 02 9c 59                                    .ú.úY           	
[20/02/2026 16:07:31] Written data (COM4)	
    50 00 81 44 00 00 00 00 00 00 00 00 00 00 00 00   P.ÅD............	
    00 00 00 00 00 00 00 00 00 00 00 00 00 00 00 00   ................	
    00 00 00 00 15                                    .....           	
[20/02/2026 16:07:31] Read data (COM4)	
    50 00 81 44 08 00 00 00 01 14 1a 02 14 10 01 0e   P.ÅD............	
    c5 94 97 00 00 00 00 00 00 00 00 00 00 00 00 00   ≈îó.............	
    00 00 00 00 71                                    ....q           	
[20/02/2026 16:07:31] Written data (COM4)	
    50 00 81 64 00 00 00 00 00 00 00 00 00 00 00 00   P.Åd............	
    00 00 00 00 00 00 00 00 00 00 00 00 00 00 00 00   ................	
    00 00 00 00 35                                    ....5           	
[20/02/2026 16:07:32] Read data (COM4)	
    50 00 81 64 00 00 80 00 00 00 00 00 00 00 00 00   P.Åd..Ä.........	
    00 00 00 00 00 00 00 00 00 00 00 00 00 80 00 00   .............Ä..	
    00 00 00 00 35                                    ....5           	
[20/02/2026 16:07:32] Written data (COM4)	
    50 00 81 84 00 00 00 00 00 00 00 00 00 00 00 00   P.ÅÑ............	
    00 00 00 00 00 00 00 00 00 00 00 00 00 00 00 00   ................	
    00 00 00 00 55                                    ....U           	
[20/02/2026 16:07:32] Read data (COM4)	
    50 00 81 84 00 00 00 00 00 00 00 00 00 00 00 00   P.ÅÑ............	
    00 00 00 00 00 00 19 00 00 00 00 09 00 00 00 00   ................	
    09 00 00 00 80                                    ....Ä           	
[20/02/2026 16:07:32] Written data (COM4)	
    50 00 81 95 00 00 00 00 00 00 00 00 00 00 00 00   P.Åï............	
    00 00 00 00 00 00 00 00 00 00 00 00 00 00 00 00   ................	
    00 00 00 00 66                                    ....f           	
[20/02/2026 16:07:32] Read data (COM4)	
    50 00 81 95 00 19 00 00 00 00 09 00 00 00 00 09   P.Åï............	
    00 00 00 00 09 00 00 00 04 a3 02 97 02 a3 02 9c   .........£.ó.£.ú	
    02 9c 02 9c 59                                    .ú.úY           	
[20/02/2026 16:07:32] Written data (COM4)	
    50 00 81 44 00 00 00 00 00 00 00 00 00 00 00 00   P.ÅD............	
    00 00 00 00 00 00 00 00 00 00 00 00 00 00 00 00   ................	
    00 00 00 00 15                                    .....           	
[20/02/2026 16:07:32] Read data (COM4)	
    50 00 81 44 08 00 00 00 01 14 1a 02 14 10 01 0f   P.ÅD............	
    c5 94 98 00 00 00 00 00 00 00 00 00 00 00 00 00   ≈îò.............	
    00 00 00 00 73                                    ....s           	
[20/02/2026 16:07:32] Written data (COM4)	
    50 00 81 64 00 00 00 00 00 00 00 00 00 00 00 00   P.Åd............	
    00 00 00 00 00 00 00 00 00 00 00 00 00 00 00 00   ................	
    00 00 00 00 35                                    ....5           	
[20/02/2026 16:07:32] Read data (COM4)	
    50 00 81 64 00 00 80 00 00 00 00 00 00 00 00 00   P.Åd..Ä.........	
    00 00 00 00 00 00 00 00 00 00 00 00 00 80 00 00   .............Ä..	
    00 00 00 00 35                                    ....5           	
[20/02/2026 16:07:33] Written data (COM4)	
    50 00 81 84 00 00 00 00 00 00 00 00 00 00 00 00   P.ÅÑ............	
    00 00 00 00 00 00 00 00 00 00 00 00 00 00 00 00   ................	
    00 00 00 00 55                                    ....U           	
[20/02/2026 16:07:33] Read data (COM4)	
    50 00 81 84 00 00 00 00 00 00 00 00 00 00 00 00   P.ÅÑ............	
    00 00 00 00 00 00 19 00 00 00 00 09 00 00 00 00   ................	
    09 00 00 00 80                                    ....Ä           	
[20/02/2026 16:07:33] Written data (COM4)	
    50 00 81 95 00 00 00 00 00 00 00 00 00 00 00 00   P.Åï............	
    00 00 00 00 00 00 00 00 00 00 00 00 00 00 00 00   ................	
    00 00 00 00 66                                    ....f           	
[20/02/2026 16:07:33] Read data (COM4)	
    50 00 81 95 00 19 00 00 00 00 09 00 00 00 00 09   P.Åï............	
    00 00 00 00 09 00 00 00 04 a3 02 97 02 a3 02 9c   .........£.ó.£.ú	
    02 9c 02 9c 59                                    .ú.úY           	
[20/02/2026 16:07:33] Written data (COM4)	
    50 00 81 44 00 00 00 00 00 00 00 00 00 00 00 00   P.ÅD............	
    00 00 00 00 00 00 00 00 00 00 00 00 00 00 00 00   ................	
    00 00 00 00 15                                    .....           	
[20/02/2026 16:07:33] Read data (COM4)	
    50 00 81 44 08 00 00 00 01 14 1a 02 14 10 01 10   P.ÅD............	
    c5 94 98 00 00 00 00 00 00 00 00 00 00 00 00 00   ≈îò.............	
    00 00 00 00 74                                    ....t           	
[20/02/2026 16:07:33] Written data (COM4)	
    50 00 81 64 00 00 00 00 00 00 00 00 00 00 00 00   P.Åd............	
    00 00 00 00 00 00 00 00 00 00 00 00 00 00 00 00   ................	
    00 00 00 00 35                                    ....5           	
[20/02/2026 16:07:33] Read data (COM4)	
    50 00 81 64 00 00 80 00 00 00 00 00 00 00 00 00   P.Åd..Ä.........	
    00 00 00 00 00 00 00 00 00 00 00 00 00 80 00 00   .............Ä..	
    00 00 00 00 35                                    ....5           	
[20/02/2026 16:07:33] Written data (COM4)	
    50 00 81 84 00 00 00 00 00 00 00 00 00 00 00 00   P.ÅÑ............	
    00 00 00 00 00 00 00 00 00 00 00 00 00 00 00 00   ................	
    00 00 00 00 55                                    ....U           	
[20/02/2026 16:07:33] Read data (COM4)	
    50 00 81 84 00 00 00 00 00 00 00 00 00 00 00 00   P.ÅÑ............	
    00 00 00 00 00 00 19 00 00 00 00 09 00 00 00 00   ................	
    09 00 00 00 80                                    ....Ä           	
[20/02/2026 16:07:34] Written data (COM4)	
    50 00 81 95 00 00 00 00 00 00 00 00 00 00 00 00   P.Åï............	
    00 00 00 00 00 00 00 00 00 00 00 00 00 00 00 00   ................	
    00 00 00 00 66                                    ....f           	
[20/02/2026 16:07:34] Read data (COM4)	
    50 00 81 95 00 19 00 00 00 00 09 00 00 00 00 09   P.Åï............	
    00 00 00 00 09 00 00 00 04 a3 02 97 02 a3 02 9c   .........£.ó.£.ú	
    02 9c 02 9c 59                                    .ú.úY           	
[20/02/2026 16:07:34] Written data (COM4)	
    50 00 81 44 00 00 00 00 00 00 00 00 00 00 00 00   P.ÅD............	
    00 00 00 00 00 00 00 00 00 00 00 00 00 00 00 00   ................	
    00 00 00 00 15                                    .....           	
[20/02/2026 16:07:34] Read data (COM4)	
    50 00 81 44 08 00 00 00 01 14 1a 02 14 10 01 11   P.ÅD............	
    c5 94 98 00 00 00 00 00 00 00 00 00 00 00 00 00   ≈îò.............	
    00 00 00 00 75                                    ....u           	
[20/02/2026 16:07:34] Written data (COM4)	
    50 00 81 64 00 00 00 00 00 00 00 00 00 00 00 00   P.Åd............	
    00 00 00 00 00 00 00 00 00 00 00 00 00 00 00 00   ................	
    00 00 00 00 35                                    ....5           	
[20/02/2026 16:07:34] Read data (COM4)	
    50 00 81 64 00 00 80 00 00 00 00 00 00 00 00 00   P.Åd..Ä.........	
    00 00 00 00 00 00 00 00 00 00 00 00 00 80 00 00   .............Ä..	
    00 00 00 00 35                                    ....5           	
[20/02/2026 16:07:34] Written data (COM4)	
    50 00 81 84 00 00 00 00 00 00 00 00 00 00 00 00   P.ÅÑ............	
    00 00 00 00 00 00 00 00 00 00 00 00 00 00 00 00   ................	
    00 00 00 00 55                                    ....U           	
[20/02/2026 16:07:34] Read data (COM4)	
    50 00 81 84 00 00 00 00 00 00 00 00 00 00 00 00   P.ÅÑ............	
    00 00 00 00 00 00 19 00 00 00 00 09 00 00 00 00   ................	
    09 00 00 00 80                                    ....Ä           	
[20/02/2026 16:07:34] Written data (COM4)	
    50 00 81 95 00 00 00 00 00 00 00 00 00 00 00 00   P.Åï............	
    00 00 00 00 00 00 00 00 00 00 00 00 00 00 00 00   ................	
    00 00 00 00 66                                    ....f           	
[20/02/2026 16:07:34] Read data (COM4)	
    50 00 81 95 00 19 00 00 00 00 09 00 00 00 00 09   P.Åï............	
    00 00 00 00 09 00 00 00 04 a3 02 97 02 a3 02 9c   .........£.ó.£.ú	
    02 9c 02 9c 59                                    .ú.úY           	
[20/02/2026 16:07:35] Written data (COM4)	
    50 00 81 44 00 00 00 00 00 00 00 00 00 00 00 00   P.ÅD............	
    00 00 00 00 00 00 00 00 00 00 00 00 00 00 00 00   ................	
    00 00 00 00 15                                    .....           	
[20/02/2026 16:07:35] Read data (COM4)	
    50 00 81 44 08 00 00 00 01 14 1a 02 14 10 01 12   P.ÅD............	
    c5 94 98 00 00 00 00 00 00 00 00 00 00 00 00 00   ≈îò.............	
    00 00 00 00 76                                    ....v           	
[20/02/2026 16:07:35] Written data (COM4)	
    50 00 81 64 00 00 00 00 00 00 00 00 00 00 00 00   P.Åd............	
    00 00 00 00 00 00 00 00 00 00 00 00 00 00 00 00   ................	
    00 00 00 00 35                                    ....5           	
[20/02/2026 16:07:35] Read data (COM4)	
    50 00 81 64 00 00 80 00 00 00 00 00 00 00 00 00   P.Åd..Ä.........	
    00 00 00 00 00 00 00 00 00 00 00 00 00 80 00 00   .............Ä..	
    00 00 00 00 35                                    ....5           	
[20/02/2026 16:07:35] Written data (COM4)	
    50 00 81 84 00 00 00 00 00 00 00 00 00 00 00 00   P.ÅÑ............	
    00 00 00 00 00 00 00 00 00 00 00 00 00 00 00 00   ................	
    00 00 00 00 55                                    ....U           	
[20/02/2026 16:07:35] Read data (COM4)	
    50 00 81 84 00 00 00 00 00 00 00 00 00 00 00 00   P.ÅÑ............	
    00 00 00 00 00 00 19 00 00 00 00 09 00 00 00 00   ................	
    09 00 00 00 80                                    ....Ä           	
[20/02/2026 16:07:35] Written data (COM4)	
    50 00 81 95 00 00 00 00 00 00 00 00 00 00 00 00   P.Åï............	
    00 00 00 00 00 00 00 00 00 00 00 00 00 00 00 00   ................	
    00 00 00 00 66                                    ....f           	
[20/02/2026 16:07:35] Read data (COM4)	
    50 00 81 95 00 19 00 00 00 00 09 00 00 00 00 09   P.Åï............	
    00 00 00 00 09 00 00 00 04 a3 02 97 02 a3 02 9c   .........£.ó.£.ú	
    02 9c 02 9c 59                                    .ú.úY           	
[20/02/2026 16:07:35] Written data (COM4)	
    50 00 81 44 00 00 00 00 00 00 00 00 00 00 00 00   P.ÅD............	
    00 00 00 00 00 00 00 00 00 00 00 00 00 00 00 00   ................	
    00 00 00 00 15                                    .....           	
[20/02/2026 16:07:35] Read data (COM4)	
    50 00 81 44 08 00 00 00 01 14 1a 02 14 10 01 12   P.ÅD............	
    c5 94 98 00 00 00 00 00 00 00 00 00 00 00 00 00   ≈îò.............	
    00 00 00 00 76                                    ....v           	
[20/02/2026 16:07:36] Written data (COM4)	
    50 00 81 64 00 00 00 00 00 00 00 00 00 00 00 00   P.Åd............	
    00 00 00 00 00 00 00 00 00 00 00 00 00 00 00 00   ................	
    00 00 00 00 35                                    ....5           	
[20/02/2026 16:07:36] Read data (COM4)	
    50 00 81 64 00 00 80 00 00 00 00 00 00 00 00 00   P.Åd..Ä.........	
    00 00 00 00 00 00 00 00 00 00 00 00 00 80 00 00   .............Ä..	
    00 00 00 00 35                                    ....5           	
[20/02/2026 16:07:36] Written data (COM4)	
    50 00 81 84 00 00 00 00 00 00 00 00 00 00 00 00   P.ÅÑ............	
    00 00 00 00 00 00 00 00 00 00 00 00 00 00 00 00   ................	
    00 00 00 00 55                                    ....U           	
[20/02/2026 16:07:36] Read data (COM4)	
    50 00 81 84 00 00 00 00 00 00 00 00 00 00 00 00   P.ÅÑ............	
    00 00 00 00 00 00 19 00 00 00 00 09 00 00 00 00   ................	
    09 00 00 00 80                                    ....Ä           	
[20/02/2026 16:07:36] Written data (COM4)	
    50 00 81 95 00 00 00 00 00 00 00 00 00 00 00 00   P.Åï............	
    00 00 00 00 00 00 00 00 00 00 00 00 00 00 00 00   ................	
    00 00 00 00 66                                    ....f           	
[20/02/2026 16:07:36] Read data (COM4)	
    50 00 81 95 00 19 00 00 00 00 09 00 00 00 00 09   P.Åï............	
    00 00 00 00 09 00 00 00 04 a3 02 97 02 a3 02 9c   .........£.ó.£.ú	
    02 9c 02 9c 59                                    .ú.úY           	
[20/02/2026 16:07:36] Written data (COM4)	
    50 00 81 44 00 00 00 00 00 00 00 00 00 00 00 00   P.ÅD............	
    00 00 00 00 00 00 00 00 00 00 00 00 00 00 00 00   ................	
    00 00 00 00 15                                    .....           	
[20/02/2026 16:07:36] Read data (COM4)	
    50 00 81 44 08 00 00 00 01 14 1a 02 14 10 01 13   P.ÅD............	
    c5 94 98 00 00 00 00 00 00 00 00 00 00 00 00 00   ≈îò.............	
    00 00 00 00 77                                    ....w           	
[20/02/2026 16:07:36] Written data (COM4)	
    50 00 81 64 00 00 00 00 00 00 00 00 00 00 00 00   P.Åd............	
    00 00 00 00 00 00 00 00 00 00 00 00 00 00 00 00   ................	
    00 00 00 00 35                                    ....5           	
[20/02/2026 16:07:36] Read data (COM4)	
    50 00 81 64 00 00 80 00 00 00 00 00 00 00 00 00   P.Åd..Ä.........	
    00 00 00 00 00 00 00 00 00 00 00 00 00 80 00 00   .............Ä..	
    00 00 00 00 35                                    ....5           	
[20/02/2026 16:07:37] Written data (COM4)	
    50 00 81 84 00 00 00 00 00 00 00 00 00 00 00 00   P.ÅÑ............	
    00 00 00 00 00 00 00 00 00 00 00 00 00 00 00 00   ................	
    00 00 00 00 55                                    ....U           	
[20/02/2026 16:07:37] Read data (COM4)	
    50 00 81 84 00 00 00 00 00 00 00 00 00 00 00 00   P.ÅÑ............	
    00 00 00 00 00 00 19 00 00 00 00 09 00 00 00 00   ................	
    09 00 00 00 80                                    ....Ä           	
[20/02/2026 16:07:37] Written data (COM4)	
    50 00 81 95 00 00 00 00 00 00 00 00 00 00 00 00   P.Åï............	
    00 00 00 00 00 00 00 00 00 00 00 00 00 00 00 00   ................	
    00 00 00 00 66                                    ....f           	
[20/02/2026 16:07:37] Read data (COM4)	
    50 00 81 95 00 19 00 00 00 00 09 00 00 00 00 09   P.Åï............	
    00 00 00 00 09 00 00 00 04 a3 02 97 02 a3 02 9c   .........£.ó.£.ú	
    02 9c 02 9c 59                                    .ú.úY           	
[20/02/2026 16:07:37] Written data (COM4)	
    50 00 81 44 00 00 00 00 00 00 00 00 00 00 00 00   P.ÅD............	
    00 00 00 00 00 00 00 00 00 00 00 00 00 00 00 00   ................	
    00 00 00 00 15                                    .....           	
[20/02/2026 16:07:37] Read data (COM4)	
    50 00 81 44 08 00 00 00 01 14 1a 02 14 10 01 14   P.ÅD............	
    c5 94 98 00 00 00 00 00 00 00 00 00 00 00 00 00   ≈îò.............	
    00 00 00 00 78                                    ....x           	
[20/02/2026 16:07:37] Written data (COM4)	
    50 00 81 64 00 00 00 00 00 00 00 00 00 00 00 00   P.Åd............	
    00 00 00 00 00 00 00 00 00 00 00 00 00 00 00 00   ................	
    00 00 00 00 35                                    ....5           	
[20/02/2026 16:07:37] Read data (COM4)	
    50 00 81 64 00 00 80 00 00 00 00 00 00 00 00 00   P.Åd..Ä.........	
    00 00 00 00 00 00 00 00 00 00 00 00 00 80 00 00   .............Ä..	
    00 00 00 00 35                                    ....5           	
[20/02/2026 16:07:37] Written data (COM4)	
    50 00 81 84 00 00 00 00 00 00 00 00 00 00 00 00   P.ÅÑ............	
    00 00 00 00 00 00 00 00 00 00 00 00 00 00 00 00   ................	
    00 00 00 00 55                                    ....U           	
[20/02/2026 16:07:37] Read data (COM4)	
    50 00 81 84 00 00 00 00 00 00 00 00 00 00 00 00   P.ÅÑ............	
    00 00 00 00 00 00 19 00 00 00 00 09 00 00 00 00   ................	
    09 00 00 00 80                                    ....Ä           	
[20/02/2026 16:07:38] Written data (COM4)	
    50 00 81 95 00 00 00 00 00 00 00 00 00 00 00 00   P.Åï............	
    00 00 00 00 00 00 00 00 00 00 00 00 00 00 00 00   ................	
    00 00 00 00 66                                    ....f           	
[20/02/2026 16:07:38] Read data (COM4)	
    50 00 81 95 00 19 00 00 00 00 09 00 00 00 00 09   P.Åï............	
    00 00 00 00 09 00 00 00 04 a3 02 97 02 a3 02 9c   .........£.ó.£.ú	
    02 9c 02 9c 59                                    .ú.úY           	
[20/02/2026 16:07:38] Written data (COM4)	
    50 00 81 44 00 00 00 00 00 00 00 00 00 00 00 00   P.ÅD............	
    00 00 00 00 00 00 00 00 00 00 00 00 00 00 00 00   ................	
    00 00 00 00 15                                    .....           	
[20/02/2026 16:07:38] Read data (COM4)	
    50 00 81 44 08 00 00 00 01 14 1a 02 14 10 01 15   P.ÅD............	
    c4 94 97 00 00 00 00 00 00 00 00 00 00 00 00 00   ƒîó.............	
    00 00 00 00 77                                    ....w           	
[20/02/2026 16:07:38] Written data (COM4)	
    50 00 81 64 00 00 00 00 00 00 00 00 00 00 00 00   P.Åd............	
    00 00 00 00 00 00 00 00 00 00 00 00 00 00 00 00   ................	
    00 00 00 00 35                                    ....5           	
[20/02/2026 16:07:38] Read data (COM4)	
    50 00 81 64 00 00 80 00 00 00 00 00 00 00 00 00   P.Åd..Ä.........	
    00 00 00 00 00 00 00 00 00 00 00 00 00 80 00 00   .............Ä..	
    00 00 00 00 35                                    ....5           	
[20/02/2026 16:07:38] Written data (COM4)	
    50 00 81 84 00 00 00 00 00 00 00 00 00 00 00 00   P.ÅÑ............	
    00 00 00 00 00 00 00 00 00 00 00 00 00 00 00 00   ................	
    00 00 00 00 55                                    ....U           	
[20/02/2026 16:07:38] Read data (COM4)	
    50 00 81 84 00 00 00 00 00 00 00 00 00 00 00 00   P.ÅÑ............	
    00 00 00 00 00 00 19 00 00 00 00 09 00 00 00 00   ................	
    09 00 00 00 80                                    ....Ä           	
[20/02/2026 16:07:38] Written data (COM4)	
    50 00 81 95 00 00 00 00 00 00 00 00 00 00 00 00   P.Åï............	
    00 00 00 00 00 00 00 00 00 00 00 00 00 00 00 00   ................	
    00 00 00 00 66                                    ....f           	
[20/02/2026 16:07:38] Read data (COM4)	
    50 00 81 95 00 19 00 00 00 00 09 00 00 00 00 09   P.Åï............	
    00 00 00 00 09 00 00 00 04 a3 02 97 02 a3 02 9c   .........£.ó.£.ú	
    02 9c 02 9c 59                                    .ú.úY           	
[20/02/2026 16:07:39] Written data (COM4)	
    50 00 81 44 00 00 00 00 00 00 00 00 00 00 00 00   P.ÅD............	
    00 00 00 00 00 00 00 00 00 00 00 00 00 00 00 00   ................	
    00 00 00 00 15                                    .....           	
[20/02/2026 16:07:39] Read data (COM4)	
    50 00 81 44 08 00 00 00 01 14 1a 02 14 10 01 16   P.ÅD............	
    c5 94 98 00 00 00 00 00 00 00 00 00 00 00 00 00   ≈îò.............	
    00 00 00 00 7a                                    ....z           	
[20/02/2026 16:07:39] Written data (COM4)	
    50 00 81 64 00 00 00 00 00 00 00 00 00 00 00 00   P.Åd............	
    00 00 00 00 00 00 00 00 00 00 00 00 00 00 00 00   ................	
    00 00 00 00 35                                    ....5           	
[20/02/2026 16:07:39] Read data (COM4)	
    50 00 81 64 00 00 80 00 00 00 00 00 00 00 00 00   P.Åd..Ä.........	
    00 00 00 00 00 00 00 00 00 00 00 00 00 80 00 00   .............Ä..	
    00 00 00 00 35                                    ....5           	
[20/02/2026 16:07:39] Written data (COM4)	
    50 00 81 84 00 00 00 00 00 00 00 00 00 00 00 00   P.ÅÑ............	
    00 00 00 00 00 00 00 00 00 00 00 00 00 00 00 00   ................	
    00 00 00 00 55                                    ....U           	
[20/02/2026 16:07:39] Read data (COM4)	
    50 00 81 84 00 00 00 00 00 00 00 00 00 00 00 00   P.ÅÑ............	
    00 00 00 00 00 00 19 00 00 00 00 09 00 00 00 00   ................	
    09 00 00 00 80                                    ....Ä           	
[20/02/2026 16:07:39] Written data (COM4)	
    50 00 81 95 00 00 00 00 00 00 00 00 00 00 00 00   P.Åï............	
    00 00 00 00 00 00 00 00 00 00 00 00 00 00 00 00   ................	
    00 00 00 00 66                                    ....f           	
[20/02/2026 16:07:39] Read data (COM4)	
    50 00 81 95 00 19 00 00 00 00 09 00 00 00 00 09   P.Åï............	
    00 00 00 00 09 00 00 00 04 a3 02 97 02 a3 02 9c   .........£.ó.£.ú	
    02 9c 02 9c 59                                    .ú.úY           	
[20/02/2026 16:07:39] Written data (COM4)	
    50 00 81 44 00 00 00 00 00 00 00 00 00 00 00 00   P.ÅD............	
    00 00 00 00 00 00 00 00 00 00 00 00 00 00 00 00   ................	
    00 00 00 00 15                                    .....           	
[20/02/2026 16:07:39] Read data (COM4)	
    50 00 81 44 08 00 00 00 01 14 1a 02 14 10 01 16   P.ÅD............	
    c4 94 98 00 00 00 00 00 00 00 00 00 00 00 00 00   ƒîò.............	
    00 00 00 00 79                                    ....y           	
[20/02/2026 16:07:40] Written data (COM4)	
    50 00 81 64 00 00 00 00 00 00 00 00 00 00 00 00   P.Åd............	
    00 00 00 00 00 00 00 00 00 00 00 00 00 00 00 00   ................	
    00 00 00 00 35                                    ....5           	
[20/02/2026 16:07:40] Read data (COM4)	
    50 00 81 64 00 00 80 00 00 00 00 00 00 00 00 00   P.Åd..Ä.........	
    00 00 00 00 00 00 00 00 00 00 00 00 00 80 00 00   .............Ä..	
    00 00 00 00 35                                    ....5           	
[20/02/2026 16:07:40] Written data (COM4)	
    50 00 81 84 00 00 00 00 00 00 00 00 00 00 00 00   P.ÅÑ............	
    00 00 00 00 00 00 00 00 00 00 00 00 00 00 00 00   ................	
    00 00 00 00 55                                    ....U           	
[20/02/2026 16:07:40] Read data (COM4)	
    50 00 81 84 00 00 00 00 00 00 00 00 00 00 00 00   P.ÅÑ............	
    00 00 00 00 00 00 19 00 00 00 00 09 00 00 00 00   ................	
    09 00 00 00 80                                    ....Ä           	
[20/02/2026 16:07:40] Written data (COM4)	
    50 00 81 95 00 00 00 00 00 00 00 00 00 00 00 00   P.Åï............	
    00 00 00 00 00 00 00 00 00 00 00 00 00 00 00 00   ................	
    00 00 00 00 66                                    ....f           	
[20/02/2026 16:07:40] Read data (COM4)	
    50 00 81 95 00 19 00 00 00 00 09 00 00 00 00 09   P.Åï............	
    00 00 00 00 09 00 00 00 04 a3 02 97 02 a3 02 9c   .........£.ó.£.ú	
    02 9c 02 9c 59                                    .ú.úY           	
[20/02/2026 16:07:40] Written data (COM4)	
    50 00 81 44 00 00 00 00 00 00 00 00 00 00 00 00   P.ÅD............	
    00 00 00 00 00 00 00 00 00 00 00 00 00 00 00 00   ................	
    00 00 00 00 15                                    .....           	
[20/02/2026 16:07:40] Read data (COM4)	
    50 00 81 44 08 00 00 00 01 14 1a 02 14 10 01 17   P.ÅD............	
    c5 94 98 00 00 00 00 00 00 00 00 00 00 00 00 00   ≈îò.............	
    00 00 00 00 7b                                    ....{           	
[20/02/2026 16:07:40] Written data (COM4)	
    50 00 81 64 00 00 00 00 00 00 00 00 00 00 00 00   P.Åd............	
    00 00 00 00 00 00 00 00 00 00 00 00 00 00 00 00   ................	
    00 00 00 00 35                                    ....5           	
[20/02/2026 16:07:41] Read data (COM4)	
    50 00 81 64 00 00 80 00 00 00 00 00 00 00 00 00   P.Åd..Ä.........	
    00 00 00 00 00 00 00 00 00 00 00 00 00 80 00 00   .............Ä..	
    00 00 00 00 35                                    ....5           	
[20/02/2026 16:07:41] Written data (COM4)	
    50 00 81 84 00 00 00 00 00 00 00 00 00 00 00 00   P.ÅÑ............	
    00 00 00 00 00 00 00 00 00 00 00 00 00 00 00 00   ................	
    00 00 00 00 55                                    ....U           	
[20/02/2026 16:07:41] Read data (COM4)	
    50 00 81 84 00 00 00 00 00 00 00 00 00 00 00 00   P.ÅÑ............	
    00 00 00 00 00 00 19 00 00 00 00 09 00 00 00 00   ................	
    09 00 00 00 80                                    ....Ä           	
[20/02/2026 16:07:41] Written data (COM4)	
    50 00 81 95 00 00 00 00 00 00 00 00 00 00 00 00   P.Åï............	
    00 00 00 00 00 00 00 00 00 00 00 00 00 00 00 00   ................	
    00 00 00 00 66                                    ....f           	
[20/02/2026 16:07:41] Read data (COM4)	
    50 00 81 95 00 19 00 00 00 00 09 00 00 00 00 09   P.Åï............	
    00 00 00 00 09 00 00 00 04 a3 02 97 02 a3 02 9c   .........£.ó.£.ú	
    02 9c 02 9c 59                                    .ú.úY           	
[20/02/2026 16:07:41] Written data (COM4)	
    50 00 81 44 00 00 00 00 00 00 00 00 00 00 00 00   P.ÅD............	
    00 00 00 00 00 00 00 00 00 00 00 00 00 00 00 00   ................	
    00 00 00 00 15                                    .....           	
[20/02/2026 16:07:41] Read data (COM4)	
    50 00 81 44 08 00 00 00 01 14 1a 02 14 10 01 18   P.ÅD............	
    c5 94 98 00 00 00 00 00 00 00 00 00 00 00 00 00   ≈îò.............	
    00 00 00 00 7c                                    ....|           	
[20/02/2026 16:07:41] Written data (COM4)	
    50 00 81 64 00 00 00 00 00 00 00 00 00 00 00 00   P.Åd............	
    00 00 00 00 00 00 00 00 00 00 00 00 00 00 00 00   ................	
    00 00 00 00 35                                    ....5           	
[20/02/2026 16:07:41] Read data (COM4)	
    50 00 81 64 00 00 80 00 00 00 00 00 00 00 00 00   P.Åd..Ä.........	
    00 00 00 00 00 00 00 00 00 00 00 00 00 80 00 00   .............Ä..	
    00 00 00 00 35                                    ....5           	
[20/02/2026 16:07:41] Written data (COM4)	
    50 00 81 84 00 00 00 00 00 00 00 00 00 00 00 00   P.ÅÑ............	
    00 00 00 00 00 00 00 00 00 00 00 00 00 00 00 00   ................	
    00 00 00 00 55                                    ....U           	
[20/02/2026 16:07:42] Read data (COM4)	
    50 00 81 84 00 00 00 00 00 00 00 00 00 00 00 00   P.ÅÑ............	
    00 00 00 00 00 00 19 00 00 00 00 09 00 00 00 00   ................	
    09 00 00 00 80                                    ....Ä           	
[20/02/2026 16:07:42] Written data (COM4)	
    50 00 81 95 00 00 00 00 00 00 00 00 00 00 00 00   P.Åï............	
    00 00 00 00 00 00 00 00 00 00 00 00 00 00 00 00   ................	
    00 00 00 00 66                                    ....f           	
[20/02/2026 16:07:42] Read data (COM4)	
    50 00 81 95 00 19 00 00 00 00 09 00 00 00 00 09   P.Åï............	
    00 00 00 00 09 00 00 00 04 a3 02 97 02 a3 02 9c   .........£.ó.£.ú	
    02 9c 02 9c 59                                    .ú.úY           	
[20/02/2026 16:07:42] Written data (COM4)	
    50 00 81 44 00 00 00 00 00 00 00 00 00 00 00 00   P.ÅD............	
    00 00 00 00 00 00 00 00 00 00 00 00 00 00 00 00   ................	
    00 00 00 00 15                                    .....           	
[20/02/2026 16:07:42] Read data (COM4)	
    50 00 81 44 08 00 00 00 01 14 1a 02 14 10 01 19   P.ÅD............	
    c5 94 97 00 00 00 00 00 00 00 00 00 00 00 00 00   ≈îó.............	
    00 00 00 00 7c                                    ....|           	
[20/02/2026 16:07:42] Written data (COM4)	
    50 00 81 64 00 00 00 00 00 00 00 00 00 00 00 00   P.Åd............	
    00 00 00 00 00 00 00 00 00 00 00 00 00 00 00 00   ................	
    00 00 00 00 35                                    ....5           	
[20/02/2026 16:07:42] Read data (COM4)	
    50 00 81 64 00 00 80 00 00 00 00 00 00 00 00 00   P.Åd..Ä.........	
    00 00 00 00 00 00 00 00 00 00 00 00 00 80 00 00   .............Ä..	
    00 00 00 00 35                                    ....5           	
[20/02/2026 16:07:42] Written data (COM4)	
    50 00 81 84 00 00 00 00 00 00 00 00 00 00 00 00   P.ÅÑ............	
    00 00 00 00 00 00 00 00 00 00 00 00 00 00 00 00   ................	
    00 00 00 00 55                                    ....U           	
[20/02/2026 16:07:42] Read data (COM4)	
    50 00 81 84 00 00 00 00 00 00 00 00 00 00 00 00   P.ÅÑ............	
    00 00 00 00 00 00 19 00 00 00 00 09 00 00 00 00   ................	
    09 00 00 00 80                                    ....Ä           	
[20/02/2026 16:07:43] Written data (COM4)	
    50 00 81 95 00 00 00 00 00 00 00 00 00 00 00 00   P.Åï............	
    00 00 00 00 00 00 00 00 00 00 00 00 00 00 00 00   ................	
    00 00 00 00 66                                    ....f           	
[20/02/2026 16:07:43] Read data (COM4)	
    50 00 81 95 00 19 00 00 00 00 09 00 00 00 00 09   P.Åï............	
    00 00 00 00 09 00 00 00 04 a3 02 97 02 a3 02 9c   .........£.ó.£.ú	
    02 9c 02 9c 59                                    .ú.úY           	
[20/02/2026 16:07:43] Written data (COM4)	
    50 00 81 44 00 00 00 00 00 00 00 00 00 00 00 00   P.ÅD............	
    00 00 00 00 00 00 00 00 00 00 00 00 00 00 00 00   ................	
    00 00 00 00 15                                    .....           	
[20/02/2026 16:07:43] Read data (COM4)	
    50 00 81 44 08 00 00 00 01 14 1a 02 14 10 01 1a   P.ÅD............	
    c4 94 97 00 00 00 00 00 00 00 00 00 00 00 00 00   ƒîó.............	
    00 00 00 00 7c                                    ....|           	
[20/02/2026 16:07:43] Written data (COM4)	
    50 00 81 64 00 00 00 00 00 00 00 00 00 00 00 00   P.Åd............	
    00 00 00 00 00 00 00 00 00 00 00 00 00 00 00 00   ................	
    00 00 00 00 35                                    ....5           	
[20/02/2026 16:07:43] Read data (COM4)	
    50 00 81 64 00 00 80 00 00 00 00 00 00 00 00 00   P.Åd..Ä.........	
    00 00 00 00 00 00 00 00 00 00 00 00 00 80 00 00   .............Ä..	
    00 00 00 00 35                                    ....5           	
[20/02/2026 16:07:43] Written data (COM4)	
    50 00 81 84 00 00 00 00 00 00 00 00 00 00 00 00   P.ÅÑ............	
    00 00 00 00 00 00 00 00 00 00 00 00 00 00 00 00   ................	
    00 00 00 00 55                                    ....U           	
[20/02/2026 16:07:43] Read data (COM4)	
    50 00 81 84 00 00 00 00 00 00 00 00 00 00 00 00   P.ÅÑ............	
    00 00 00 00 00 00 19 00 00 00 00 09 00 00 00 00   ................	
    09 00 00 00 80                                    ....Ä           	
[20/02/2026 16:07:43] Written data (COM4)	
    50 00 81 95 00 00 00 00 00 00 00 00 00 00 00 00   P.Åï............	
    00 00 00 00 00 00 00 00 00 00 00 00 00 00 00 00   ................	
    00 00 00 00 66                                    ....f           	
[20/02/2026 16:07:43] Read data (COM4)	
    50 00 81 95 00 19 00 00 00 00 09 00 00 00 00 09   P.Åï............	
    00 00 00 00 09 00 00 00 04 a3 02 97 02 a3 02 9c   .........£.ó.£.ú	
    02 9c 02 9c 59                                    .ú.úY           	
