[20/02/2026 12:22:54] Written data (COM4)	
    50 00 81 95 00 00 00 00 00 00 00 00 00 00 00 00   P.Åï............	
    00 00 00 00 00 00 00 00 00 00 00 00 00 00 00 00   ................	
    00 00 00 00 66                                    ....f           	
[20/02/2026 12:22:54] Read data (COM4)	
    50 00 81 95 00 09 00 00 00 00 09 00 00 00 00 09   P.Åï............	
    00 00 00 00 09 00 00 00 04 90 02 b5 01 90 02 8f   .........ê.µ.ê.è	
    02 8f 02 8f 19                                    .è.è.           	
[20/02/2026 12:22:54] Written data (COM4)	
    50 00 81 44 00 00 00 00 00 00 00 00 00 00 00 00   P.ÅD............	
    00 00 00 00 00 00 00 00 00 00 00 00 00 00 00 00   ................	
    00 00 00 00 15                                    .....           	
[20/02/2026 12:22:54] Read data (COM4)	
    50 00 81 44 08 00 00 00 01 14 1a 02 14 0c 10 25   P.ÅD...........%	
    c4 94 97 00 00 00 00 00 00 00 00 00 00 00 00 00   ƒîó.............	
    00 00 00 00 92                                    ....í           	
[20/02/2026 12:22:54] Written data (COM4)	
    50 00 81 64 00 00 00 00 00 00 00 00 00 00 00 00   P.Åd............	
    00 00 00 00 00 00 00 00 00 00 00 00 00 00 00 00   ................	
    00 00 00 00 35                                    ....5           	
[20/02/2026 12:22:55] Read data (COM4)	
    50 00 81 64 00 00 80 00 00 00 00 00 00 00 00 00   P.Åd..Ä.........	
    00 00 00 00 00 00 00 00 00 00 00 00 00 00 00 00   ................	
    00 00 00 00 b5                                    ....µ           	
[20/02/2026 12:22:55] Written data (COM4)	
    50 00 81 84 00 00 00 00 00 00 00 00 00 00 00 00   P.ÅÑ............	
    00 00 00 00 00 00 00 00 00 00 00 00 00 00 00 00   ................	
    00 00 00 00 55                                    ....U           	
[20/02/2026 12:22:55] Read data (COM4)	
    50 00 81 84 00 00 00 00 00 00 00 00 00 00 00 00   P.ÅÑ............	
    00 00 00 00 00 00 09 00 00 00 00 09 00 00 00 00   ................	
    09 00 00 00 70                                    ....p           	
[20/02/2026 12:22:55] Written data (COM4)	
    50 00 81 95 00 00 00 00 00 00 00 00 00 00 00 00   P.Åï............	
    00 00 00 00 00 00 00 00 00 00 00 00 00 00 00 00   ................	
    00 00 00 00 66                                    ....f           	
[20/02/2026 12:22:55] Read data (COM4)	
    50 00 81 95 00 09 00 00 00 00 09 00 00 00 00 09   P.Åï............	
    00 00 00 00 09 00 00 00 04 90 02 b5 01 90 02 8f   .........ê.µ.ê.è	
    02 8f 02 8f 19                                    .è.è.           	
[20/02/2026 12:22:55] Written data (COM4)	
    50 00 81 44 00 00 00 00 00 00 00 00 00 00 00 00   P.ÅD............	
    00 00 00 00 00 00 00 00 00 00 00 00 00 00 00 00   ................	
    00 00 00 00 15                                    .....           	
[20/02/2026 12:22:55] Read data (COM4)	
    50 00 81 44 08 00 00 00 01 14 1a 02 14 0c 10 26   P.ÅD...........&	
    c4 94 98 00 00 00 00 00 00 00 00 00 00 00 00 00   ƒîò.............	
    00 00 00 00 94                                    ....î           	
[20/02/2026 12:22:55] Written data (COM4)	
    50 00 81 64 00 00 00 00 00 00 00 00 00 00 00 00   P.Åd............	
    00 00 00 00 00 00 00 00 00 00 00 00 00 00 00 00   ................	
    00 00 00 00 35                                    ....5           	
[20/02/2026 12:22:55] Read data (COM4)	
    50 00 81 64 00 00 80 00 00 00 00 00 00 00 00 00   P.Åd..Ä.........	
    00 00 00 00 00 00 00 00 00 00 00 00 00 00 00 00   ................	
    00 00 00 00 b5                                    ....µ           	
[20/02/2026 12:22:56] Written data (COM4)	
    50 00 81 84 00 00 00 00 00 00 00 00 00 00 00 00   P.ÅÑ............	
    00 00 00 00 00 00 00 00 00 00 00 00 00 00 00 00   ................	
    00 00 00 00 55                                    ....U           	
[20/02/2026 12:22:56] Read data (COM4)	
    50 00 81 84 00 00 00 00 00 00 00 00 00 00 00 00   P.ÅÑ............	
    00 00 00 00 00 00 09 00 00 00 00 09 00 00 00 00   ................	
    09 00 00 00 70                                    ....p           	
[20/02/2026 12:22:56] Written data (COM4)	
    50 00 81 95 00 00 00 00 00 00 00 00 00 00 00 00   P.Åï............	
    00 00 00 00 00 00 00 00 00 00 00 00 00 00 00 00   ................	
    00 00 00 00 66                                    ....f           	
[20/02/2026 12:22:56] Read data (COM4)	
    50 00 81 95 00 09 00 00 00 00 09 00 00 00 00 09   P.Åï............	
    00 00 00 00 09 00 00 00 04 90 02 b5 01 90 02 8f   .........ê.µ.ê.è	
    02 8f 02 8f 19                                    .è.è.           	
[20/02/2026 12:22:56] Written data (COM4)	
    50 00 81 44 00 00 00 00 00 00 00 00 00 00 00 00   P.ÅD............	
    00 00 00 00 00 00 00 00 00 00 00 00 00 00 00 00   ................	
    00 00 00 00 15                                    .....           	
[20/02/2026 12:22:56] Read data (COM4)	
    50 00 81 44 08 00 00 00 01 14 1a 02 14 0c 10 27   P.ÅD...........'	
    c4 94 98 00 00 00 00 00 00 00 00 00 00 00 00 00   ƒîò.............	
    00 00 00 00 95                                    ....ï           	
[20/02/2026 12:22:56] Written data (COM4)	
    50 00 81 64 00 00 00 00 00 00 00 00 00 00 00 00   P.Åd............	
    00 00 00 00 00 00 00 00 00 00 00 00 00 00 00 00   ................	
    00 00 00 00 35                                    ....5           	
[20/02/2026 12:22:56] Read data (COM4)	
    50 00 81 64 00 00 80 00 00 00 00 00 00 00 00 00   P.Åd..Ä.........	
    00 00 00 00 00 00 00 00 00 00 00 00 00 00 00 00   ................	
    00 00 00 00 b5                                    ....µ           	
[20/02/2026 12:22:56] Written data (COM4)	
    50 00 81 84 00 00 00 00 00 00 00 00 00 00 00 00   P.ÅÑ............	
    00 00 00 00 00 00 00 00 00 00 00 00 00 00 00 00   ................	
    00 00 00 00 55                                    ....U           	
[20/02/2026 12:22:56] Read data (COM4)	
    50 00 81 84 00 00 00 00 00 00 00 00 00 00 00 00   P.ÅÑ............	
    00 00 00 00 00 00 09 00 00 00 00 09 00 00 00 00   ................	
    09 00 00 00 70                                    ....p           	
[20/02/2026 12:22:57] Written data (COM4)	
    50 00 81 95 00 00 00 00 00 00 00 00 00 00 00 00   P.Åï............	
    00 00 00 00 00 00 00 00 00 00 00 00 00 00 00 00   ................	
    00 00 00 00 66                                    ....f           	
[20/02/2026 12:22:57] Read data (COM4)	
    50 00 81 95 00 09 00 00 00 00 09 00 00 00 00 09   P.Åï............	
    00 00 00 00 09 00 00 00 04 90 02 b5 01 90 02 8f   .........ê.µ.ê.è	
    02 8f 02 8f 19                                    .è.è.           	
[20/02/2026 12:22:57] Written data (COM4)	
    50 00 81 44 00 00 00 00 00 00 00 00 00 00 00 00   P.ÅD............	
    00 00 00 00 00 00 00 00 00 00 00 00 00 00 00 00   ................	
    00 00 00 00 15                                    .....           	
[20/02/2026 12:22:57] Read data (COM4)	
    50 00 81 44 08 00 00 00 01 14 1a 02 14 0c 10 28   P.ÅD...........(	
    c4 94 98 00 00 00 00 00 00 00 00 00 00 00 00 00   ƒîò.............	
    00 00 00 00 96                                    ....ñ           	
[20/02/2026 12:22:57] Written data (COM4)	
    50 00 81 64 00 00 00 00 00 00 00 00 00 00 00 00   P.Åd............	
    00 00 00 00 00 00 00 00 00 00 00 00 00 00 00 00   ................	
    00 00 00 00 35                                    ....5           	
[20/02/2026 12:22:57] Read data (COM4)	
    50 00 81 64 00 00 80 00 00 00 00 00 00 00 00 00   P.Åd..Ä.........	
    00 00 00 00 00 00 00 00 00 00 00 00 00 00 00 00   ................	
    00 00 00 00 b5                                    ....µ           	
[20/02/2026 12:22:57] Written data (COM4)	
    50 00 81 84 00 00 00 00 00 00 00 00 00 00 00 00   P.ÅÑ............	
    00 00 00 00 00 00 00 00 00 00 00 00 00 00 00 00   ................	
    00 00 00 00 55                                    ....U           	
[20/02/2026 12:22:57] Read data (COM4)	
    50 00 81 84 00 00 00 00 00 00 00 00 00 00 00 00   P.ÅÑ............	
    00 00 00 00 00 00 09 00 00 00 00 09 00 00 00 00   ................	
    09 00 00 00 70                                    ....p           	
[20/02/2026 12:22:57] Written data (COM4)	
    50 00 81 95 00 00 00 00 00 00 00 00 00 00 00 00   P.Åï............	
    00 00 00 00 00 00 00 00 00 00 00 00 00 00 00 00   ................	
    00 00 00 00 66                                    ....f           	
[20/02/2026 12:22:57] Read data (COM4)	
    50 00 81 95 00 09 00 00 00 00 09 00 00 00 00 09   P.Åï............	
    00 00 00 00 09 00 00 00 04 90 02 b5 01 90 02 8f   .........ê.µ.ê.è	
    02 8f 02 8f 19                                    .è.è.           	
[20/02/2026 12:22:58] Written data (COM4)	
    50 00 81 44 00 00 00 00 00 00 00 00 00 00 00 00   P.ÅD............	
    00 00 00 00 00 00 00 00 00 00 00 00 00 00 00 00   ................	
    00 00 00 00 15                                    .....           	
[20/02/2026 12:22:58] Read data (COM4)	
    50 00 81 44 08 00 00 00 01 14 1a 02 14 0c 10 29   P.ÅD...........)	
    c4 94 98 00 00 00 00 00 00 00 00 00 00 00 00 00   ƒîò.............	
    00 00 00 00 97                                    ....ó           	
[20/02/2026 12:22:58] Written data (COM4)	
    50 00 81 64 00 00 00 00 00 00 00 00 00 00 00 00   P.Åd............	
    00 00 00 00 00 00 00 00 00 00 00 00 00 00 00 00   ................	
    00 00 00 00 35                                    ....5           	
[20/02/2026 12:22:58] Read data (COM4)	
    50 00 81 64 00 00 80 00 00 00 00 00 00 00 00 00   P.Åd..Ä.........	
    00 00 00 00 00 00 00 00 00 00 00 00 00 00 00 00   ................	
    00 00 00 00 b5                                    ....µ           	
[20/02/2026 12:22:58] Written data (COM4)	
    50 00 81 84 00 00 00 00 00 00 00 00 00 00 00 00   P.ÅÑ............	
    00 00 00 00 00 00 00 00 00 00 00 00 00 00 00 00   ................	
    00 00 00 00 55                                    ....U           	
[20/02/2026 12:22:58] Read data (COM4)	
    50 00 81 84 00 00 00 00 00 00 00 00 00 00 00 00   P.ÅÑ............	
    00 00 00 00 00 00 09 00 00 00 00 09 00 00 00 00   ................	
    09 00 00 00 70                                    ....p           	
[20/02/2026 12:22:58] Written data (COM4)	
    50 00 81 95 00 00 00 00 00 00 00 00 00 00 00 00   P.Åï............	
    00 00 00 00 00 00 00 00 00 00 00 00 00 00 00 00   ................	
    00 00 00 00 66                                    ....f           	
[20/02/2026 12:22:58] Read data (COM4)	
    50 00 81 95 00 09 00 00 00 00 09 00 00 00 00 09   P.Åï............	
    00 00 00 00 09 00 00 00 04 90 02 b5 01 90 02 8f   .........ê.µ.ê.è	
    02 8f 02 8f 19                                    .è.è.           	
[20/02/2026 12:22:58] Written data (COM4)	
    50 00 81 44 00 00 00 00 00 00 00 00 00 00 00 00   P.ÅD............	
    00 00 00 00 00 00 00 00 00 00 00 00 00 00 00 00   ................	
    00 00 00 00 15                                    .....           	
[20/02/2026 12:22:59] Read data (COM4)	
    50 00 81 44 08 00 00 00 01 14 1a 02 14 0c 10 2a   P.ÅD...........*	
    c4 94 98 00 00 00 00 00 00 00 00 00 00 00 00 00   ƒîò.............	
    00 00 00 00 98                                    ....ò           	
[20/02/2026 12:22:59] Written data (COM4)	
    50 00 81 64 00 00 00 00 00 00 00 00 00 00 00 00   P.Åd............	
    00 00 00 00 00 00 00 00 00 00 00 00 00 00 00 00   ................	
    00 00 00 00 35                                    ....5           	
[20/02/2026 12:22:59] Read data (COM4)	
    50 00 81 64 00 00 80 00 00 00 00 00 00 00 00 00   P.Åd..Ä.........	
    00 00 00 00 00 00 00 00 00 00 00 00 00 00 00 00   ................	
    00 00 00 00 b5                                    ....µ           	
[20/02/2026 12:22:59] Written data (COM4)	
    50 00 81 84 00 00 00 00 00 00 00 00 00 00 00 00   P.ÅÑ............	
    00 00 00 00 00 00 00 00 00 00 00 00 00 00 00 00   ................	
    00 00 00 00 55                                    ....U           	
[20/02/2026 12:22:59] Read data (COM4)	
    50 00 81 84 00 00 00 00 00 00 00 00 00 00 00 00   P.ÅÑ............	
    00 00 00 00 00 00 09 00 00 00 00 09 00 00 00 00   ................	
    09 00 00 00 70                                    ....p           	
[20/02/2026 12:22:59] Written data (COM4)	
    50 00 81 95 00 00 00 00 00 00 00 00 00 00 00 00   P.Åï............	
    00 00 00 00 00 00 00 00 00 00 00 00 00 00 00 00   ................	
    00 00 00 00 66                                    ....f           	
[20/02/2026 12:22:59] Read data (COM4)	
    50 00 81 95 00 09 00 00 00 00 09 00 00 00 00 09   P.Åï............	
    00 00 00 00 09 00 00 00 04 90 02 b5 01 90 02 8f   .........ê.µ.ê.è	
    02 8f 02 8f 19                                    .è.è.           	
[20/02/2026 12:22:59] Written data (COM4)	
    50 00 81 44 00 00 00 00 00 00 00 00 00 00 00 00   P.ÅD............	
    00 00 00 00 00 00 00 00 00 00 00 00 00 00 00 00   ................	
    00 00 00 00 15                                    .....           	
[20/02/2026 12:22:59] Read data (COM4)	
    50 00 81 44 08 00 00 00 01 14 1a 02 14 0c 10 2b   P.ÅD...........+	
    c4 94 98 00 00 00 00 00 00 00 00 00 00 00 00 00   ƒîò.............	
    00 00 00 00 99                                    ....ô           	
[20/02/2026 12:22:59] Written data (COM4)	
    50 00 81 64 00 00 00 00 00 00 00 00 00 00 00 00   P.Åd............	
    00 00 00 00 00 00 00 00 00 00 00 00 00 00 00 00   ................	
    00 00 00 00 35                                    ....5           	
[20/02/2026 12:23:00] Read data (COM4)	
    50 00 81 64 00 00 80 00 00 00 00 00 00 00 00 00   P.Åd..Ä.........	
    00 00 00 00 00 00 00 00 00 00 00 00 00 00 00 00   ................	
    00 00 00 00 b5                                    ....µ           	
[20/02/2026 12:23:00] Written data (COM4)	
    50 00 81 84 00 00 00 00 00 00 00 00 00 00 00 00   P.ÅÑ............	
    00 00 00 00 00 00 00 00 00 00 00 00 00 00 00 00   ................	
    00 00 00 00 55                                    ....U           	
[20/02/2026 12:23:00] Read data (COM4)	
    50 00 81 84 00 00 00 00 00 00 00 00 00 00 00 00   P.ÅÑ............	
    00 00 00 00 00 00 09 00 00 00 00 09 00 00 00 00   ................	
    09 00 00 00 70                                    ....p           	
[20/02/2026 12:23:00] Written data (COM4)	
    50 00 81 95 00 00 00 00 00 00 00 00 00 00 00 00   P.Åï............	
    00 00 00 00 00 00 00 00 00 00 00 00 00 00 00 00   ................	
    00 00 00 00 66                                    ....f           	
[20/02/2026 12:23:00] Read data (COM4)	
    50 00 81 95 00 09 00 00 00 00 09 00 00 00 00 09   P.Åï............	
    00 00 00 00 09 00 00 00 04 90 02 b5 01 90 02 8f   .........ê.µ.ê.è	
    02 8f 02 8f 19                                    .è.è.           	
[20/02/2026 12:23:00] Written data (COM4)	
    50 00 81 44 00 00 00 00 00 00 00 00 00 00 00 00   P.ÅD............	
    00 00 00 00 00 00 00 00 00 00 00 00 00 00 00 00   ................	
    00 00 00 00 15                                    .....           	
[20/02/2026 12:23:00] Read data (COM4)	
    50 00 81 44 08 00 00 00 01 14 1a 02 14 0c 10 2b   P.ÅD...........+	
    c4 94 98 00 00 00 00 00 00 00 00 00 00 00 00 00   ƒîò.............	
    00 00 00 00 99                                    ....ô           	
[20/02/2026 12:23:00] Written data (COM4)	
    50 00 81 64 00 00 00 00 00 00 00 00 00 00 00 00   P.Åd............	
    00 00 00 00 00 00 00 00 00 00 00 00 00 00 00 00   ................	
    00 00 00 00 35                                    ....5           	
[20/02/2026 12:23:00] Read data (COM4)	
    50 00 81 64 00 00 80 00 00 00 00 00 00 00 00 00   P.Åd..Ä.........	
    00 00 00 00 00 00 00 00 00 00 00 00 00 00 00 00   ................	
    00 00 00 00 b5                                    ....µ           	
[20/02/2026 12:23:01] Written data (COM4)	
    50 00 81 84 00 00 00 00 00 00 00 00 00 00 00 00   P.ÅÑ............	
    00 00 00 00 00 00 00 00 00 00 00 00 00 00 00 00   ................	
    00 00 00 00 55                                    ....U           	
[20/02/2026 12:23:01] Read data (COM4)	
    50 00 81 84 00 00 00 00 00 00 00 00 00 00 00 00   P.ÅÑ............	
    00 00 00 00 00 00 09 00 00 00 00 09 00 00 00 00   ................	
    09 00 00 00 70                                    ....p           	
[20/02/2026 12:23:01] Written data (COM4)	
    50 00 81 95 00 00 00 00 00 00 00 00 00 00 00 00   P.Åï............	
    00 00 00 00 00 00 00 00 00 00 00 00 00 00 00 00   ................	
    00 00 00 00 66                                    ....f           	
[20/02/2026 12:23:01] Read data (COM4)	
    50 00 81 95 00 09 00 00 00 00 09 00 00 00 00 09   P.Åï............	
    00 00 00 00 09 00 00 00 04 90 02 b5 01 90 02 8f   .........ê.µ.ê.è	
    02 8f 02 8f 19                                    .è.è.           	
[20/02/2026 12:23:01] Written data (COM4)	
    40 00 05 00 00 00 00 00 00 00 00 00 00 00 00 00   @...............	
    00 00 00 00 00 00 00 00 00 00 00 00 00 00 00 00   ................	
    00 00 00 00 45                                    ....E           	
[20/02/2026 12:23:01] Read data (COM4)	
    40 00 05 00 00 00 00 00 00 00 00 00 00 00 00 00   @...............	
    00 00 00 00 00 00 00 00 00 00 00 00 00 00 00 00   ................	
    00 00 00 00 45                                    ....E           	
[20/02/2026 12:23:01] Written data (COM4)	
    50 00 81 44 00 00 00 00 00 00 00 00 00 00 00 00   P.ÅD............	
    00 00 00 00 00 00 00 00 00 00 00 00 00 00 00 00   ................	
    00 00 00 00 15                                    .....           	
[20/02/2026 12:23:01] Read data (COM4)	
    50 00 81 44 08 00 00 00 01 14 1a 02 14 0c 10 2c   P.ÅD...........,	
    c4 94 98 00 00 00 00 00 00 00 00 00 00 00 00 00   ƒîò.............	
    00 00 00 00 9a                                    ....ö           	
[20/02/2026 12:23:01] Written data (COM4)	
    50 00 81 64 00 00 00 00 00 00 00 00 00 00 00 00   P.Åd............	
    00 00 00 00 00 00 00 00 00 00 00 00 00 00 00 00   ................	
    00 00 00 00 35                                    ....5           	
[20/02/2026 12:23:01] Read data (COM4)	
    50 00 81 64 00 00 80 00 00 00 00 00 00 00 00 00   P.Åd..Ä.........	
    00 00 00 00 00 00 00 00 00 00 00 00 00 00 00 00   ................	
    00 00 00 00 b5                                    ....µ           	
[20/02/2026 12:23:01] Written data (COM4)	
    50 00 81 84 00 00 00 00 00 00 00 00 00 00 00 00   P.ÅÑ............	
    00 00 00 00 00 00 00 00 00 00 00 00 00 00 00 00   ................	
    00 00 00 00 55                                    ....U           	
[20/02/2026 12:23:01] Read data (COM4)	
    50 00 81 84 00 00 00 00 00 00 00 00 00 00 00 00   P.ÅÑ............	
    00 00 00 00 00 00 09 00 00 00 02 0b 04 00 00 00   ................	
    09 00 00 00 78                                    ....x           	
[20/02/2026 12:23:02] Written data (COM4)	
    50 00 81 95 00 00 00 00 00 00 00 00 00 00 00 00   P.Åï............	
    00 00 00 00 00 00 00 00 00 00 00 00 00 00 00 00   ................	
    00 00 00 00 66                                    ....f           	
[20/02/2026 12:23:02] Read data (COM4)	
    50 00 81 95 00 09 00 00 00 02 0b 04 00 00 00 09   P.Åï............	
    00 00 00 00 09 00 00 00 04 90 02 b5 01 90 02 8f   .........ê.µ.ê.è	
    02 8f 02 8f 21                                    .è.è!           	
[20/02/2026 12:23:02] Written data (COM4)	
    50 00 81 44 00 00 00 00 00 00 00 00 00 00 00 00   P.ÅD............	
    00 00 00 00 00 00 00 00 00 00 00 00 00 00 00 00   ................	
    00 00 00 00 15                                    .....           	
[20/02/2026 12:23:02] Read data (COM4)	
    50 00 81 44 08 00 00 00 01 14 1a 02 14 0c 10 2d   P.ÅD...........-	
    c4 94 98 00 00 00 00 00 00 00 00 00 00 00 00 00   ƒîò.............	
    00 00 00 00 9b                                    ....õ           	
[20/02/2026 12:23:02] Written data (COM4)	
    50 00 81 64 00 00 00 00 00 00 00 00 00 00 00 00   P.Åd............	
    00 00 00 00 00 00 00 00 00 00 00 00 00 00 00 00   ................	
    00 00 00 00 35                                    ....5           	
[20/02/2026 12:23:02] Read data (COM4)	
    50 00 81 64 00 00 80 00 00 00 00 00 00 00 00 00   P.Åd..Ä.........	
    00 00 00 00 00 00 00 00 00 00 00 00 00 00 00 00   ................	
    00 00 00 00 b5                                    ....µ           	
[20/02/2026 12:23:02] Written data (COM4)	
    50 00 81 84 00 00 00 00 00 00 00 00 00 00 00 00   P.ÅÑ............	
    00 00 00 00 00 00 00 00 00 00 00 00 00 00 00 00   ................	
    00 00 00 00 55                                    ....U           	
[20/02/2026 12:23:02] Read data (COM4)	
    50 00 81 84 00 00 00 00 00 00 00 00 00 00 00 00   P.ÅÑ............	
    00 00 00 00 00 00 09 00 00 00 02 0b 04 00 00 00   ................	
    09 00 00 00 78                                    ....x           	
[20/02/2026 12:23:03] Written data (COM4)	
    50 00 81 95 00 00 00 00 00 00 00 00 00 00 00 00   P.Åï............	
    00 00 00 00 00 00 00 00 00 00 00 00 00 00 00 00   ................	
    00 00 00 00 66                                    ....f           	
[20/02/2026 12:23:03] Read data (COM4)	
    50 00 81 95 00 09 00 00 00 02 0b 04 00 00 00 09   P.Åï............	
    00 00 00 00 09 00 00 00 04 90 02 b5 01 90 02 8f   .........ê.µ.ê.è	
    02 8f 02 8f 21                                    .è.è!           	
[20/02/2026 12:23:03] Written data (COM4)	
    50 00 81 44 00 00 00 00 00 00 00 00 00 00 00 00   P.ÅD............	
    00 00 00 00 00 00 00 00 00 00 00 00 00 00 00 00   ................	
    00 00 00 00 15                                    .....           	
[20/02/2026 12:23:03] Read data (COM4)	
    50 00 81 44 08 00 00 00 01 14 1a 02 14 0c 10 2e   P.ÅD............	
    c4 94 97 00 00 00 00 00 00 00 00 00 00 00 00 00   ƒîó.............	
    00 00 00 00 9b                                    ....õ           	
[20/02/2026 12:23:03] Written data (COM4)	
    50 00 81 64 00 00 00 00 00 00 00 00 00 00 00 00   P.Åd............	
    00 00 00 00 00 00 00 00 00 00 00 00 00 00 00 00   ................	
    00 00 00 00 35                                    ....5           	
[20/02/2026 12:23:03] Read data (COM4)	
    50 00 81 64 00 00 80 00 00 00 00 00 00 00 00 00   P.Åd..Ä.........	
    00 00 00 00 00 00 00 00 00 00 00 00 00 00 00 00   ................	
    00 00 00 00 b5                                    ....µ           	
[20/02/2026 12:23:03] Written data (COM4)	
    50 00 81 84 00 00 00 00 00 00 00 00 00 00 00 00   P.ÅÑ............	
    00 00 00 00 00 00 00 00 00 00 00 00 00 00 00 00   ................	
    00 00 00 00 55                                    ....U           	
[20/02/2026 12:23:03] Read data (COM4)	
    50 00 81 84 00 00 00 00 00 00 00 00 00 00 00 00   P.ÅÑ............	
    00 00 00 00 00 00 09 00 00 00 02 0b 04 00 00 00   ................	
    09 00 00 00 78                                    ....x           	
[20/02/2026 12:23:03] Written data (COM4)	
    50 00 81 95 00 00 00 00 00 00 00 00 00 00 00 00   P.Åï............	
    00 00 00 00 00 00 00 00 00 00 00 00 00 00 00 00   ................	
    00 00 00 00 66                                    ....f           	
[20/02/2026 12:23:03] Read data (COM4)	
    50 00 81 95 00 09 00 00 00 02 0b 04 00 00 00 09   P.Åï............	
    00 00 00 00 09 00 00 00 04 90 02 b5 01 90 02 8f   .........ê.µ.ê.è	
    02 8f 02 8f 21                                    .è.è!           	
[20/02/2026 12:23:04] Written data (COM4)	
    50 00 81 44 00 00 00 00 00 00 00 00 00 00 00 00   P.ÅD............	
    00 00 00 00 00 00 00 00 00 00 00 00 00 00 00 00   ................	
    00 00 00 00 15                                    .....           	
[20/02/2026 12:23:04] Read data (COM4)	
    50 00 81 44 08 00 00 00 01 14 1a 02 14 0c 10 2f   P.ÅD.........../	
    c4 94 98 00 00 00 00 00 00 00 00 00 00 00 00 00   ƒîò.............	
    00 00 00 00 9d                                    ....ù           	
[20/02/2026 12:23:04] Written data (COM4)	
    50 00 81 64 00 00 00 00 00 00 00 00 00 00 00 00   P.Åd............	
    00 00 00 00 00 00 00 00 00 00 00 00 00 00 00 00   ................	
    00 00 00 00 35                                    ....5           	
[20/02/2026 12:23:04] Read data (COM4)	
    50 00 81 64 00 00 80 00 00 00 00 00 00 00 00 00   P.Åd..Ä.........	
    00 00 00 00 00 00 00 00 00 00 00 00 00 00 00 00   ................	
    00 00 00 00 b5                                    ....µ           	
[20/02/2026 12:23:04] Written data (COM4)	
    50 00 81 84 00 00 00 00 00 00 00 00 00 00 00 00   P.ÅÑ............	
    00 00 00 00 00 00 00 00 00 00 00 00 00 00 00 00   ................	
    00 00 00 00 55                                    ....U           	
[20/02/2026 12:23:04] Read data (COM4)	
    50 00 81 84 00 00 00 00 00 00 00 00 00 00 00 00   P.ÅÑ............	
    00 00 00 00 00 00 09 00 00 00 02 0b 04 00 00 00   ................	
    09 00 00 00 78                                    ....x           	
[20/02/2026 12:23:04] Written data (COM4)	
    50 00 81 95 00 00 00 00 00 00 00 00 00 00 00 00   P.Åï............	
    00 00 00 00 00 00 00 00 00 00 00 00 00 00 00 00   ................	
    00 00 00 00 66                                    ....f           	
[20/02/2026 12:23:04] Read data (COM4)	
    50 00 81 95 00 09 00 00 00 02 0b 04 00 00 00 09   P.Åï............	
    00 00 00 00 09 00 00 00 04 90 02 b5 01 90 02 8f   .........ê.µ.ê.è	
    02 8f 02 8f 21                                    .è.è!           	
[20/02/2026 12:23:04] Written data (COM4)	
    50 00 81 44 00 00 00 00 00 00 00 00 00 00 00 00   P.ÅD............	
    00 00 00 00 00 00 00 00 00 00 00 00 00 00 00 00   ................	
    00 00 00 00 15                                    .....           	
[20/02/2026 12:23:04] Read data (COM4)	
    50 00 81 44 08 00 00 00 01 14 1a 02 14 0c 10 30   P.ÅD...........0	
    c4 94 98 00 00 00 00 00 00 00 00 00 00 00 00 00   ƒîò.............	
    00 00 00 00 9e                                    ....û           	
[20/02/2026 12:23:05] Written data (COM4)	
    50 00 81 64 00 00 00 00 00 00 00 00 00 00 00 00   P.Åd............	
    00 00 00 00 00 00 00 00 00 00 00 00 00 00 00 00   ................	
    00 00 00 00 35                                    ....5           	
[20/02/2026 12:23:05] Read data (COM4)	
    50 00 81 64 00 00 80 00 00 00 00 00 00 00 00 00   P.Åd..Ä.........	
    00 00 00 00 00 00 00 00 00 00 00 00 00 00 00 00   ................	
    00 00 00 00 b5                                    ....µ           	
[20/02/2026 12:23:05] Written data (COM4)	
    50 00 81 84 00 00 00 00 00 00 00 00 00 00 00 00   P.ÅÑ............	
    00 00 00 00 00 00 00 00 00 00 00 00 00 00 00 00   ................	
    00 00 00 00 55                                    ....U           	
[20/02/2026 12:23:05] Read data (COM4)	
    50 00 81 84 00 00 00 00 00 00 00 00 00 00 00 00   P.ÅÑ............	
    00 00 00 00 00 00 09 00 00 00 02 0b 04 00 00 00   ................	
    09 00 00 00 78                                    ....x           	
[20/02/2026 12:23:05] Written data (COM4)	
    50 00 81 95 00 00 00 00 00 00 00 00 00 00 00 00   P.Åï............	
    00 00 00 00 00 00 00 00 00 00 00 00 00 00 00 00   ................	
    00 00 00 00 66                                    ....f           	
[20/02/2026 12:23:05] Read data (COM4)	
    50 00 81 95 00 09 00 00 00 02 0b 04 00 00 00 09   P.Åï............	
    00 00 00 00 09 00 00 00 04 90 02 b5 01 90 02 8f   .........ê.µ.ê.è	
    02 8f 02 8f 21                                    .è.è!           	
[20/02/2026 12:23:05] Written data (COM4)	
    50 00 81 44 00 00 00 00 00 00 00 00 00 00 00 00   P.ÅD............	
    00 00 00 00 00 00 00 00 00 00 00 00 00 00 00 00   ................	
    00 00 00 00 15                                    .....           	
[20/02/2026 12:23:05] Read data (COM4)	
    50 00 81 44 08 00 00 00 01 14 1a 02 14 0c 10 30   P.ÅD...........0	
    c4 94 98 00 00 00 00 00 00 00 00 00 00 00 00 00   ƒîò.............	
    00 00 00 00 9e                                    ....û           	
[20/02/2026 12:23:05] Written data (COM4)	
    50 00 81 64 00 00 00 00 00 00 00 00 00 00 00 00   P.Åd............	
    00 00 00 00 00 00 00 00 00 00 00 00 00 00 00 00   ................	
    00 00 00 00 35                                    ....5           	
[20/02/2026 12:23:05] Read data (COM4)	
    50 00 81 64 00 00 80 00 00 00 00 00 00 00 00 00   P.Åd..Ä.........	
    00 00 00 00 00 00 00 00 00 00 00 00 00 00 00 00   ................	
    00 00 00 00 b5                                    ....µ           	
[20/02/2026 12:23:06] Written data (COM4)	
    50 00 81 84 00 00 00 00 00 00 00 00 00 00 00 00   P.ÅÑ............	
    00 00 00 00 00 00 00 00 00 00 00 00 00 00 00 00   ................	
    00 00 00 00 55                                    ....U           	
[20/02/2026 12:23:06] Read data (COM4)	
    50 00 81 84 00 00 00 00 00 00 00 00 00 00 00 00   P.ÅÑ............	
    00 00 00 00 00 00 09 00 00 00 02 0b 04 00 00 00   ................	
    09 00 00 00 78                                    ....x           	
[20/02/2026 12:23:06] Written data (COM4)	
    50 00 81 95 00 00 00 00 00 00 00 00 00 00 00 00   P.Åï............	
    00 00 00 00 00 00 00 00 00 00 00 00 00 00 00 00   ................	
    00 00 00 00 66                                    ....f           	
[20/02/2026 12:23:06] Read data (COM4)	
    50 00 81 95 00 09 00 00 00 02 0b 04 00 00 00 09   P.Åï............	
    00 00 00 00 09 00 00 00 04 90 02 b5 01 90 02 8f   .........ê.µ.ê.è	
    02 8f 02 8f 21                                    .è.è!           	
[20/02/2026 12:23:06] Written data (COM4)	
    50 00 81 44 00 00 00 00 00 00 00 00 00 00 00 00   P.ÅD............	
    00 00 00 00 00 00 00 00 00 00 00 00 00 00 00 00   ................	
    00 00 00 00 15                                    .....           	
[20/02/2026 12:23:06] Read data (COM4)	
    50 00 81 44 08 00 00 00 01 14 1a 02 14 0c 10 31   P.ÅD...........1	
    c4 94 98 00 00 00 00 00 00 00 00 00 00 00 00 00   ƒîò.............	
    00 00 00 00 9f                                    ....ü           	
[20/02/2026 12:23:06] Written data (COM4)	
    50 00 81 64 00 00 00 00 00 00 00 00 00 00 00 00   P.Åd............	
    00 00 00 00 00 00 00 00 00 00 00 00 00 00 00 00   ................	
    00 00 00 00 35                                    ....5           	
[20/02/2026 12:23:06] Read data (COM4)	
    50 00 81 64 00 00 80 00 00 00 00 00 00 00 00 00   P.Åd..Ä.........	
    00 00 00 00 00 00 00 00 00 00 00 00 00 00 00 00   ................	
    00 00 00 00 b5                                    ....µ           	
[20/02/2026 12:23:06] Written data (COM4)	
    50 00 81 84 00 00 00 00 00 00 00 00 00 00 00 00   P.ÅÑ............	
    00 00 00 00 00 00 00 00 00 00 00 00 00 00 00 00   ................	
    00 00 00 00 55                                    ....U           	
[20/02/2026 12:23:06] Read data (COM4)	
    50 00 81 84 00 00 00 00 00 00 00 00 00 00 00 00   P.ÅÑ............	
    00 00 00 00 00 00 09 00 00 00 02 0b 04 00 00 00   ................	
    09 00 00 00 78                                    ....x           	
[20/02/2026 12:23:07] Written data (COM4)	
    50 00 81 95 00 00 00 00 00 00 00 00 00 00 00 00   P.Åï............	
    00 00 00 00 00 00 00 00 00 00 00 00 00 00 00 00   ................	
    00 00 00 00 66                                    ....f           	
[20/02/2026 12:23:07] Read data (COM4)	
    50 00 81 95 00 09 00 00 00 02 0b 04 00 00 00 09   P.Åï............	
    00 00 00 00 09 00 00 00 04 90 02 b5 01 90 02 8f   .........ê.µ.ê.è	
    02 8f 02 8f 21                                    .è.è!           	
[20/02/2026 12:23:07] Written data (COM4)	
    50 00 81 44 00 00 00 00 00 00 00 00 00 00 00 00   P.ÅD............	
    00 00 00 00 00 00 00 00 00 00 00 00 00 00 00 00   ................	
    00 00 00 00 15                                    .....           	
[20/02/2026 12:23:07] Read data (COM4)	
    50 00 81 44 08 00 00 00 01 14 1a 02 14 0c 10 32   P.ÅD...........2	
    c4 94 98 00 00 00 00 00 00 00 00 00 00 00 00 00   ƒîò.............	
    00 00 00 00 a0                                    ....†           	
[20/02/2026 12:23:07] Written data (COM4)	
    50 00 81 64 00 00 00 00 00 00 00 00 00 00 00 00   P.Åd............	
    00 00 00 00 00 00 00 00 00 00 00 00 00 00 00 00   ................	
    00 00 00 00 35                                    ....5           	
[20/02/2026 12:23:07] Read data (COM4)	
    50 00 81 64 00 00 80 00 00 00 00 00 00 00 00 00   P.Åd..Ä.........	
    00 00 00 00 00 00 00 00 00 00 00 00 00 00 00 00   ................	
    00 00 00 00 b5                                    ....µ           	
[20/02/2026 12:23:07] Written data (COM4)	
    50 00 81 84 00 00 00 00 00 00 00 00 00 00 00 00   P.ÅÑ............	
    00 00 00 00 00 00 00 00 00 00 00 00 00 00 00 00   ................	
    00 00 00 00 55                                    ....U           	
[20/02/2026 12:23:07] Read data (COM4)	
    50 00 81 84 00 00 00 00 00 00 00 00 00 00 00 00   P.ÅÑ............	
    00 00 00 00 00 00 09 00 00 00 02 0b 04 00 00 00   ................	
    09 00 00 00 78                                    ....x           	
[20/02/2026 12:23:07] Written data (COM4)	
    50 00 81 95 00 00 00 00 00 00 00 00 00 00 00 00   P.Åï............	
    00 00 00 00 00 00 00 00 00 00 00 00 00 00 00 00   ................	
    00 00 00 00 66                                    ....f           	
[20/02/2026 12:23:08] Read data (COM4)	
    50 00 81 95 00 09 00 00 00 02 0b 04 00 00 00 09   P.Åï............	
    00 00 00 00 09 00 00 00 04 90 02 b5 01 90 02 8f   .........ê.µ.ê.è	
    02 8f 02 8f 21                                    .è.è!           	
[20/02/2026 12:23:08] Written data (COM4)	
    50 00 81 44 00 00 00 00 00 00 00 00 00 00 00 00   P.ÅD............	
    00 00 00 00 00 00 00 00 00 00 00 00 00 00 00 00   ................	
    00 00 00 00 15                                    .....           	
[20/02/2026 12:23:08] Read data (COM4)	
    50 00 81 44 08 00 00 00 01 14 1a 02 14 0c 10 33   P.ÅD...........3	
    c4 94 98 00 00 00 00 00 00 00 00 00 00 00 00 00   ƒîò.............	
    00 00 00 00 a1                                    ....°           	
[20/02/2026 12:23:08] Written data (COM4)	
    50 00 81 64 00 00 00 00 00 00 00 00 00 00 00 00   P.Åd............	
    00 00 00 00 00 00 00 00 00 00 00 00 00 00 00 00   ................	
    00 00 00 00 35                                    ....5           	
[20/02/2026 12:23:08] Read data (COM4)	
    50 00 81 64 00 00 80 00 00 00 00 00 00 00 00 00   P.Åd..Ä.........	
    00 00 00 00 00 00 00 00 00 00 00 00 00 00 00 00   ................	
    00 00 00 00 b5                                    ....µ           	
[20/02/2026 12:23:08] Written data (COM4)	
    40 00 06 00 00 00 00 00 00 00 00 00 00 00 00 00   @...............	
    00 00 00 00 00 00 00 00 00 00 00 00 00 00 00 00   ................	
    00 00 00 00 46                                    ....F           	
[20/02/2026 12:23:08] Read data (COM4)	
    40 00 06 00 00 00 00 00 00 00 00 00 00 00 00 00   @...............	
    00 00 00 00 00 00 00 00 00 00 00 00 00 00 00 00   ................	
    00 00 00 00 46                                    ....F           	
[20/02/2026 12:23:08] Written data (COM4)	
    50 00 81 84 00 00 00 00 00 00 00 00 00 00 00 00   P.ÅÑ............	
    00 00 00 00 00 00 00 00 00 00 00 00 00 00 00 00   ................	
    00 00 00 00 55                                    ....U           	
[20/02/2026 12:23:08] Read data (COM4)	
    50 00 81 84 00 00 00 00 00 00 00 00 00 00 00 00   P.ÅÑ............	
    00 00 00 00 00 00 09 00 00 00 00 09 00 00 00 00   ................	
    09 00 00 00 70                                    ....p           	
[20/02/2026 12:23:09] Written data (COM4)	
    50 00 81 95 00 00 00 00 00 00 00 00 00 00 00 00   P.Åï............	
    00 00 00 00 00 00 00 00 00 00 00 00 00 00 00 00   ................	
    00 00 00 00 66                                    ....f           	
[20/02/2026 12:23:09] Read data (COM4)	
    50 00 81 95 00 09 00 00 00 00 09 00 00 00 00 09   P.Åï............	
    00 00 00 00 09 00 00 00 04 91 02 b5 01 91 02 8f   .........ë.µ.ë.è	
    02 8f 02 8f 1b                                    .è.è.           	
[20/02/2026 12:23:09] Written data (COM4)	
    50 00 81 44 00 00 00 00 00 00 00 00 00 00 00 00   P.ÅD............	
    00 00 00 00 00 00 00 00 00 00 00 00 00 00 00 00   ................	
    00 00 00 00 15                                    .....           	
[20/02/2026 12:23:09] Read data (COM4)	
    50 00 81 44 08 00 00 00 01 14 1a 02 14 0c 10 34   P.ÅD...........4	
    c4 94 97 00 00 00 00 00 00 00 00 00 00 00 00 00   ƒîó.............	
    00 00 00 00 a1                                    ....°           	
[20/02/2026 12:23:09] Written data (COM4)	
    50 00 81 64 00 00 00 00 00 00 00 00 00 00 00 00   P.Åd............	
    00 00 00 00 00 00 00 00 00 00 00 00 00 00 00 00   ................	
    00 00 00 00 35                                    ....5           	
[20/02/2026 12:23:09] Read data (COM4)	
    50 00 81 64 00 00 80 00 00 00 00 00 00 00 00 00   P.Åd..Ä.........	
    00 00 00 00 00 00 00 00 00 00 00 00 00 00 00 00   ................	
    00 00 00 00 b5                                    ....µ           	
[20/02/2026 12:23:09] Written data (COM4)	
    50 00 81 84 00 00 00 00 00 00 00 00 00 00 00 00   P.ÅÑ............	
    00 00 00 00 00 00 00 00 00 00 00 00 00 00 00 00   ................	
    00 00 00 00 55                                    ....U           	
[20/02/2026 12:23:09] Read data (COM4)	
    50 00 81 84 00 00 00 00 00 00 00 00 00 00 00 00   P.ÅÑ............	
    00 00 00 00 00 00 09 00 00 00 00 09 00 00 00 00   ................	
    09 00 00 00 70                                    ....p           	
[20/02/2026 12:23:09] Written data (COM4)	
    50 00 81 95 00 00 00 00 00 00 00 00 00 00 00 00   P.Åï............	
    00 00 00 00 00 00 00 00 00 00 00 00 00 00 00 00   ................	
    00 00 00 00 66                                    ....f           	
[20/02/2026 12:23:09] Read data (COM4)	
    50 00 81 95 00 09 00 00 00 00 09 00 00 00 00 09   P.Åï............	
    00 00 00 00 09 00 00 00 04 91 02 b5 01 91 02 8f   .........ë.µ.ë.è	
    02 8f 02 8f 1b                                    .è.è.           	
[20/02/2026 12:23:10] Written data (COM4)	
    50 00 81 44 00 00 00 00 00 00 00 00 00 00 00 00   P.ÅD............	
    00 00 00 00 00 00 00 00 00 00 00 00 00 00 00 00   ................	
    00 00 00 00 15                                    .....           	
[20/02/2026 12:23:10] Read data (COM4)	
    50 00 81 44 08 00 00 00 01 14 1a 02 14 0c 10 35   P.ÅD...........5	
    c4 94 97 00 00 00 00 00 00 00 00 00 00 00 00 00   ƒîó.............	
    00 00 00 00 a2                                    ....¢           	
[20/02/2026 12:23:10] Written data (COM4)	
    50 00 81 64 00 00 00 00 00 00 00 00 00 00 00 00   P.Åd............	
    00 00 00 00 00 00 00 00 00 00 00 00 00 00 00 00   ................	
    00 00 00 00 35                                    ....5           	
[20/02/2026 12:23:10] Read data (COM4)	
    50 00 81 64 00 00 80 00 00 00 00 00 00 00 00 00   P.Åd..Ä.........	
    00 00 00 00 00 00 00 00 00 00 00 00 00 00 00 00   ................	
    00 00 00 00 b5                                    ....µ           	
[20/02/2026 12:23:10] Written data (COM4)	
    50 00 81 84 00 00 00 00 00 00 00 00 00 00 00 00   P.ÅÑ............	
    00 00 00 00 00 00 00 00 00 00 00 00 00 00 00 00   ................	
    00 00 00 00 55                                    ....U           	
[20/02/2026 12:23:10] Read data (COM4)	
    50 00 81 84 00 00 00 00 00 00 00 00 00 00 00 00   P.ÅÑ............	
    00 00 00 00 00 00 09 00 00 00 00 09 00 00 00 00   ................	
    09 00 00 00 70                                    ....p           	
[20/02/2026 12:23:10] Written data (COM4)	
    50 00 81 95 00 00 00 00 00 00 00 00 00 00 00 00   P.Åï............	
    00 00 00 00 00 00 00 00 00 00 00 00 00 00 00 00   ................	
    00 00 00 00 66                                    ....f           	
[20/02/2026 12:23:10] Read data (COM4)	
    50 00 81 95 00 09 00 00 00 00 09 00 00 00 00 09   P.Åï............	
    00 00 00 00 09 00 00 00 04 91 02 b5 01 91 02 8f   .........ë.µ.ë.è	
    02 8f 02 8f 1b                                    .è.è.           	
[20/02/2026 12:23:10] Written data (COM4)	
    50 00 81 44 00 00 00 00 00 00 00 00 00 00 00 00   P.ÅD............	
    00 00 00 00 00 00 00 00 00 00 00 00 00 00 00 00   ................	
    00 00 00 00 15                                    .....           	
[20/02/2026 12:23:10] Read data (COM4)	
    50 00 81 44 08 00 00 00 01 14 1a 02 14 0c 10 36   P.ÅD...........6	
    c4 94 98 00 00 00 00 00 00 00 00 00 00 00 00 00   ƒîò.............	
    00 00 00 00 a4                                    ....§           	
[20/02/2026 12:23:11] Written data (COM4)	
    50 00 81 64 00 00 00 00 00 00 00 00 00 00 00 00   P.Åd............	
    00 00 00 00 00 00 00 00 00 00 00 00 00 00 00 00   ................	
    00 00 00 00 35                                    ....5           	
[20/02/2026 12:23:11] Read data (COM4)	
    50 00 81 64 00 00 80 00 00 00 00 00 00 00 00 00   P.Åd..Ä.........	
    00 00 00 00 00 00 00 00 00 00 00 00 00 00 00 00   ................	
    00 00 00 00 b5                                    ....µ           	
[20/02/2026 12:23:11] Written data (COM4)	
    50 00 81 84 00 00 00 00 00 00 00 00 00 00 00 00   P.ÅÑ............	
    00 00 00 00 00 00 00 00 00 00 00 00 00 00 00 00   ................	
    00 00 00 00 55                                    ....U           	
[20/02/2026 12:23:11] Read data (COM4)	
    50 00 81 84 00 00 00 00 00 00 00 00 00 00 00 00   P.ÅÑ............	
    00 00 00 00 00 00 09 00 00 00 00 09 00 00 00 00   ................	
    09 00 00 00 70                                    ....p           	
[20/02/2026 12:23:11] Written data (COM4)	
    50 00 81 95 00 00 00 00 00 00 00 00 00 00 00 00   P.Åï............	
    00 00 00 00 00 00 00 00 00 00 00 00 00 00 00 00   ................	
    00 00 00 00 66                                    ....f           	
[20/02/2026 12:23:11] Read data (COM4)	
    50 00 81 95 00 09 00 00 00 00 09 00 00 00 00 09   P.Åï............	
    00 00 00 00 09 00 00 00 04 91 02 b5 01 91 02 8f   .........ë.µ.ë.è	
    02 8f 02 8f 1b                                    .è.è.           	
[20/02/2026 12:23:11] Written data (COM4)	
    50 00 81 44 00 00 00 00 00 00 00 00 00 00 00 00   P.ÅD............	
    00 00 00 00 00 00 00 00 00 00 00 00 00 00 00 00   ................	
    00 00 00 00 15                                    .....           	
[20/02/2026 12:23:11] Read data (COM4)	
    50 00 81 44 08 00 00 00 01 14 1a 02 14 0c 10 36   P.ÅD...........6	
    c4 94 97 00 10 00 00 00 00 00 00 00 00 00 00 00   ƒîó.............	
    00 00 00 00 b3                                    ....≥           	
[20/02/2026 12:23:11] Written data (COM4)	
    50 00 81 64 00 00 00 00 00 00 00 00 00 00 00 00   P.Åd............	
    00 00 00 00 00 00 00 00 00 00 00 00 00 00 00 00   ................	
    00 00 00 00 35                                    ....5           	
[20/02/2026 12:23:12] Read data (COM4)	
    50 00 81 64 00 00 80 00 00 00 00 00 00 00 00 00   P.Åd..Ä.........	
    00 00 00 00 00 00 00 00 00 00 00 00 00 00 00 00   ................	
    00 00 00 00 b5                                    ....µ           	
[20/02/2026 12:23:12] Written data (COM4)	
    50 00 81 84 00 00 00 00 00 00 00 00 00 00 00 00   P.ÅÑ............	
    00 00 00 00 00 00 00 00 00 00 00 00 00 00 00 00   ................	
    00 00 00 00 55                                    ....U           	
[20/02/2026 12:23:12] Read data (COM4)	
    50 00 81 84 00 00 00 00 00 00 00 00 00 00 00 00   P.ÅÑ............	
    00 00 00 00 00 00 09 00 00 00 00 09 00 00 00 00   ................	
    08 00 00 00 6f                                    ....o           	
[20/02/2026 12:23:12] Written data (COM4)	
    50 00 81 95 00 00 00 00 00 00 00 00 00 00 00 00   P.Åï............	
    00 00 00 00 00 00 00 00 00 00 00 00 00 00 00 00   ................	
    00 00 00 00 66                                    ....f           	
[20/02/2026 12:23:12] Read data (COM4)	
    50 00 81 95 00 09 00 00 00 00 09 00 00 00 00 08   P.Åï............	
    00 00 00 00 09 00 00 00 04 91 02 b5 01 91 02 8f   .........ë.µ.ë.è	
    02 8f 02 8f 1a                                    .è.è.           	
[20/02/2026 12:23:12] Written data (COM4)	
    50 00 81 44 00 00 00 00 00 00 00 00 00 00 00 00   P.ÅD............	
    00 00 00 00 00 00 00 00 00 00 00 00 00 00 00 00   ................	
    00 00 00 00 15                                    .....           	
[20/02/2026 12:23:12] Read data (COM4)	
    50 00 81 44 08 00 00 00 01 14 1a 02 14 0c 10 37   P.ÅD...........7	
    c4 94 98 00 00 00 00 00 00 00 00 00 00 00 00 00   ƒîò.............	
    00 00 00 00 a5                                    ....•           	
[20/02/2026 12:23:12] Written data (COM4)	
    50 00 81 64 00 00 00 00 00 00 00 00 00 00 00 00   P.Åd............	
    00 00 00 00 00 00 00 00 00 00 00 00 00 00 00 00   ................	
    00 00 00 00 35                                    ....5           	
[20/02/2026 12:23:12] Read data (COM4)	
    50 00 81 64 00 00 80 00 00 00 00 00 00 00 00 00   P.Åd..Ä.........	
    00 00 00 00 00 00 00 00 00 00 00 00 00 00 00 00   ................	
    00 00 00 00 b5                                    ....µ           	
[20/02/2026 12:23:13] Written data (COM4)	
    50 00 81 84 00 00 00 00 00 00 00 00 00 00 00 00   P.ÅÑ............	
    00 00 00 00 00 00 00 00 00 00 00 00 00 00 00 00   ................	
    00 00 00 00 55                                    ....U           	
[20/02/2026 12:23:13] Read data (COM4)	
    50 00 81 84 00 00 00 00 00 00 00 00 00 00 00 00   P.ÅÑ............	
    00 00 00 00 00 00 09 00 00 00 00 09 00 00 00 00   ................	
    09 00 00 00 70                                    ....p           	
[20/02/2026 12:23:13] Written data (COM4)	
    50 00 81 95 00 00 00 00 00 00 00 00 00 00 00 00   P.Åï............	
    00 00 00 00 00 00 00 00 00 00 00 00 00 00 00 00   ................	
    00 00 00 00 66                                    ....f           	
[20/02/2026 12:23:13] Read data (COM4)	
    50 00 81 95 00 09 00 00 00 00 09 00 00 00 00 09   P.Åï............	
    00 00 00 00 09 00 00 00 04 91 02 b5 01 91 02 8f   .........ë.µ.ë.è	
    02 8f 02 8f 1b                                    .è.è.           	
[20/02/2026 12:23:13] Written data (COM4)	
    50 00 81 44 00 00 00 00 00 00 00 00 00 00 00 00   P.ÅD............	
    00 00 00 00 00 00 00 00 00 00 00 00 00 00 00 00   ................	
    00 00 00 00 15                                    .....           	
[20/02/2026 12:23:13] Read data (COM4)	
    50 00 81 44 08 00 00 00 01 14 1a 02 14 0c 10 38   P.ÅD...........8	
    c4 94 98 00 00 00 00 00 00 00 00 00 00 00 00 00   ƒîò.............	
    00 00 00 00 a6                                    ....¶           	
[20/02/2026 12:23:13] Written data (COM4)	
    50 00 81 64 00 00 00 00 00 00 00 00 00 00 00 00   P.Åd............	
    00 00 00 00 00 00 00 00 00 00 00 00 00 00 00 00   ................	
    00 00 00 00 35                                    ....5           	
[20/02/2026 12:23:13] Read data (COM4)	
    50 00 81 64 00 00 80 00 00 00 00 00 00 00 00 00   P.Åd..Ä.........	
    00 00 00 00 00 00 00 00 00 00 00 00 00 00 00 00   ................	
    00 00 00 00 b5                                    ....µ           	
[20/02/2026 12:23:13] Written data (COM4)	
    50 00 81 84 00 00 00 00 00 00 00 00 00 00 00 00   P.ÅÑ............	
    00 00 00 00 00 00 00 00 00 00 00 00 00 00 00 00   ................	
    00 00 00 00 55                                    ....U           	
[20/02/2026 12:23:13] Read data (COM4)	
    50 00 81 84 00 00 00 00 00 00 00 00 00 00 00 00   P.ÅÑ............	
    00 00 00 00 00 00 09 00 00 00 00 09 00 00 00 00   ................	
    09 00 00 00 70                                    ....p           	
[20/02/2026 12:23:14] Written data (COM4)	
    50 00 81 95 00 00 00 00 00 00 00 00 00 00 00 00   P.Åï............	
    00 00 00 00 00 00 00 00 00 00 00 00 00 00 00 00   ................	
    00 00 00 00 66                                    ....f           	
[20/02/2026 12:23:14] Read data (COM4)	
    50 00 81 95 00 09 00 00 00 00 09 00 00 00 00 09   P.Åï............	
    00 00 00 00 09 00 00 00 04 91 02 b5 01 91 02 8f   .........ë.µ.ë.è	
    02 8f 02 8f 1b                                    .è.è.           	
[20/02/2026 12:23:14] Written data (COM4)	
    50 00 81 44 00 00 00 00 00 00 00 00 00 00 00 00   P.ÅD............	
    00 00 00 00 00 00 00 00 00 00 00 00 00 00 00 00   ................	
    00 00 00 00 15                                    .....           	
[20/02/2026 12:23:14] Read data (COM4)	
    50 00 81 44 08 00 00 00 01 14 1a 02 14 0c 10 39   P.ÅD...........9	
    c4 94 98 00 00 00 00 00 00 00 00 00 00 00 00 00   ƒîò.............	
    00 00 00 00 a7                                    ....ß           	
[20/02/2026 12:23:14] Written data (COM4)	
    50 00 81 64 00 00 00 00 00 00 00 00 00 00 00 00   P.Åd............	
    00 00 00 00 00 00 00 00 00 00 00 00 00 00 00 00   ................	
    00 00 00 00 35                                    ....5           	
[20/02/2026 12:23:14] Read data (COM4)	
    50 00 81 64 00 00 80 00 00 00 00 00 00 00 00 00   P.Åd..Ä.........	
    00 00 00 00 00 00 00 00 00 00 00 00 00 00 00 00   ................	
    00 00 00 00 b5                                    ....µ           	
[20/02/2026 12:23:14] Written data (COM4)	
    50 00 81 84 00 00 00 00 00 00 00 00 00 00 00 00   P.ÅÑ............	
    00 00 00 00 00 00 00 00 00 00 00 00 00 00 00 00   ................	
    00 00 00 00 55                                    ....U           	
[20/02/2026 12:23:14] Read data (COM4)	
    50 00 81 84 00 00 00 00 00 00 00 00 00 00 00 00   P.ÅÑ............	
    00 00 00 00 00 00 09 00 00 00 00 09 00 00 00 00   ................	
    09 00 00 00 70                                    ....p           	
[20/02/2026 12:23:14] Written data (COM4)	
    50 00 81 95 00 00 00 00 00 00 00 00 00 00 00 00   P.Åï............	
    00 00 00 00 00 00 00 00 00 00 00 00 00 00 00 00   ................	
    00 00 00 00 66                                    ....f           	
[20/02/2026 12:23:14] Read data (COM4)	
    50 00 81 95 00 09 00 00 00 00 09 00 00 00 00 09   P.Åï............	
    00 00 00 00 09 00 00 00 04 91 02 b5 01 91 02 8f   .........ë.µ.ë.è	
    02 8f 02 8f 1b                                    .è.è.           	
[20/02/2026 12:23:15] Written data (COM4)	
    50 00 81 44 00 00 00 00 00 00 00 00 00 00 00 00   P.ÅD............	
    00 00 00 00 00 00 00 00 00 00 00 00 00 00 00 00   ................	
    00 00 00 00 15                                    .....           	
[20/02/2026 12:23:15] Read data (COM4)	
    50 00 81 44 08 00 00 00 01 14 1a 02 14 0c 10 3a   P.ÅD...........:	
    c4 94 98 00 00 00 00 00 00 00 00 00 00 00 00 00   ƒîò.............	
    00 00 00 00 a8                                    ....®           	
[20/02/2026 12:23:15] Written data (COM4)	
    50 00 81 64 00 00 00 00 00 00 00 00 00 00 00 00   P.Åd............	
    00 00 00 00 00 00 00 00 00 00 00 00 00 00 00 00   ................	
    00 00 00 00 35                                    ....5           	
[20/02/2026 12:23:15] Read data (COM4)	
    50 00 81 64 00 00 80 00 00 00 00 00 00 00 00 00   P.Åd..Ä.........	
    00 00 00 00 00 00 00 00 00 00 00 00 00 00 00 00   ................	
    00 00 00 00 b5                                    ....µ           	
[20/02/2026 12:23:15] Written data (COM4)	
    50 00 81 84 00 00 00 00 00 00 00 00 00 00 00 00   P.ÅÑ............	
    00 00 00 00 00 00 00 00 00 00 00 00 00 00 00 00   ................	
    00 00 00 00 55                                    ....U           	
[20/02/2026 12:23:15] Read data (COM4)	
    50 00 81 84 00 00 00 00 00 00 00 00 00 00 00 00   P.ÅÑ............	
    00 00 00 00 00 00 09 00 00 00 00 09 00 00 00 00   ................	
    09 00 00 00 70                                    ....p           	
[20/02/2026 12:23:15] Written data (COM4)	
    50 00 81 95 00 00 00 00 00 00 00 00 00 00 00 00   P.Åï............	
    00 00 00 00 00 00 00 00 00 00 00 00 00 00 00 00   ................	
    00 00 00 00 66                                    ....f           	
[20/02/2026 12:23:15] Read data (COM4)	
    50 00 81 95 00 09 00 00 00 00 09 00 00 00 00 09   P.Åï............	
    00 00 00 00 09 00 00 00 04 91 02 b5 01 91 02 8f   .........ë.µ.ë.è	
    02 8f 02 8f 1b                                    .è.è.           	
[20/02/2026 12:23:15] Written data (COM4)	
    50 00 81 44 00 00 00 00 00 00 00 00 00 00 00 00   P.ÅD............	
    00 00 00 00 00 00 00 00 00 00 00 00 00 00 00 00   ................	
    00 00 00 00 15                                    .....           	
[20/02/2026 12:23:15] Read data (COM4)	
    50 00 81 44 08 00 00 00 01 14 1a 02 14 0c 10 3b   P.ÅD...........;	
    c4 94 98 00 00 00 00 00 00 00 00 00 00 00 00 00   ƒîò.............	
    00 00 00 00 a9                                    ....©           	
[20/02/2026 12:23:16] Written data (COM4)	
    50 00 81 64 00 00 00 00 00 00 00 00 00 00 00 00   P.Åd............	
    00 00 00 00 00 00 00 00 00 00 00 00 00 00 00 00   ................	
    00 00 00 00 35                                    ....5           	
[20/02/2026 12:23:16] Read data (COM4)	
    50 00 81 64 00 00 80 00 00 00 00 00 00 00 00 00   P.Åd..Ä.........	
    00 00 00 00 00 00 00 00 00 00 00 00 00 00 00 00   ................	
    00 00 00 00 b5                                    ....µ           	
[20/02/2026 12:23:16] Written data (COM4)	
    50 00 81 84 00 00 00 00 00 00 00 00 00 00 00 00   P.ÅÑ............	
    00 00 00 00 00 00 00 00 00 00 00 00 00 00 00 00   ................	
    00 00 00 00 55                                    ....U           	
[20/02/2026 12:23:16] Read data (COM4)	
    50 00 81 84 00 00 00 00 00 00 00 00 00 00 00 00   P.ÅÑ............	
    00 00 00 00 00 00 09 00 00 00 00 09 00 00 00 00   ................	
    09 00 00 00 70                                    ....p           	
[20/02/2026 12:23:16] Written data (COM4)	
    50 00 81 95 00 00 00 00 00 00 00 00 00 00 00 00   P.Åï............	
    00 00 00 00 00 00 00 00 00 00 00 00 00 00 00 00   ................	
    00 00 00 00 66                                    ....f           	
[20/02/2026 12:23:16] Read data (COM4)	
    50 00 81 95 00 09 00 00 00 00 09 00 00 00 00 09   P.Åï............	
    00 00 00 00 09 00 00 00 04 91 02 b5 01 91 02 8f   .........ë.µ.ë.è	
    02 8f 02 8f 1b                                    .è.è.           	
[20/02/2026 12:23:16] Written data (COM4)	
    40 00 02 00 00 00 00 00 00 00 00 00 00 00 00 00   @...............	
    00 00 00 00 00 00 00 00 00 00 00 00 00 00 00 00   ................	
    00 00 00 00 42                                    ....B           	
[20/02/2026 12:23:16] Read data (COM4)	
    40 00 02 00 00 00 00 00 00 00 00 00 00 00 00 00   @...............	
    00 00 00 00 00 00 00 00 00 00 00 00 00 00 00 00   ................	
    00 00 00 00 42                                    ....B           	
[20/02/2026 12:23:16] Written data (COM4)	
    50 00 81 44 00 00 00 00 00 00 00 00 00 00 00 00   P.ÅD............	
    00 00 00 00 00 00 00 00 00 00 00 00 00 00 00 00   ................	
    00 00 00 00 15                                    .....           	
[20/02/2026 12:23:16] Read data (COM4)	
    50 00 81 44 08 00 00 00 01 14 1a 02 14 0c 11 00   P.ÅD............	
    c4 94 98 00 00 00 00 00 00 00 00 00 00 00 00 00   ƒîò.............	
    00 00 00 00 6f                                    ....o           	
[20/02/2026 12:23:17] Written data (COM4)	
    50 00 81 64 00 00 00 00 00 00 00 00 00 00 00 00   P.Åd............	
    00 00 00 00 00 00 00 00 00 00 00 00 00 00 00 00   ................	
    00 00 00 00 35                                    ....5           	
[20/02/2026 12:23:17] Read data (COM4)	
    50 00 81 64 00 00 80 00 00 00 00 00 00 00 00 00   P.Åd..Ä.........	
    00 00 00 00 00 00 00 00 00 00 00 00 00 00 00 00   ................	
    00 00 00 00 b5                                    ....µ           	
[20/02/2026 12:23:17] Written data (COM4)	
    50 00 81 84 00 00 00 00 00 00 00 00 00 00 00 00   P.ÅÑ............	
    00 00 00 00 00 00 00 00 00 00 00 00 00 00 00 00   ................	
    00 00 00 00 55                                    ....U           	
[20/02/2026 12:23:17] Read data (COM4)	
    50 00 81 84 00 00 00 00 00 00 00 00 00 00 00 00   P.ÅÑ............	
    00 00 00 00 00 00 09 00 00 00 00 0b 04 00 00 00   ................	
    09 00 00 00 76                                    ....v           	
[20/02/2026 12:23:17] Written data (COM4)	
    50 00 81 95 00 00 00 00 00 00 00 00 00 00 00 00   P.Åï............	
    00 00 00 00 00 00 00 00 00 00 00 00 00 00 00 00   ................	
    00 00 00 00 66                                    ....f           	
[20/02/2026 12:23:17] Read data (COM4)	
    50 00 81 95 00 09 00 00 00 00 0b 04 00 00 00 09   P.Åï............	
    00 00 00 00 09 00 00 00 04 91 02 b5 01 91 02 8f   .........ë.µ.ë.è	
    02 8f 02 8f 21                                    .è.è!           	
[20/02/2026 12:23:17] Written data (COM4)	
    50 00 81 44 00 00 00 00 00 00 00 00 00 00 00 00   P.ÅD............	
    00 00 00 00 00 00 00 00 00 00 00 00 00 00 00 00   ................	
    00 00 00 00 15                                    .....           	
[20/02/2026 12:23:17] Read data (COM4)	
    50 00 81 44 08 00 00 00 01 14 1a 02 14 0c 11 00   P.ÅD............	
    c4 94 98 00 00 00 00 00 00 00 00 00 00 00 00 00   ƒîò.............	
    00 00 00 00 6f                                    ....o           	
[20/02/2026 12:23:17] Written data (COM4)	
    50 00 81 64 00 00 00 00 00 00 00 00 00 00 00 00   P.Åd............	
    00 00 00 00 00 00 00 00 00 00 00 00 00 00 00 00   ................	
    00 00 00 00 35                                    ....5           	
[20/02/2026 12:23:17] Read data (COM4)	
    50 00 81 64 00 00 80 00 00 00 00 00 00 00 00 00   P.Åd..Ä.........	
    00 00 00 00 00 00 00 00 00 00 00 00 00 00 00 00   ................	
    00 00 00 00 b5                                    ....µ           	
[20/02/2026 12:23:18] Written data (COM4)	
    50 00 81 84 00 00 00 00 00 00 00 00 00 00 00 00   P.ÅÑ............	
    00 00 00 00 00 00 00 00 00 00 00 00 00 00 00 00   ................	
    00 00 00 00 55                                    ....U           	
[20/02/2026 12:23:18] Read data (COM4)	
    50 00 81 84 00 00 00 00 00 00 00 00 00 00 00 00   P.ÅÑ............	
    00 00 00 00 00 00 09 00 00 00 00 0b 04 00 00 00   ................	
    09 00 00 00 76                                    ....v           	
[20/02/2026 12:23:18] Written data (COM4)	
    50 00 81 95 00 00 00 00 00 00 00 00 00 00 00 00   P.Åï............	
    00 00 00 00 00 00 00 00 00 00 00 00 00 00 00 00   ................	
    00 00 00 00 66                                    ....f           	
[20/02/2026 12:23:18] Read data (COM4)	
    50 00 81 95 00 09 00 00 00 00 0b 04 00 00 00 09   P.Åï............	
    00 00 00 00 09 00 00 00 04 91 02 b5 01 91 02 8f   .........ë.µ.ë.è	
    02 8f 02 8f 21                                    .è.è!           	
[20/02/2026 12:23:18] Written data (COM4)	
    50 00 81 44 00 00 00 00 00 00 00 00 00 00 00 00   P.ÅD............	
    00 00 00 00 00 00 00 00 00 00 00 00 00 00 00 00   ................	
    00 00 00 00 15                                    .....           	
[20/02/2026 12:23:18] Read data (COM4)	
    50 00 81 44 08 00 00 00 01 14 1a 02 14 0c 11 01   P.ÅD............	
    c4 94 98 00 00 00 00 00 00 00 00 00 00 00 00 00   ƒîò.............	
    00 00 00 00 70                                    ....p           	
[20/02/2026 12:23:18] Written data (COM4)	
    50 00 81 64 00 00 00 00 00 00 00 00 00 00 00 00   P.Åd............	
    00 00 00 00 00 00 00 00 00 00 00 00 00 00 00 00   ................	
    00 00 00 00 35                                    ....5           	
[20/02/2026 12:23:18] Read data (COM4)	
    50 00 81 64 00 00 80 00 00 00 00 00 00 00 00 00   P.Åd..Ä.........	
    00 00 00 00 00 00 00 00 00 00 00 00 00 00 00 00   ................	
    00 00 00 00 b5                                    ....µ           	
[20/02/2026 12:23:18] Written data (COM4)	
    50 00 81 84 00 00 00 00 00 00 00 00 00 00 00 00   P.ÅÑ............	
    00 00 00 00 00 00 00 00 00 00 00 00 00 00 00 00   ................	
    00 00 00 00 55                                    ....U           	
[20/02/2026 12:23:19] Read data (COM4)	
    50 00 81 84 00 00 00 00 00 00 00 00 00 00 00 00   P.ÅÑ............	
    00 00 00 00 00 00 09 00 00 00 00 0b 04 00 00 00   ................	
    09 00 00 00 76                                    ....v           	
[20/02/2026 12:23:19] Written data (COM4)	
    50 00 81 95 00 00 00 00 00 00 00 00 00 00 00 00   P.Åï............	
    00 00 00 00 00 00 00 00 00 00 00 00 00 00 00 00   ................	
    00 00 00 00 66                                    ....f           	
[20/02/2026 12:23:19] Read data (COM4)	
    50 00 81 95 00 09 00 00 00 00 0b 04 00 00 00 09   P.Åï............	
    00 00 00 00 09 00 00 00 04 91 02 b5 01 91 02 8f   .........ë.µ.ë.è	
    02 8f 02 8f 21                                    .è.è!           	
[20/02/2026 12:23:19] Written data (COM4)	
    50 00 81 44 00 00 00 00 00 00 00 00 00 00 00 00   P.ÅD............	
    00 00 00 00 00 00 00 00 00 00 00 00 00 00 00 00   ................	
    00 00 00 00 15                                    .....           	
[20/02/2026 12:23:19] Read data (COM4)	
    50 00 81 44 08 00 00 00 01 14 1a 02 14 0c 11 02   P.ÅD............	
    c4 94 98 00 00 00 00 00 00 00 00 00 00 00 00 00   ƒîò.............	
    00 00 00 00 71                                    ....q           	
[20/02/2026 12:23:19] Written data (COM4)	
    50 00 81 64 00 00 00 00 00 00 00 00 00 00 00 00   P.Åd............	
    00 00 00 00 00 00 00 00 00 00 00 00 00 00 00 00   ................	
    00 00 00 00 35                                    ....5           	
[20/02/2026 12:23:19] Read data (COM4)	
    50 00 81 64 00 00 80 00 00 00 00 00 00 00 00 00   P.Åd..Ä.........	
    00 00 00 00 00 00 00 00 00 00 00 00 00 00 00 00   ................	
    00 00 00 00 b5                                    ....µ           	
[20/02/2026 12:23:19] Written data (COM4)	
    50 00 81 84 00 00 00 00 00 00 00 00 00 00 00 00   P.ÅÑ............	
    00 00 00 00 00 00 00 00 00 00 00 00 00 00 00 00   ................	
    00 00 00 00 55                                    ....U           	
[20/02/2026 12:23:19] Read data (COM4)	
    50 00 81 84 00 00 00 00 00 00 00 00 00 00 00 00   P.ÅÑ............	
    00 00 00 00 00 00 09 00 00 00 00 0b 04 00 00 00   ................	
    09 00 00 00 76                                    ....v           	
[20/02/2026 12:23:20] Written data (COM4)	
    50 00 81 95 00 00 00 00 00 00 00 00 00 00 00 00   P.Åï............	
    00 00 00 00 00 00 00 00 00 00 00 00 00 00 00 00   ................	
    00 00 00 00 66                                    ....f           	
[20/02/2026 12:23:20] Read data (COM4)	
    50 00 81 95 00 09 00 00 00 00 0b 04 00 00 00 09   P.Åï............	
    00 00 00 00 09 00 00 00 04 91 02 b5 01 91 02 8f   .........ë.µ.ë.è	
    02 8f 02 8f 21                                    .è.è!           	
[20/02/2026 12:23:20] Written data (COM4)	
    50 00 81 44 00 00 00 00 00 00 00 00 00 00 00 00   P.ÅD............	
    00 00 00 00 00 00 00 00 00 00 00 00 00 00 00 00   ................	
    00 00 00 00 15                                    .....           	
[20/02/2026 12:23:20] Read data (COM4)	
    50 00 81 44 08 00 00 00 01 14 1a 02 14 0c 11 03   P.ÅD............	
    c4 94 97 00 00 00 00 00 00 00 00 00 00 00 00 00   ƒîó.............	
    00 00 00 00 71                                    ....q           	
[20/02/2026 12:23:20] Written data (COM4)	
    50 00 81 64 00 00 00 00 00 00 00 00 00 00 00 00   P.Åd............	
    00 00 00 00 00 00 00 00 00 00 00 00 00 00 00 00   ................	
    00 00 00 00 35                                    ....5           	
[20/02/2026 12:23:20] Read data (COM4)	
    50 00 81 64 00 00 80 00 00 00 00 00 00 00 00 00   P.Åd..Ä.........	
    00 00 00 00 00 00 00 00 00 00 00 00 00 00 00 00   ................	
    00 00 00 00 b5                                    ....µ           	
[20/02/2026 12:23:20] Written data (COM4)	
    50 00 81 84 00 00 00 00 00 00 00 00 00 00 00 00   P.ÅÑ............	
    00 00 00 00 00 00 00 00 00 00 00 00 00 00 00 00   ................	
    00 00 00 00 55                                    ....U           	
[20/02/2026 12:23:20] Read data (COM4)	
    50 00 81 84 00 00 00 00 00 00 00 00 00 00 00 00   P.ÅÑ............	
    00 00 00 00 00 00 09 00 00 00 00 0b 04 00 00 00   ................	
    09 00 00 00 76                                    ....v           	
[20/02/2026 12:23:20] Written data (COM4)	
    50 00 81 95 00 00 00 00 00 00 00 00 00 00 00 00   P.Åï............	
    00 00 00 00 00 00 00 00 00 00 00 00 00 00 00 00   ................	
    00 00 00 00 66                                    ....f           	
[20/02/2026 12:23:20] Read data (COM4)	
    50 00 81 95 00 09 00 00 00 00 0b 04 00 00 00 09   P.Åï............	
    00 00 00 00 09 00 00 00 04 91 02 b5 01 91 02 8f   .........ë.µ.ë.è	
    02 8f 02 8f 21                                    .è.è!           	
[20/02/2026 12:23:21] Written data (COM4)	
    50 00 81 44 00 00 00 00 00 00 00 00 00 00 00 00   P.ÅD............	
    00 00 00 00 00 00 00 00 00 00 00 00 00 00 00 00   ................	
    00 00 00 00 15                                    .....           	
[20/02/2026 12:23:21] Read data (COM4)	
    50 00 81 44 08 00 00 00 01 14 1a 02 14 0c 11 04   P.ÅD............	
    c4 94 97 00 00 00 00 00 00 00 00 00 00 00 00 00   ƒîó.............	
    00 00 00 00 72                                    ....r           	
[20/02/2026 12:23:21] Written data (COM4)	
    50 00 81 64 00 00 00 00 00 00 00 00 00 00 00 00   P.Åd............	
    00 00 00 00 00 00 00 00 00 00 00 00 00 00 00 00   ................	
    00 00 00 00 35                                    ....5           	
[20/02/2026 12:23:21] Read data (COM4)	
    50 00 81 64 00 00 80 00 00 00 00 00 00 00 00 00   P.Åd..Ä.........	
    00 00 00 00 00 00 00 00 00 00 00 00 00 00 00 00   ................	
    00 00 00 00 b5                                    ....µ           	
[20/02/2026 12:23:21] Written data (COM4)	
    50 00 81 84 00 00 00 00 00 00 00 00 00 00 00 00   P.ÅÑ............	
    00 00 00 00 00 00 00 00 00 00 00 00 00 00 00 00   ................	
    00 00 00 00 55                                    ....U           	
[20/02/2026 12:23:21] Read data (COM4)	
    50 00 81 84 00 00 00 00 00 00 00 00 00 00 00 00   P.ÅÑ............	
    00 00 00 00 00 00 09 00 00 00 00 0b 04 00 00 00   ................	
    09 00 00 00 76                                    ....v           	
[20/02/2026 12:23:21] Written data (COM4)	
    50 00 81 95 00 00 00 00 00 00 00 00 00 00 00 00   P.Åï............	
    00 00 00 00 00 00 00 00 00 00 00 00 00 00 00 00   ................	
    00 00 00 00 66                                    ....f           	
[20/02/2026 12:23:21] Read data (COM4)	
    50 00 81 95 00 09 00 00 00 00 0b 04 00 00 00 09   P.Åï............	
    00 00 00 00 09 00 00 00 04 91 02 b5 01 91 02 8f   .........ë.µ.ë.è	
    02 8f 02 8f 21                                    .è.è!           	
[20/02/2026 12:23:21] Written data (COM4)	
    50 00 81 44 00 00 00 00 00 00 00 00 00 00 00 00   P.ÅD............	
    00 00 00 00 00 00 00 00 00 00 00 00 00 00 00 00   ................	
    00 00 00 00 15                                    .....           	
[20/02/2026 12:23:21] Read data (COM4)	
    50 00 81 44 08 00 00 00 01 14 1a 02 14 0c 11 05   P.ÅD............	
    c4 94 97 00 00 00 00 00 00 00 00 00 00 00 00 00   ƒîó.............	
    00 00 00 00 73                                    ....s           	
[20/02/2026 12:23:22] Written data (COM4)	
    50 00 81 64 00 00 00 00 00 00 00 00 00 00 00 00   P.Åd............	
    00 00 00 00 00 00 00 00 00 00 00 00 00 00 00 00   ................	
    00 00 00 00 35                                    ....5           	
[20/02/2026 12:23:22] Read data (COM4)	
    50 00 81 64 00 00 80 00 00 00 00 00 00 00 00 00   P.Åd..Ä.........	
    00 00 00 00 00 00 00 00 00 00 00 00 00 00 00 00   ................	
    00 00 00 00 b5                                    ....µ           	
[20/02/2026 12:23:22] Written data (COM4)	
    50 00 81 84 00 00 00 00 00 00 00 00 00 00 00 00   P.ÅÑ............	
    00 00 00 00 00 00 00 00 00 00 00 00 00 00 00 00   ................	
    00 00 00 00 55                                    ....U           	
[20/02/2026 12:23:22] Read data (COM4)	
    50 00 81 84 00 00 00 00 00 00 00 00 00 00 00 00   P.ÅÑ............	
    00 00 00 00 00 00 09 00 00 00 00 0b 04 00 00 00   ................	
    09 00 00 00 76                                    ....v           	
[20/02/2026 12:23:22] Written data (COM4)	
    50 00 81 95 00 00 00 00 00 00 00 00 00 00 00 00   P.Åï............	
    00 00 00 00 00 00 00 00 00 00 00 00 00 00 00 00   ................	
    00 00 00 00 66                                    ....f           	
[20/02/2026 12:23:22] Read data (COM4)	
    50 00 81 95 00 09 00 00 00 00 0b 04 00 00 00 09   P.Åï............	
    00 00 00 00 09 00 00 00 04 91 02 b5 01 91 02 8f   .........ë.µ.ë.è	
    02 8f 02 8f 21                                    .è.è!           	
[20/02/2026 12:23:22] Written data (COM4)	
    50 00 81 44 00 00 00 00 00 00 00 00 00 00 00 00   P.ÅD............	
    00 00 00 00 00 00 00 00 00 00 00 00 00 00 00 00   ................	
    00 00 00 00 15                                    .....           	
[20/02/2026 12:23:22] Read data (COM4)	
    50 00 81 44 08 00 00 00 01 14 1a 02 14 0c 11 05   P.ÅD............	
    c4 94 97 00 00 00 00 00 00 00 00 00 00 00 00 00   ƒîó.............	
    00 00 00 00 73                                    ....s           	
[20/02/2026 12:23:22] Written data (COM4)	
    50 00 81 64 00 00 00 00 00 00 00 00 00 00 00 00   P.Åd............	
    00 00 00 00 00 00 00 00 00 00 00 00 00 00 00 00   ................	
    00 00 00 00 35                                    ....5           	
[20/02/2026 12:23:22] Read data (COM4)	
    50 00 81 64 00 00 80 00 00 00 00 00 00 00 00 00   P.Åd..Ä.........	
    00 00 00 00 00 00 00 00 00 00 00 00 00 00 00 00   ................	
    00 00 00 00 b5                                    ....µ           	
[20/02/2026 12:23:23] Written data (COM4)	
    50 00 81 84 00 00 00 00 00 00 00 00 00 00 00 00   P.ÅÑ............	
    00 00 00 00 00 00 00 00 00 00 00 00 00 00 00 00   ................	
    00 00 00 00 55                                    ....U           	
[20/02/2026 12:23:23] Read data (COM4)	
    50 00 81 84 00 00 00 00 00 00 00 00 00 00 00 00   P.ÅÑ............	
    00 00 00 00 00 00 09 00 00 00 00 0b 04 00 00 00   ................	
    09 00 00 00 76                                    ....v           	
[20/02/2026 12:23:23] Written data (COM4)	
    50 00 81 95 00 00 00 00 00 00 00 00 00 00 00 00   P.Åï............	
    00 00 00 00 00 00 00 00 00 00 00 00 00 00 00 00   ................	
    00 00 00 00 66                                    ....f           	
[20/02/2026 12:23:23] Read data (COM4)	
    50 00 81 95 00 09 00 00 00 00 0b 04 00 00 00 09   P.Åï............	
    00 00 00 00 09 00 00 00 04 91 02 b5 01 91 02 8f   .........ë.µ.ë.è	
    02 8f 02 8f 21                                    .è.è!           	
[20/02/2026 12:23:23] Written data (COM4)	
    50 00 81 44 00 00 00 00 00 00 00 00 00 00 00 00   P.ÅD............	
    00 00 00 00 00 00 00 00 00 00 00 00 00 00 00 00   ................	
    00 00 00 00 15                                    .....           	
[20/02/2026 12:23:23] Read data (COM4)	
    50 00 81 44 08 00 00 00 01 14 1a 02 14 0c 11 06   P.ÅD............	
    c4 94 98 00 00 00 00 00 00 00 00 00 00 00 00 00   ƒîò.............	
    00 00 00 00 75                                    ....u           	
[20/02/2026 12:23:23] Written data (COM4)	
    50 00 81 64 00 00 00 00 00 00 00 00 00 00 00 00   P.Åd............	
    00 00 00 00 00 00 00 00 00 00 00 00 00 00 00 00   ................	
    00 00 00 00 35                                    ....5           	
[20/02/2026 12:23:23] Read data (COM4)	
    50 00 81 64 00 00 80 00 00 00 00 00 00 00 00 00   P.Åd..Ä.........	
    00 00 00 00 00 00 00 00 00 00 00 00 00 00 00 00   ................	
    00 00 00 00 b5                                    ....µ           	
[20/02/2026 12:23:23] Written data (COM4)	
    50 00 81 84 00 00 00 00 00 00 00 00 00 00 00 00   P.ÅÑ............	
    00 00 00 00 00 00 00 00 00 00 00 00 00 00 00 00   ................	
    00 00 00 00 55                                    ....U           	
[20/02/2026 12:23:23] Read data (COM4)	
    50 00 81 84 00 00 00 00 00 00 00 00 00 00 00 00   P.ÅÑ............	
    00 00 00 00 00 00 09 00 00 00 00 0b 04 00 00 00   ................	
    09 00 00 00 76                                    ....v           	
[20/02/2026 12:23:24] Written data (COM4)	
    50 00 81 95 00 00 00 00 00 00 00 00 00 00 00 00   P.Åï............	
    00 00 00 00 00 00 00 00 00 00 00 00 00 00 00 00   ................	
    00 00 00 00 66                                    ....f           	
[20/02/2026 12:23:24] Read data (COM4)	
    50 00 81 95 00 09 00 00 00 00 0b 04 00 00 00 09   P.Åï............	
    00 00 00 00 09 00 00 00 04 91 02 b5 01 91 02 8f   .........ë.µ.ë.è	
    02 8f 02 8f 21                                    .è.è!           	
[20/02/2026 12:23:24] Written data (COM4)	
    50 00 81 44 00 00 00 00 00 00 00 00 00 00 00 00   P.ÅD............	
    00 00 00 00 00 00 00 00 00 00 00 00 00 00 00 00   ................	
    00 00 00 00 15                                    .....           	
[20/02/2026 12:23:24] Read data (COM4)	
    50 00 81 44 08 00 00 00 01 14 1a 02 14 0c 11 07   P.ÅD............	
    c4 94 98 00 00 00 00 00 00 00 00 00 00 00 00 00   ƒîò.............	
    00 00 00 00 76                                    ....v           	
[20/02/2026 12:23:24] Written data (COM4)	
    50 00 81 64 00 00 00 00 00 00 00 00 00 00 00 00   P.Åd............	
    00 00 00 00 00 00 00 00 00 00 00 00 00 00 00 00   ................	
    00 00 00 00 35                                    ....5           	
[20/02/2026 12:23:24] Read data (COM4)	
    50 00 81 64 00 00 80 00 00 00 00 00 00 00 00 00   P.Åd..Ä.........	
    00 00 00 00 00 00 00 00 00 00 00 00 00 00 00 00   ................	
    00 00 00 00 b5                                    ....µ           	
[20/02/2026 12:23:24] Written data (COM4)	
    50 00 81 84 00 00 00 00 00 00 00 00 00 00 00 00   P.ÅÑ............	
    00 00 00 00 00 00 00 00 00 00 00 00 00 00 00 00   ................	
    00 00 00 00 55                                    ....U           	
[20/02/2026 12:23:24] Read data (COM4)	
    50 00 81 84 00 00 00 00 00 00 00 00 00 00 00 00   P.ÅÑ............	
    00 00 00 00 00 00 09 00 00 00 00 0b 04 00 00 00   ................	
    09 00 00 00 76                                    ....v           	
[20/02/2026 12:23:24] Written data (COM4)	
    50 00 81 95 00 00 00 00 00 00 00 00 00 00 00 00   P.Åï............	
    00 00 00 00 00 00 00 00 00 00 00 00 00 00 00 00   ................	
    00 00 00 00 66                                    ....f           	
[20/02/2026 12:23:25] Read data (COM4)	
    50 00 81 95 00 09 00 00 00 00 0b 04 00 00 00 09   P.Åï............	
    00 00 00 00 09 00 00 00 04 91 02 b5 01 91 02 8f   .........ë.µ.ë.è	
    02 8f 02 8f 21                                    .è.è!           	
[20/02/2026 12:23:25] Written data (COM4)	
    50 00 81 44 00 00 00 00 00 00 00 00 00 00 00 00   P.ÅD............	
    00 00 00 00 00 00 00 00 00 00 00 00 00 00 00 00   ................	
    00 00 00 00 15                                    .....           	
[20/02/2026 12:23:25] Read data (COM4)	
    50 00 81 44 08 00 00 00 01 14 1a 02 14 0c 11 08   P.ÅD............	
    c4 94 98 00 00 00 00 00 00 00 00 00 00 00 00 00   ƒîò.............	
    00 00 00 00 77                                    ....w           	
[20/02/2026 12:23:25] Written data (COM4)	
    50 00 81 64 00 00 00 00 00 00 00 00 00 00 00 00   P.Åd............	
    00 00 00 00 00 00 00 00 00 00 00 00 00 00 00 00   ................	
    00 00 00 00 35                                    ....5           	
[20/02/2026 12:23:25] Read data (COM4)	
    50 00 81 64 00 00 80 00 00 00 00 00 00 00 00 00   P.Åd..Ä.........	
    00 00 00 00 00 00 00 00 00 00 00 00 00 00 00 00   ................	
    00 00 00 00 b5                                    ....µ           	
[20/02/2026 12:23:25] Written data (COM4)	
    50 00 81 84 00 00 00 00 00 00 00 00 00 00 00 00   P.ÅÑ............	
    00 00 00 00 00 00 00 00 00 00 00 00 00 00 00 00   ................	
    00 00 00 00 55                                    ....U           	
[20/02/2026 12:23:25] Read data (COM4)	
    50 00 81 84 00 00 00 00 00 00 00 00 00 00 00 00   P.ÅÑ............	
    00 00 00 00 00 00 09 00 00 00 00 0b 04 00 00 00   ................	
    09 00 00 00 76                                    ....v           	
[20/02/2026 12:23:25] Written data (COM4)	
    50 00 81 95 00 00 00 00 00 00 00 00 00 00 00 00   P.Åï............	
    00 00 00 00 00 00 00 00 00 00 00 00 00 00 00 00   ................	
    00 00 00 00 66                                    ....f           	
[20/02/2026 12:23:25] Read data (COM4)	
    50 00 81 95 00 09 00 00 00 00 0b 04 00 00 00 09   P.Åï............	
    00 00 00 00 09 00 00 00 04 91 02 b5 01 91 02 8f   .........ë.µ.ë.è	
    02 8f 02 8f 21                                    .è.è!           	
[20/02/2026 12:23:26] Written data (COM4)	
    50 00 81 44 00 00 00 00 00 00 00 00 00 00 00 00   P.ÅD............	
    00 00 00 00 00 00 00 00 00 00 00 00 00 00 00 00   ................	
    00 00 00 00 15                                    .....           	
[20/02/2026 12:23:26] Read data (COM4)	
    50 00 81 44 08 00 00 00 01 14 1a 02 14 0c 11 09   P.ÅD............	
    c4 94 97 00 00 00 00 00 00 00 00 00 00 00 00 00   ƒîó.............	
    00 00 00 00 77                                    ....w           	
[20/02/2026 12:23:26] Written data (COM4)	
    50 00 81 64 00 00 00 00 00 00 00 00 00 00 00 00   P.Åd............	
    00 00 00 00 00 00 00 00 00 00 00 00 00 00 00 00   ................	
    00 00 00 00 35                                    ....5           	
[20/02/2026 12:23:26] Read data (COM4)	
    50 00 81 64 00 00 80 00 00 00 00 00 00 00 00 00   P.Åd..Ä.........	
    00 00 00 00 00 00 00 00 00 00 00 00 00 00 00 00   ................	
    00 00 00 00 b5                                    ....µ           	
[20/02/2026 12:23:26] Written data (COM4)	
    50 00 81 84 00 00 00 00 00 00 00 00 00 00 00 00   P.ÅÑ............	
    00 00 00 00 00 00 00 00 00 00 00 00 00 00 00 00   ................	
    00 00 00 00 55                                    ....U           	
[20/02/2026 12:23:26] Read data (COM4)	
    50 00 81 84 00 00 00 00 00 00 00 00 00 00 00 00   P.ÅÑ............	
    00 00 00 00 00 00 09 00 00 00 00 0b 04 00 00 00   ................	
    09 00 00 00 76                                    ....v           	
[20/02/2026 12:23:26] Written data (COM4)	
    50 00 81 95 00 00 00 00 00 00 00 00 00 00 00 00   P.Åï............	
    00 00 00 00 00 00 00 00 00 00 00 00 00 00 00 00   ................	
    00 00 00 00 66                                    ....f           	
[20/02/2026 12:23:26] Read data (COM4)	
    50 00 81 95 00 09 00 00 00 00 0b 04 00 00 00 09   P.Åï............	
    00 00 00 00 09 00 00 00 04 91 02 b5 01 91 02 8f   .........ë.µ.ë.è	
    02 8f 02 8f 21                                    .è.è!           	
[20/02/2026 12:23:26] Written data (COM4)	
    50 00 81 44 00 00 00 00 00 00 00 00 00 00 00 00   P.ÅD............	
    00 00 00 00 00 00 00 00 00 00 00 00 00 00 00 00   ................	
    00 00 00 00 15                                    .....           	
[20/02/2026 12:23:26] Read data (COM4)	
    50 00 81 44 08 00 00 00 01 14 1a 02 14 0c 11 0a   P.ÅD............	
    c4 94 98 00 00 00 00 00 00 00 00 00 00 00 00 00   ƒîò.............	
    00 00 00 00 79                                    ....y           	
[20/02/2026 12:23:27] Written data (COM4)	
    50 00 81 64 00 00 00 00 00 00 00 00 00 00 00 00   P.Åd............	
    00 00 00 00 00 00 00 00 00 00 00 00 00 00 00 00   ................	
    00 00 00 00 35                                    ....5           	
[20/02/2026 12:23:27] Read data (COM4)	
    50 00 81 64 00 00 80 00 00 00 00 00 00 00 00 00   P.Åd..Ä.........	
    00 00 00 00 00 00 00 00 00 00 00 00 00 00 00 00   ................	
    00 00 00 00 b5                                    ....µ           	
[20/02/2026 12:23:27] Written data (COM4)	
    50 00 81 84 00 00 00 00 00 00 00 00 00 00 00 00   P.ÅÑ............	
    00 00 00 00 00 00 00 00 00 00 00 00 00 00 00 00   ................	
    00 00 00 00 55                                    ....U           	
[20/02/2026 12:23:27] Read data (COM4)	
    50 00 81 84 00 00 00 00 00 00 00 00 00 00 00 00   P.ÅÑ............	
    00 00 00 00 00 00 09 00 00 00 00 0b 04 00 00 00   ................	
    09 00 00 00 76                                    ....v           	
[20/02/2026 12:23:27] Written data (COM4)	
    50 00 81 95 00 00 00 00 00 00 00 00 00 00 00 00   P.Åï............	
    00 00 00 00 00 00 00 00 00 00 00 00 00 00 00 00   ................	
    00 00 00 00 66                                    ....f           	
[20/02/2026 12:23:27] Read data (COM4)	
    50 00 81 95 00 09 00 00 00 00 0b 04 00 00 00 09   P.Åï............	
    00 00 00 00 09 00 00 00 04 91 02 b5 01 91 02 8f   .........ë.µ.ë.è	
    02 8f 02 8f 21                                    .è.è!           	
[20/02/2026 12:23:27] Written data (COM4)	
    50 00 81 44 00 00 00 00 00 00 00 00 00 00 00 00   P.ÅD............	
    00 00 00 00 00 00 00 00 00 00 00 00 00 00 00 00   ................	
    00 00 00 00 15                                    .....           	
[20/02/2026 12:23:27] Read data (COM4)	
    50 00 81 44 08 00 00 00 01 14 1a 02 14 0c 11 0a   P.ÅD............	
    c4 94 98 00 00 00 00 00 00 00 00 00 00 00 00 00   ƒîò.............	
    00 00 00 00 79                                    ....y           	
[20/02/2026 12:23:27] Written data (COM4)	
    50 00 81 64 00 00 00 00 00 00 00 00 00 00 00 00   P.Åd............	
    00 00 00 00 00 00 00 00 00 00 00 00 00 00 00 00   ................	
    00 00 00 00 35                                    ....5           	
[20/02/2026 12:23:27] Read data (COM4)	
    50 00 81 64 00 00 80 00 00 00 00 00 00 00 00 00   P.Åd..Ä.........	
    00 00 00 00 00 00 00 00 00 00 00 00 00 00 00 00   ................	
    00 00 00 00 b5                                    ....µ           	
[20/02/2026 12:23:28] Written data (COM4)	
    50 00 81 84 00 00 00 00 00 00 00 00 00 00 00 00   P.ÅÑ............	
    00 00 00 00 00 00 00 00 00 00 00 00 00 00 00 00   ................	
    00 00 00 00 55                                    ....U           	
[20/02/2026 12:23:28] Read data (COM4)	
    50 00 81 84 00 00 00 00 00 00 00 00 00 00 00 00   P.ÅÑ............	
    00 00 00 00 00 00 09 00 00 00 00 0b 04 00 00 00   ................	
    09 00 00 00 76                                    ....v           	
[20/02/2026 12:23:28] Written data (COM4)	
    50 00 81 95 00 00 00 00 00 00 00 00 00 00 00 00   P.Åï............	
    00 00 00 00 00 00 00 00 00 00 00 00 00 00 00 00   ................	
    00 00 00 00 66                                    ....f           	
[20/02/2026 12:23:28] Read data (COM4)	
    50 00 81 95 00 09 00 00 00 00 0b 04 00 00 00 09   P.Åï............	
    00 00 00 00 09 00 00 00 04 91 02 b5 01 91 02 8f   .........ë.µ.ë.è	
    02 8f 02 8f 21                                    .è.è!           	
[20/02/2026 12:23:28] Written data (COM4)	
    50 00 81 44 00 00 00 00 00 00 00 00 00 00 00 00   P.ÅD............	
    00 00 00 00 00 00 00 00 00 00 00 00 00 00 00 00   ................	
    00 00 00 00 15                                    .....           	
[20/02/2026 12:23:28] Read data (COM4)	
    50 00 81 44 08 00 00 00 01 14 1a 02 14 0c 11 0b   P.ÅD............	
    c4 94 97 00 00 00 00 00 00 00 00 00 00 00 00 00   ƒîó.............	
    00 00 00 00 79                                    ....y           	
[20/02/2026 12:23:28] Written data (COM4)	
    50 00 81 64 00 00 00 00 00 00 00 00 00 00 00 00   P.Åd............	
    00 00 00 00 00 00 00 00 00 00 00 00 00 00 00 00   ................	
    00 00 00 00 35                                    ....5           	
[20/02/2026 12:23:28] Read data (COM4)	
    50 00 81 64 00 00 80 00 00 00 00 00 00 00 00 00   P.Åd..Ä.........	
    00 00 00 00 00 00 00 00 00 00 00 00 00 00 00 00   ................	
    00 00 00 00 b5                                    ....µ           	
[20/02/2026 12:23:28] Written data (COM4)	
    50 00 81 84 00 00 00 00 00 00 00 00 00 00 00 00   P.ÅÑ............	
    00 00 00 00 00 00 00 00 00 00 00 00 00 00 00 00   ................	
    00 00 00 00 55                                    ....U           	
[20/02/2026 12:23:28] Read data (COM4)	
    50 00 81 84 00 00 00 00 00 00 00 00 00 00 00 00   P.ÅÑ............	
    00 00 00 00 00 00 09 00 00 00 00 0b 04 00 00 00   ................	
    09 00 00 00 76                                    ....v           	
[20/02/2026 12:23:29] Written data (COM4)	
    50 00 81 95 00 00 00 00 00 00 00 00 00 00 00 00   P.Åï............	
    00 00 00 00 00 00 00 00 00 00 00 00 00 00 00 00   ................	
    00 00 00 00 66                                    ....f           	
[20/02/2026 12:23:29] Read data (COM4)	
    50 00 81 95 00 09 00 00 00 00 0b 04 00 00 00 09   P.Åï............	
    00 00 00 00 09 00 00 00 04 91 02 b5 01 91 02 8f   .........ë.µ.ë.è	
    02 8f 02 8f 21                                    .è.è!           	
[20/02/2026 12:23:29] Written data (COM4)	
    50 00 81 44 00 00 00 00 00 00 00 00 00 00 00 00   P.ÅD............	
    00 00 00 00 00 00 00 00 00 00 00 00 00 00 00 00   ................	
    00 00 00 00 15                                    .....           	
[20/02/2026 12:23:29] Read data (COM4)	
    50 00 81 44 08 00 00 00 01 14 1a 02 14 0c 11 0c   P.ÅD............	
    c4 94 97 00 00 00 00 00 00 00 00 00 00 00 00 00   ƒîó.............	
    00 00 00 00 7a                                    ....z           	
[20/02/2026 12:23:29] Written data (COM4)	
    50 00 81 64 00 00 00 00 00 00 00 00 00 00 00 00   P.Åd............	
    00 00 00 00 00 00 00 00 00 00 00 00 00 00 00 00   ................	
    00 00 00 00 35                                    ....5           	
[20/02/2026 12:23:29] Read data (COM4)	
    50 00 81 64 00 00 80 00 00 00 00 00 00 00 00 00   P.Åd..Ä.........	
    00 00 00 00 00 00 00 00 00 00 00 00 00 00 00 00   ................	
    00 00 00 00 b5                                    ....µ           	
[20/02/2026 12:23:29] Written data (COM4)	
    50 00 81 84 00 00 00 00 00 00 00 00 00 00 00 00   P.ÅÑ............	
    00 00 00 00 00 00 00 00 00 00 00 00 00 00 00 00   ................	
    00 00 00 00 55                                    ....U           	
[20/02/2026 12:23:29] Read data (COM4)	
    50 00 81 84 00 00 00 00 00 00 00 00 00 00 00 00   P.ÅÑ............	
    00 00 00 00 00 00 09 00 00 00 00 0b 04 00 00 00   ................	
    09 00 00 00 76                                    ....v           	
[20/02/2026 12:23:29] Written data (COM4)	
    50 00 81 95 00 00 00 00 00 00 00 00 00 00 00 00   P.Åï............	
    00 00 00 00 00 00 00 00 00 00 00 00 00 00 00 00   ................	
    00 00 00 00 66                                    ....f           	
[20/02/2026 12:23:29] Read data (COM4)	
    50 00 81 95 00 09 00 00 00 00 0b 04 00 00 00 09   P.Åï............	
    00 00 00 00 09 00 00 00 04 91 02 b5 01 91 02 8f   .........ë.µ.ë.è	
    02 8f 02 8f 21                                    .è.è!           	
[20/02/2026 12:23:30] Written data (COM4)	
    50 00 81 44 00 00 00 00 00 00 00 00 00 00 00 00   P.ÅD............	
    00 00 00 00 00 00 00 00 00 00 00 00 00 00 00 00   ................	
    00 00 00 00 15                                    .....           	
[20/02/2026 12:23:30] Read data (COM4)	
    50 00 81 44 08 00 00 00 01 14 1a 02 14 0c 11 0d   P.ÅD............	
    c4 94 98 00 00 00 00 00 00 00 00 00 00 00 00 00   ƒîò.............	
    00 00 00 00 7c                                    ....|           	
[20/02/2026 12:23:30] Written data (COM4)	
    50 00 81 64 00 00 00 00 00 00 00 00 00 00 00 00   P.Åd............	
    00 00 00 00 00 00 00 00 00 00 00 00 00 00 00 00   ................	
    00 00 00 00 35                                    ....5           	
[20/02/2026 12:23:30] Read data (COM4)	
    50 00 81 64 00 00 80 00 00 00 00 00 00 00 00 00   P.Åd..Ä.........	
    00 00 00 00 00 00 00 00 00 00 00 00 00 00 00 00   ................	
    00 00 00 00 b5                                    ....µ           	
[20/02/2026 12:23:30] Written data (COM4)	
    50 00 81 84 00 00 00 00 00 00 00 00 00 00 00 00   P.ÅÑ............	
    00 00 00 00 00 00 00 00 00 00 00 00 00 00 00 00   ................	
    00 00 00 00 55                                    ....U           	
[20/02/2026 12:23:30] Read data (COM4)	
    50 00 81 84 00 00 00 00 00 00 00 00 00 00 00 00   P.ÅÑ............	
    00 00 00 00 00 00 09 00 00 00 00 0b 04 00 00 00   ................	
    09 00 00 00 76                                    ....v           	
[20/02/2026 12:23:30] Written data (COM4)	
    50 00 81 95 00 00 00 00 00 00 00 00 00 00 00 00   P.Åï............	
    00 00 00 00 00 00 00 00 00 00 00 00 00 00 00 00   ................	
    00 00 00 00 66                                    ....f           	
[20/02/2026 12:23:30] Read data (COM4)	
    50 00 81 95 00 09 00 00 00 00 0b 04 00 00 00 09   P.Åï............	
    00 00 00 00 09 00 00 00 04 91 02 b5 01 91 02 8f   .........ë.µ.ë.è	
    02 8f 02 8f 21                                    .è.è!           	
[20/02/2026 12:23:31] Written data (COM4)	
    50 00 81 44 00 00 00 00 00 00 00 00 00 00 00 00   P.ÅD............	
    00 00 00 00 00 00 00 00 00 00 00 00 00 00 00 00   ................	
    00 00 00 00 15                                    .....           	
[20/02/2026 12:23:31] Read data (COM4)	
    50 00 81 44 08 00 00 00 01 14 1a 02 14 0c 11 0e   P.ÅD............	
    c4 94 98 00 00 00 00 00 00 00 00 00 00 00 00 00   ƒîò.............	
    00 00 00 00 7d                                    ....}           	
[20/02/2026 12:23:31] Written data (COM4)	
    50 00 81 64 00 00 00 00 00 00 00 00 00 00 00 00   P.Åd............	
    00 00 00 00 00 00 00 00 00 00 00 00 00 00 00 00   ................	
    00 00 00 00 35                                    ....5           	
[20/02/2026 12:23:31] Read data (COM4)	
    50 00 81 64 00 00 80 00 00 00 00 00 00 00 00 00   P.Åd..Ä.........	
    00 00 00 00 00 00 00 00 00 00 00 00 00 00 00 00   ................	
    00 00 00 00 b5                                    ....µ           	
[20/02/2026 12:23:31] Written data (COM4)	
    50 00 81 84 00 00 00 00 00 00 00 00 00 00 00 00   P.ÅÑ............	
    00 00 00 00 00 00 00 00 00 00 00 00 00 00 00 00   ................	
    00 00 00 00 55                                    ....U           	
[20/02/2026 12:23:31] Read data (COM4)	
    50 00 81 84 00 00 00 00 00 00 00 00 00 00 00 00   P.ÅÑ............	
    00 00 00 00 00 00 09 00 00 00 00 0b 04 00 00 00   ................	
    09 00 00 00 76                                    ....v           	
[20/02/2026 12:23:31] Written data (COM4)	
    50 00 81 95 00 00 00 00 00 00 00 00 00 00 00 00   P.Åï............	
    00 00 00 00 00 00 00 00 00 00 00 00 00 00 00 00   ................	
    00 00 00 00 66                                    ....f           	
[20/02/2026 12:23:31] Read data (COM4)	
    50 00 81 95 00 09 00 00 00 00 0b 04 00 00 00 09   P.Åï............	
    00 00 00 00 09 00 00 00 04 91 02 b5 01 91 02 8f   .........ë.µ.ë.è	
    02 8f 02 8f 21                                    .è.è!           	
[20/02/2026 12:23:31] Written data (COM4)	
    50 00 81 44 00 00 00 00 00 00 00 00 00 00 00 00   P.ÅD............	
    00 00 00 00 00 00 00 00 00 00 00 00 00 00 00 00   ................	
    00 00 00 00 15                                    .....           	
[20/02/2026 12:23:31] Read data (COM4)	
    50 00 81 44 08 00 00 00 01 14 1a 02 14 0c 11 0f   P.ÅD............	
    c4 94 98 00 00 00 00 00 00 00 00 00 00 00 00 00   ƒîò.............	
    00 00 00 00 7e                                    ....~           	
[20/02/2026 12:23:32] Written data (COM4)	
    50 00 81 64 00 00 00 00 00 00 00 00 00 00 00 00   P.Åd............	
    00 00 00 00 00 00 00 00 00 00 00 00 00 00 00 00   ................	
    00 00 00 00 35                                    ....5           	
[20/02/2026 12:23:32] Read data (COM4)	
    50 00 81 64 00 00 80 00 00 00 00 00 00 00 00 00   P.Åd..Ä.........	
    00 00 00 00 00 00 00 00 00 00 00 00 00 00 00 00   ................	
    00 00 00 00 b5                                    ....µ           	
[20/02/2026 12:23:32] Written data (COM4)	
    50 00 81 84 00 00 00 00 00 00 00 00 00 00 00 00   P.ÅÑ............	
    00 00 00 00 00 00 00 00 00 00 00 00 00 00 00 00   ................	
    00 00 00 00 55                                    ....U           	
[20/02/2026 12:23:32] Read data (COM4)	
    50 00 81 84 00 00 00 00 00 00 00 00 00 00 00 00   P.ÅÑ............	
    00 00 00 00 00 00 09 00 00 00 00 0b 04 00 00 00   ................	
    09 00 00 00 76                                    ....v           	
[20/02/2026 12:23:32] Written data (COM4)	
    50 00 81 95 00 00 00 00 00 00 00 00 00 00 00 00   P.Åï............	
    00 00 00 00 00 00 00 00 00 00 00 00 00 00 00 00   ................	
    00 00 00 00 66                                    ....f           	
[20/02/2026 12:23:32] Read data (COM4)	
    50 00 81 95 00 09 00 00 00 00 0b 04 00 00 00 09   P.Åï............	
    00 00 00 00 09 00 00 00 04 91 02 b5 01 91 02 8f   .........ë.µ.ë.è	
    02 8f 02 8f 21                                    .è.è!           	
[20/02/2026 12:23:32] Written data (COM4)	
    50 00 81 44 00 00 00 00 00 00 00 00 00 00 00 00   P.ÅD............	
    00 00 00 00 00 00 00 00 00 00 00 00 00 00 00 00   ................	
    00 00 00 00 15                                    .....           	
[20/02/2026 12:23:32] Read data (COM4)	
    50 00 81 44 08 00 00 00 01 14 1a 02 14 0c 11 0f   P.ÅD............	
    c4 94 97 00 00 00 00 00 00 00 00 00 00 00 00 00   ƒîó.............	
    00 00 00 00 7d                                    ....}           	
[20/02/2026 12:23:32] Written data (COM4)	
    50 00 81 64 00 00 00 00 00 00 00 00 00 00 00 00   P.Åd............	
    00 00 00 00 00 00 00 00 00 00 00 00 00 00 00 00   ................	
    00 00 00 00 35                                    ....5           	
[20/02/2026 12:23:32] Read data (COM4)	
    50 00 81 64 00 00 80 00 00 00 00 00 00 00 00 00   P.Åd..Ä.........	
    00 00 00 00 00 00 00 00 00 00 00 00 00 00 00 00   ................	
    00 00 00 00 b5                                    ....µ           	
[20/02/2026 12:23:33] Written data (COM4)	
    50 00 81 84 00 00 00 00 00 00 00 00 00 00 00 00   P.ÅÑ............	
    00 00 00 00 00 00 00 00 00 00 00 00 00 00 00 00   ................	
    00 00 00 00 55                                    ....U           	
[20/02/2026 12:23:33] Read data (COM4)	
    50 00 81 84 00 00 00 00 00 00 00 00 00 00 00 00   P.ÅÑ............	
    00 00 00 00 00 00 09 00 00 00 00 0b 04 00 00 00   ................	
    09 00 00 00 76                                    ....v           	
[20/02/2026 12:23:33] Written data (COM4)	
    50 00 81 95 00 00 00 00 00 00 00 00 00 00 00 00   P.Åï............	
    00 00 00 00 00 00 00 00 00 00 00 00 00 00 00 00   ................	
    00 00 00 00 66                                    ....f           	
[20/02/2026 12:23:33] Read data (COM4)	
    50 00 81 95 00 09 00 00 00 00 0b 04 00 00 00 09   P.Åï............	
    00 00 00 00 09 00 00 00 04 91 02 b5 01 91 02 8f   .........ë.µ.ë.è	
    02 8f 02 8f 21                                    .è.è!           	
[20/02/2026 12:23:33] Written data (COM4)	
    50 00 81 44 00 00 00 00 00 00 00 00 00 00 00 00   P.ÅD............	
    00 00 00 00 00 00 00 00 00 00 00 00 00 00 00 00   ................	
    00 00 00 00 15                                    .....           	
[20/02/2026 12:23:33] Read data (COM4)	
    50 00 81 44 08 00 00 00 01 14 1a 02 14 0c 11 10   P.ÅD............	
    c4 94 98 00 00 00 00 00 00 00 00 00 00 00 00 00   ƒîò.............	
    00 00 00 00 7f                                    ....           	
[20/02/2026 12:23:33] Written data (COM4)	
    50 00 81 64 00 00 00 00 00 00 00 00 00 00 00 00   P.Åd............	
    00 00 00 00 00 00 00 00 00 00 00 00 00 00 00 00   ................	
    00 00 00 00 35                                    ....5           	
[20/02/2026 12:23:33] Read data (COM4)	
    50 00 81 64 00 00 80 00 00 00 00 00 00 00 00 00   P.Åd..Ä.........	
    00 00 00 00 00 00 00 00 00 00 00 00 00 00 00 00   ................	
    00 00 00 00 b5                                    ....µ           	
[20/02/2026 12:23:33] Written data (COM4)	
    50 00 81 84 00 00 00 00 00 00 00 00 00 00 00 00   P.ÅÑ............	
    00 00 00 00 00 00 00 00 00 00 00 00 00 00 00 00   ................	
    00 00 00 00 55                                    ....U           	
[20/02/2026 12:23:33] Read data (COM4)	
    50 00 81 84 00 00 00 00 00 00 00 00 00 00 00 00   P.ÅÑ............	
    00 00 00 00 00 00 09 00 00 00 00 0b 04 00 00 00   ................	
    09 00 00 00 76                                    ....v           	
[20/02/2026 12:23:34] Written data (COM4)	
    50 00 81 95 00 00 00 00 00 00 00 00 00 00 00 00   P.Åï............	
    00 00 00 00 00 00 00 00 00 00 00 00 00 00 00 00   ................	
    00 00 00 00 66                                    ....f           	
[20/02/2026 12:23:34] Read data (COM4)	
    50 00 81 95 00 09 00 00 00 00 0b 04 00 00 00 09   P.Åï............	
    00 00 00 00 09 00 00 00 04 91 02 b5 01 91 02 8f   .........ë.µ.ë.è	
    02 8f 02 8f 21                                    .è.è!           	
[20/02/2026 12:23:34] Written data (COM4)	
    50 00 81 44 00 00 00 00 00 00 00 00 00 00 00 00   P.ÅD............	
    00 00 00 00 00 00 00 00 00 00 00 00 00 00 00 00   ................	
    00 00 00 00 15                                    .....           	
[20/02/2026 12:23:34] Read data (COM4)	
    50 00 81 44 08 00 00 00 01 14 1a 02 14 0c 11 11   P.ÅD............	
    c4 94 98 00 00 00 00 00 00 00 00 00 00 00 00 00   ƒîò.............	
    00 00 00 00 80                                    ....Ä           	
[20/02/2026 12:23:34] Written data (COM4)	
    50 00 81 64 00 00 00 00 00 00 00 00 00 00 00 00   P.Åd............	
    00 00 00 00 00 00 00 00 00 00 00 00 00 00 00 00   ................	
    00 00 00 00 35                                    ....5           	
[20/02/2026 12:23:34] Read data (COM4)	
    50 00 81 64 00 00 80 00 00 00 00 00 00 00 00 00   P.Åd..Ä.........	
    00 00 00 00 00 00 00 00 00 00 00 00 00 00 00 00   ................	
    00 00 00 00 b5                                    ....µ           	
[20/02/2026 12:23:34] Written data (COM4)	
    50 00 81 84 00 00 00 00 00 00 00 00 00 00 00 00   P.ÅÑ............	
    00 00 00 00 00 00 00 00 00 00 00 00 00 00 00 00   ................	
    00 00 00 00 55                                    ....U           	
[20/02/2026 12:23:34] Read data (COM4)	
    50 00 81 84 00 00 00 00 00 00 00 00 00 00 00 00   P.ÅÑ............	
    00 00 00 00 00 00 09 00 00 00 00 0b 04 00 00 00   ................	
    09 00 00 00 76                                    ....v           	
[20/02/2026 12:23:35] Written data (COM4)	
    50 00 81 95 00 00 00 00 00 00 00 00 00 00 00 00   P.Åï............	
    00 00 00 00 00 00 00 00 00 00 00 00 00 00 00 00   ................	
    00 00 00 00 66                                    ....f           	
[20/02/2026 12:23:35] Read data (COM4)	
    50 00 81 95 00 09 00 00 00 00 0b 04 00 00 00 09   P.Åï............	
    00 00 00 00 09 00 00 00 04 91 02 b5 01 91 02 8f   .........ë.µ.ë.è	
    02 8f 02 8f 21                                    .è.è!           	
[20/02/2026 12:23:35] Written data (COM4)	
    50 00 81 44 00 00 00 00 00 00 00 00 00 00 00 00   P.ÅD............	
    00 00 00 00 00 00 00 00 00 00 00 00 00 00 00 00   ................	
    00 00 00 00 15                                    .....           	
[20/02/2026 12:23:35] Read data (COM4)	
    50 00 81 44 08 00 00 00 01 14 1a 02 14 0c 11 12   P.ÅD............	
    c4 94 98 00 00 00 00 00 00 00 00 00 00 00 00 00   ƒîò.............	
    00 00 00 00 81                                    ....Å           	
[20/02/2026 12:23:35] Written data (COM4)	
    50 00 81 64 00 00 00 00 00 00 00 00 00 00 00 00   P.Åd............	
    00 00 00 00 00 00 00 00 00 00 00 00 00 00 00 00   ................	
    00 00 00 00 35                                    ....5           	
[20/02/2026 12:23:35] Read data (COM4)	
    50 00 81 64 00 00 80 00 00 00 00 00 00 00 00 00   P.Åd..Ä.........	
    00 00 00 00 00 00 00 00 00 00 00 00 00 00 00 00   ................	
    00 00 00 00 b5                                    ....µ           	
[20/02/2026 12:23:35] Written data (COM4)	
    50 00 81 84 00 00 00 00 00 00 00 00 00 00 00 00   P.ÅÑ............	
    00 00 00 00 00 00 00 00 00 00 00 00 00 00 00 00   ................	
    00 00 00 00 55                                    ....U           	
[20/02/2026 12:23:35] Read data (COM4)	
    50 00 81 84 00 00 00 00 00 00 00 00 00 00 00 00   P.ÅÑ............	
    00 00 00 00 00 00 09 00 00 00 00 0b 04 00 00 00   ................	
    09 00 00 00 76                                    ....v           	
[20/02/2026 12:23:35] Written data (COM4)	
    50 00 81 95 00 00 00 00 00 00 00 00 00 00 00 00   P.Åï............	
    00 00 00 00 00 00 00 00 00 00 00 00 00 00 00 00   ................	
    00 00 00 00 66                                    ....f           	
[20/02/2026 12:23:35] Read data (COM4)	
    50 00 81 95 00 09 00 00 00 00 0b 04 00 00 00 09   P.Åï............	
    00 00 00 00 09 00 00 00 04 91 02 b5 01 91 02 8f   .........ë.µ.ë.è	
    02 8f 02 8f 21                                    .è.è!           	
[20/02/2026 12:23:36] Written data (COM4)	
    50 00 81 44 00 00 00 00 00 00 00 00 00 00 00 00   P.ÅD............	
    00 00 00 00 00 00 00 00 00 00 00 00 00 00 00 00   ................	
    00 00 00 00 15                                    .....           	
[20/02/2026 12:23:36] Read data (COM4)	
    50 00 81 44 08 00 00 00 01 14 1a 02 14 0c 11 13   P.ÅD............	
    c4 94 97 00 00 00 00 00 00 00 00 00 00 00 00 00   ƒîó.............	
    00 00 00 00 81                                    ....Å           	
[20/02/2026 12:23:36] Written data (COM4)	
    50 00 81 64 00 00 00 00 00 00 00 00 00 00 00 00   P.Åd............	
    00 00 00 00 00 00 00 00 00 00 00 00 00 00 00 00   ................	
    00 00 00 00 35                                    ....5           	
[20/02/2026 12:23:36] Read data (COM4)	
    50 00 81 64 00 00 80 00 00 00 00 00 00 00 00 00   P.Åd..Ä.........	
    00 00 00 00 00 00 00 00 00 00 00 00 00 00 00 00   ................	
    00 00 00 00 b5                                    ....µ           	
[20/02/2026 12:23:36] Written data (COM4)	
    50 00 81 84 00 00 00 00 00 00 00 00 00 00 00 00   P.ÅÑ............	
    00 00 00 00 00 00 00 00 00 00 00 00 00 00 00 00   ................	
    00 00 00 00 55                                    ....U           	
[20/02/2026 12:23:36] Read data (COM4)	
    50 00 81 84 00 00 00 00 00 00 00 00 00 00 00 00   P.ÅÑ............	
    00 00 00 00 00 00 09 00 00 00 00 0b 04 00 00 00   ................	
    09 00 00 00 76                                    ....v           	
[20/02/2026 12:23:36] Written data (COM4)	
    50 00 81 95 00 00 00 00 00 00 00 00 00 00 00 00   P.Åï............	
    00 00 00 00 00 00 00 00 00 00 00 00 00 00 00 00   ................	
    00 00 00 00 66                                    ....f           	
[20/02/2026 12:23:36] Read data (COM4)	
    50 00 81 95 00 09 00 00 00 00 0b 04 00 00 00 09   P.Åï............	
    00 00 00 00 09 00 00 00 04 91 02 b5 01 91 02 8f   .........ë.µ.ë.è	
    02 8f 02 8f 21                                    .è.è!           	
[20/02/2026 12:23:36] Written data (COM4)	
    50 00 81 44 00 00 00 00 00 00 00 00 00 00 00 00   P.ÅD............	
    00 00 00 00 00 00 00 00 00 00 00 00 00 00 00 00   ................	
    00 00 00 00 15                                    .....           	
[20/02/2026 12:23:36] Read data (COM4)	
    50 00 81 44 08 00 00 00 01 14 1a 02 14 0c 11 14   P.ÅD............	
    c4 94 98 00 00 00 00 00 00 00 00 00 00 00 00 00   ƒîò.............	
    00 00 00 00 83                                    ....É           	
[20/02/2026 12:23:37] Written data (COM4)	
    50 00 81 64 00 00 00 00 00 00 00 00 00 00 00 00   P.Åd............	
    00 00 00 00 00 00 00 00 00 00 00 00 00 00 00 00   ................	
    00 00 00 00 35                                    ....5           	
[20/02/2026 12:23:37] Read data (COM4)	
    50 00 81 64 00 00 80 00 00 00 00 00 00 00 00 00   P.Åd..Ä.........	
    00 00 00 00 00 00 00 00 00 00 00 00 00 00 00 00   ................	
    00 00 00 00 b5                                    ....µ           	
[20/02/2026 12:23:37] Written data (COM4)	
    50 00 81 84 00 00 00 00 00 00 00 00 00 00 00 00   P.ÅÑ............	
    00 00 00 00 00 00 00 00 00 00 00 00 00 00 00 00   ................	
    00 00 00 00 55                                    ....U           	
[20/02/2026 12:23:37] Read data (COM4)	
    50 00 81 84 00 00 00 00 00 00 00 00 00 00 00 00   P.ÅÑ............	
    00 00 00 00 00 00 09 00 00 00 00 0b 04 00 00 00   ................	
    09 00 00 00 76                                    ....v           	
[20/02/2026 12:23:37] Written data (COM4)	
    50 00 81 95 00 00 00 00 00 00 00 00 00 00 00 00   P.Åï............	
    00 00 00 00 00 00 00 00 00 00 00 00 00 00 00 00   ................	
    00 00 00 00 66                                    ....f           	
[20/02/2026 12:23:37] Read data (COM4)	
    50 00 81 95 00 09 00 00 00 00 0b 04 00 00 00 09   P.Åï............	
    00 00 00 00 09 00 00 00 04 91 02 b5 01 91 02 8f   .........ë.µ.ë.è	
    02 8f 02 8f 21                                    .è.è!           	
[20/02/2026 12:23:37] Written data (COM4)	
    50 00 81 44 00 00 00 00 00 00 00 00 00 00 00 00   P.ÅD............	
    00 00 00 00 00 00 00 00 00 00 00 00 00 00 00 00   ................	
    00 00 00 00 15                                    .....           	
[20/02/2026 12:23:37] Read data (COM4)	
    50 00 81 44 08 00 00 00 01 14 1a 02 14 0c 11 15   P.ÅD............	
    c4 94 98 00 00 00 00 00 00 00 00 00 00 00 00 00   ƒîò.............	
    00 00 00 00 84                                    ....Ñ           	
[20/02/2026 12:23:37] Written data (COM4)	
    50 00 81 64 00 00 00 00 00 00 00 00 00 00 00 00   P.Åd............	
    00 00 00 00 00 00 00 00 00 00 00 00 00 00 00 00   ................	
    00 00 00 00 35                                    ....5           	
[20/02/2026 12:23:38] Read data (COM4)	
    50 00 81 64 00 00 80 00 00 00 00 00 00 00 00 00   P.Åd..Ä.........	
    00 00 00 00 00 00 00 00 00 00 00 00 00 00 00 00   ................	
    00 00 00 00 b5                                    ....µ           	
[20/02/2026 12:23:38] Written data (COM4)	
    50 00 81 84 00 00 00 00 00 00 00 00 00 00 00 00   P.ÅÑ............	
    00 00 00 00 00 00 00 00 00 00 00 00 00 00 00 00   ................	
    00 00 00 00 55                                    ....U           	
[20/02/2026 12:23:38] Read data (COM4)	
    50 00 81 84 00 00 00 00 00 00 00 00 00 00 00 00   P.ÅÑ............	
    00 00 00 00 00 00 09 00 00 00 00 0b 04 00 00 00   ................	
    09 00 00 00 76                                    ....v           	
[20/02/2026 12:23:38] Written data (COM4)	
    50 00 81 95 00 00 00 00 00 00 00 00 00 00 00 00   P.Åï............	
    00 00 00 00 00 00 00 00 00 00 00 00 00 00 00 00   ................	
    00 00 00 00 66                                    ....f           	
[20/02/2026 12:23:38] Read data (COM4)	
    50 00 81 95 00 09 00 00 00 00 0b 04 00 00 00 09   P.Åï............	
    00 00 00 00 09 00 00 00 04 91 02 b5 01 91 02 8f   .........ë.µ.ë.è	
    02 8f 02 8f 21                                    .è.è!           	
[20/02/2026 12:23:38] Written data (COM4)	
    50 00 81 44 00 00 00 00 00 00 00 00 00 00 00 00   P.ÅD............	
    00 00 00 00 00 00 00 00 00 00 00 00 00 00 00 00   ................	
    00 00 00 00 15                                    .....           	
[20/02/2026 12:23:38] Read data (COM4)	
    50 00 81 44 08 00 00 00 01 14 1a 02 14 0c 11 15   P.ÅD............	
    c4 94 98 00 00 00 00 00 00 00 00 00 00 00 00 00   ƒîò.............	
    00 00 00 00 84                                    ....Ñ           	
[20/02/2026 12:23:38] Written data (COM4)	
    50 00 81 64 00 00 00 00 00 00 00 00 00 00 00 00   P.Åd............	
    00 00 00 00 00 00 00 00 00 00 00 00 00 00 00 00   ................	
    00 00 00 00 35                                    ....5           	
[20/02/2026 12:23:38] Read data (COM4)	
    50 00 81 64 00 00 80 00 00 00 00 00 00 00 00 00   P.Åd..Ä.........	
    00 00 00 00 00 00 00 00 00 00 00 00 00 00 00 00   ................	
    00 00 00 00 b5                                    ....µ           	
[20/02/2026 12:23:39] Written data (COM4)	
    50 00 81 84 00 00 00 00 00 00 00 00 00 00 00 00   P.ÅÑ............	
    00 00 00 00 00 00 00 00 00 00 00 00 00 00 00 00   ................	
    00 00 00 00 55                                    ....U           	
[20/02/2026 12:23:39] Read data (COM4)	
    50 00 81 84 00 00 00 00 00 00 00 00 00 00 00 00   P.ÅÑ............	
    00 00 00 00 00 00 09 00 00 00 00 0b 04 00 00 00   ................	
    09 00 00 00 76                                    ....v           	
[20/02/2026 12:23:39] Written data (COM4)	
    50 00 81 95 00 00 00 00 00 00 00 00 00 00 00 00   P.Åï............	
    00 00 00 00 00 00 00 00 00 00 00 00 00 00 00 00   ................	
    00 00 00 00 66                                    ....f           	
[20/02/2026 12:23:39] Read data (COM4)	
    50 00 81 95 00 09 00 00 00 00 0b 04 00 00 00 09   P.Åï............	
    00 00 00 00 09 00 00 00 04 91 02 b5 01 91 02 8f   .........ë.µ.ë.è	
    02 8f 02 8f 21                                    .è.è!           	
[20/02/2026 12:23:39] Written data (COM4)	
    50 00 81 44 00 00 00 00 00 00 00 00 00 00 00 00   P.ÅD............	
    00 00 00 00 00 00 00 00 00 00 00 00 00 00 00 00   ................	
    00 00 00 00 15                                    .....           	
[20/02/2026 12:23:39] Read data (COM4)	
    50 00 81 44 08 00 00 00 01 14 1a 02 14 0c 11 16   P.ÅD............	
    c4 94 98 00 00 00 00 00 00 00 00 00 00 00 00 00   ƒîò.............	
    00 00 00 00 85                                    ....Ö           	
[20/02/2026 12:23:39] Written data (COM4)	
    50 00 81 64 00 00 00 00 00 00 00 00 00 00 00 00   P.Åd............	
    00 00 00 00 00 00 00 00 00 00 00 00 00 00 00 00   ................	
    00 00 00 00 35                                    ....5           	
[20/02/2026 12:23:39] Read data (COM4)	
    50 00 81 64 00 00 80 00 00 00 00 00 00 00 00 00   P.Åd..Ä.........	
    00 00 00 00 00 00 00 00 00 00 00 00 00 00 00 00   ................	
    00 00 00 00 b5                                    ....µ           	
[20/02/2026 12:23:39] Written data (COM4)	
    50 00 81 84 00 00 00 00 00 00 00 00 00 00 00 00   P.ÅÑ............	
    00 00 00 00 00 00 00 00 00 00 00 00 00 00 00 00   ................	
    00 00 00 00 55                                    ....U           	
[20/02/2026 12:23:39] Read data (COM4)	
    50 00 81 84 00 00 00 00 00 00 00 00 00 00 00 00   P.ÅÑ............	
    00 00 00 00 00 00 09 00 00 00 00 0b 04 00 00 00   ................	
    09 00 00 00 76                                    ....v           	
[20/02/2026 12:23:40] Written data (COM4)	
    50 00 81 95 00 00 00 00 00 00 00 00 00 00 00 00   P.Åï............	
    00 00 00 00 00 00 00 00 00 00 00 00 00 00 00 00   ................	
    00 00 00 00 66                                    ....f           	
[20/02/2026 12:23:40] Read data (COM4)	
    50 00 81 95 00 09 00 00 00 00 0b 04 00 00 00 09   P.Åï............	
    00 00 00 00 09 00 00 00 04 91 02 b5 01 91 02 8f   .........ë.µ.ë.è	
    02 8f 02 8f 21                                    .è.è!           	
[20/02/2026 12:23:40] Written data (COM4)	
    50 00 81 44 00 00 00 00 00 00 00 00 00 00 00 00   P.ÅD............	
    00 00 00 00 00 00 00 00 00 00 00 00 00 00 00 00   ................	
    00 00 00 00 15                                    .....           	
[20/02/2026 12:23:40] Read data (COM4)	
    50 00 81 44 08 00 00 00 01 14 1a 02 14 0c 11 17   P.ÅD............	
    c4 94 98 00 00 00 00 00 00 00 00 00 00 00 00 00   ƒîò.............	
    00 00 00 00 86                                    ....Ü           	
[20/02/2026 12:23:40] Written data (COM4)	
    50 00 81 64 00 00 00 00 00 00 00 00 00 00 00 00   P.Åd............	
    00 00 00 00 00 00 00 00 00 00 00 00 00 00 00 00   ................	
    00 00 00 00 35                                    ....5           	
[20/02/2026 12:23:40] Read data (COM4)	
    50 00 81 64 00 00 80 00 00 00 00 00 00 00 00 00   P.Åd..Ä.........	
    00 00 00 00 00 00 00 00 00 00 00 00 00 00 00 00   ................	
    00 00 00 00 b5                                    ....µ           	
[20/02/2026 12:23:40] Written data (COM4)	
    50 00 81 84 00 00 00 00 00 00 00 00 00 00 00 00   P.ÅÑ............	
    00 00 00 00 00 00 00 00 00 00 00 00 00 00 00 00   ................	
    00 00 00 00 55                                    ....U           	
[20/02/2026 12:23:40] Read data (COM4)	
    50 00 81 84 00 00 00 00 00 00 00 00 00 00 00 00   P.ÅÑ............	
    00 00 00 00 00 00 09 00 00 00 00 0b 04 00 00 00   ................	
    09 00 00 00 76                                    ....v           	
[20/02/2026 12:23:40] Written data (COM4)	
    50 00 81 95 00 00 00 00 00 00 00 00 00 00 00 00   P.Åï............	
    00 00 00 00 00 00 00 00 00 00 00 00 00 00 00 00   ................	
    00 00 00 00 66                                    ....f           	
[20/02/2026 12:23:40] Read data (COM4)	
    50 00 81 95 00 09 00 00 00 00 0b 04 00 00 00 09   P.Åï............	
    00 00 00 00 09 00 00 00 04 91 02 b5 01 91 02 8f   .........ë.µ.ë.è	
    02 8f 02 8f 21                                    .è.è!           	
[20/02/2026 12:23:41] Written data (COM4)	
    50 00 81 44 00 00 00 00 00 00 00 00 00 00 00 00   P.ÅD............	
    00 00 00 00 00 00 00 00 00 00 00 00 00 00 00 00   ................	
    00 00 00 00 15                                    .....           	
[20/02/2026 12:23:41] Read data (COM4)	
    50 00 81 44 08 00 00 00 01 14 1a 02 14 0c 11 18   P.ÅD............	
    c4 94 98 00 00 00 00 00 00 00 00 00 00 00 00 00   ƒîò.............	
    00 00 00 00 87                                    ....á           	
[20/02/2026 12:23:41] Written data (COM4)	
    50 00 81 64 00 00 00 00 00 00 00 00 00 00 00 00   P.Åd............	
    00 00 00 00 00 00 00 00 00 00 00 00 00 00 00 00   ................	
    00 00 00 00 35                                    ....5           	
[20/02/2026 12:23:41] Read data (COM4)	
    50 00 81 64 00 00 80 00 00 00 00 00 00 00 00 00   P.Åd..Ä.........	
    00 00 00 00 00 00 00 00 00 00 00 00 00 00 00 00   ................	
    00 00 00 00 b5                                    ....µ           	
[20/02/2026 12:23:41] Written data (COM4)	
    50 00 81 84 00 00 00 00 00 00 00 00 00 00 00 00   P.ÅÑ............	
    00 00 00 00 00 00 00 00 00 00 00 00 00 00 00 00   ................	
    00 00 00 00 55                                    ....U           	
[20/02/2026 12:23:41] Read data (COM4)	
    50 00 81 84 00 00 00 00 00 00 00 00 00 00 00 00   P.ÅÑ............	
    00 00 00 00 00 00 09 00 00 00 00 0b 04 00 00 00   ................	
    09 00 00 00 76                                    ....v           	
[20/02/2026 12:23:41] Written data (COM4)	
    50 00 81 95 00 00 00 00 00 00 00 00 00 00 00 00   P.Åï............	
    00 00 00 00 00 00 00 00 00 00 00 00 00 00 00 00   ................	
    00 00 00 00 66                                    ....f           	
[20/02/2026 12:23:41] Read data (COM4)	
    50 00 81 95 00 09 00 00 00 00 0b 04 00 00 00 09   P.Åï............	
    00 00 00 00 09 00 00 00 04 91 02 b5 01 91 02 8f   .........ë.µ.ë.è	
    02 8f 02 8f 21                                    .è.è!           	
[20/02/2026 12:23:41] Written data (COM4)	
    50 00 81 44 00 00 00 00 00 00 00 00 00 00 00 00   P.ÅD............	
    00 00 00 00 00 00 00 00 00 00 00 00 00 00 00 00   ................	
    00 00 00 00 15                                    .....           	
[20/02/2026 12:23:41] Read data (COM4)	
    50 00 81 44 08 00 00 00 01 14 1a 02 14 0c 11 19   P.ÅD............	
    c4 94 98 00 00 00 00 00 00 00 00 00 00 00 00 00   ƒîò.............	
    00 00 00 00 88                                    ....à           	
[20/02/2026 12:23:42] Written data (COM4)	
    50 00 81 64 00 00 00 00 00 00 00 00 00 00 00 00   P.Åd............	
    00 00 00 00 00 00 00 00 00 00 00 00 00 00 00 00   ................	
    00 00 00 00 35                                    ....5           	
[20/02/2026 12:23:42] Read data (COM4)	
    50 00 81 64 00 00 80 00 00 00 00 00 00 00 00 00   P.Åd..Ä.........	
    00 00 00 00 00 00 00 00 00 00 00 00 00 00 00 00   ................	
    00 00 00 00 b5                                    ....µ           	
[20/02/2026 12:23:42] Written data (COM4)	
    50 00 81 84 00 00 00 00 00 00 00 00 00 00 00 00   P.ÅÑ............	
    00 00 00 00 00 00 00 00 00 00 00 00 00 00 00 00   ................	
    00 00 00 00 55                                    ....U           	
[20/02/2026 12:23:42] Read data (COM4)	
    50 00 81 84 00 00 00 00 00 00 00 00 00 00 00 00   P.ÅÑ............	
    00 00 00 00 00 00 09 00 00 00 00 0b 04 00 00 00   ................	
    09 00 00 00 76                                    ....v           	
[20/02/2026 12:23:42] Written data (COM4)	
    50 00 81 95 00 00 00 00 00 00 00 00 00 00 00 00   P.Åï............	
    00 00 00 00 00 00 00 00 00 00 00 00 00 00 00 00   ................	
    00 00 00 00 66                                    ....f           	
[20/02/2026 12:23:42] Read data (COM4)	
    50 00 81 95 00 09 00 00 00 00 0b 04 00 00 00 09   P.Åï............	
    00 00 00 00 09 00 00 00 04 91 02 b5 01 91 02 8f   .........ë.µ.ë.è	
    02 8f 02 8f 21                                    .è.è!           	
[20/02/2026 12:23:42] Written data (COM4)	
    50 00 81 44 00 00 00 00 00 00 00 00 00 00 00 00   P.ÅD............	
    00 00 00 00 00 00 00 00 00 00 00 00 00 00 00 00   ................	
    00 00 00 00 15                                    .....           	
[20/02/2026 12:23:42] Read data (COM4)	
    50 00 81 44 08 00 00 00 01 14 1a 02 14 0c 11 19   P.ÅD............	
    c4 94 97 00 00 00 00 00 00 00 00 00 00 00 00 00   ƒîó.............	
    00 00 00 00 87                                    ....á           	
[20/02/2026 12:23:42] Written data (COM4)	
    50 00 81 64 00 00 00 00 00 00 00 00 00 00 00 00   P.Åd............	
    00 00 00 00 00 00 00 00 00 00 00 00 00 00 00 00   ................	
    00 00 00 00 35                                    ....5           	
[20/02/2026 12:23:42] Read data (COM4)	
    50 00 81 64 00 00 80 00 00 00 00 00 00 00 00 00   P.Åd..Ä.........	
    00 00 00 00 00 00 00 00 00 00 00 00 00 00 00 00   ................	
    00 00 00 00 b5                                    ....µ           	
[20/02/2026 12:23:43] Written data (COM4)	
    50 00 81 84 00 00 00 00 00 00 00 00 00 00 00 00   P.ÅÑ............	
    00 00 00 00 00 00 00 00 00 00 00 00 00 00 00 00   ................	
    00 00 00 00 55                                    ....U           	
[20/02/2026 12:23:43] Read data (COM4)	
    50 00 81 84 00 00 00 00 00 00 00 00 00 00 00 00   P.ÅÑ............	
    00 00 00 00 00 00 09 00 00 00 00 0b 04 00 00 00   ................	
    09 00 00 00 76                                    ....v           	
[20/02/2026 12:23:43] Written data (COM4)	
    50 00 81 95 00 00 00 00 00 00 00 00 00 00 00 00   P.Åï............	
    00 00 00 00 00 00 00 00 00 00 00 00 00 00 00 00   ................	
    00 00 00 00 66                                    ....f           	
[20/02/2026 12:23:43] Read data (COM4)	
    50 00 81 95 00 09 00 00 00 00 0b 04 00 00 00 09   P.Åï............	
    00 00 00 00 09 00 00 00 04 91 02 b5 01 91 02 8f   .........ë.µ.ë.è	
    02 8f 02 8f 21                                    .è.è!           	
[20/02/2026 12:23:43] Written data (COM4)	
    50 00 81 44 00 00 00 00 00 00 00 00 00 00 00 00   P.ÅD............	
    00 00 00 00 00 00 00 00 00 00 00 00 00 00 00 00   ................	
    00 00 00 00 15                                    .....           	
[20/02/2026 12:23:43] Read data (COM4)	
    50 00 81 44 08 00 00 00 01 14 1a 02 14 0c 11 1a   P.ÅD............	
    c4 94 97 00 00 00 00 00 00 00 00 00 00 00 00 00   ƒîó.............	
    00 00 00 00 88                                    ....à           	
[20/02/2026 12:23:43] Written data (COM4)	
    50 00 81 64 00 00 00 00 00 00 00 00 00 00 00 00   P.Åd............	
    00 00 00 00 00 00 00 00 00 00 00 00 00 00 00 00   ................	
    00 00 00 00 35                                    ....5           	
[20/02/2026 12:23:43] Read data (COM4)	
    50 00 81 64 00 00 80 00 00 00 00 00 00 00 00 00   P.Åd..Ä.........	
    00 00 00 00 00 00 00 00 00 00 00 00 00 00 00 00   ................	
    00 00 00 00 b5                                    ....µ           	
[20/02/2026 12:23:43] Written data (COM4)	
    50 00 81 84 00 00 00 00 00 00 00 00 00 00 00 00   P.ÅÑ............	
    00 00 00 00 00 00 00 00 00 00 00 00 00 00 00 00   ................	
    00 00 00 00 55                                    ....U           	
[20/02/2026 12:23:43] Read data (COM4)	
    50 00 81 84 00 00 00 00 00 00 00 00 00 00 00 00   P.ÅÑ............	
    00 00 00 00 00 00 09 00 00 00 00 0b 04 00 00 00   ................	
    09 00 00 00 76                                    ....v           	
[20/02/2026 12:23:44] Written data (COM4)	
    50 00 81 95 00 00 00 00 00 00 00 00 00 00 00 00   P.Åï............	
    00 00 00 00 00 00 00 00 00 00 00 00 00 00 00 00   ................	
    00 00 00 00 66                                    ....f           	
[20/02/2026 12:23:44] Read data (COM4)	
    50 00 81 95 00 09 00 00 00 00 0b 04 00 00 00 09   P.Åï............	
    00 00 00 00 09 00 00 00 04 91 02 b5 01 91 02 8f   .........ë.µ.ë.è	
    02 8f 02 8f 21                                    .è.è!           	
[20/02/2026 12:23:44] Written data (COM4)	
    50 00 81 44 00 00 00 00 00 00 00 00 00 00 00 00   P.ÅD............	
    00 00 00 00 00 00 00 00 00 00 00 00 00 00 00 00   ................	
    00 00 00 00 15                                    .....           	
[20/02/2026 12:23:44] Read data (COM4)	
    50 00 81 44 08 00 00 00 01 14 1a 02 14 0c 11 1b   P.ÅD............	
    c4 94 98 00 00 00 00 00 00 00 00 00 00 00 00 00   ƒîò.............	
    00 00 00 00 8a                                    ....ä           	
[20/02/2026 12:23:44] Written data (COM4)	
    50 00 81 64 00 00 00 00 00 00 00 00 00 00 00 00   P.Åd............	
    00 00 00 00 00 00 00 00 00 00 00 00 00 00 00 00   ................	
    00 00 00 00 35                                    ....5           	
[20/02/2026 12:23:44] Read data (COM4)	
    50 00 81 64 00 00 80 00 00 00 00 00 00 00 00 00   P.Åd..Ä.........	
    00 00 00 00 00 00 00 00 00 00 00 00 00 00 00 00   ................	
    00 00 00 00 b5                                    ....µ           	
[20/02/2026 12:23:44] Written data (COM4)	
    50 00 81 84 00 00 00 00 00 00 00 00 00 00 00 00   P.ÅÑ............	
    00 00 00 00 00 00 00 00 00 00 00 00 00 00 00 00   ................	
    00 00 00 00 55                                    ....U           	
[20/02/2026 12:23:44] Read data (COM4)	
    50 00 81 84 00 00 00 00 00 00 00 00 00 00 00 00   P.ÅÑ............	
    00 00 00 00 00 00 09 00 00 00 00 0b 04 00 00 00   ................	
    09 00 00 00 76                                    ....v           	
[20/02/2026 12:23:44] Written data (COM4)	
    50 00 81 95 00 00 00 00 00 00 00 00 00 00 00 00   P.Åï............	
    00 00 00 00 00 00 00 00 00 00 00 00 00 00 00 00   ................	
    00 00 00 00 66                                    ....f           	
[20/02/2026 12:23:45] Read data (COM4)	
    50 00 81 95 00 09 00 00 00 00 0b 04 00 00 00 09   P.Åï............	
    00 00 00 00 09 00 00 00 04 91 02 b5 01 91 02 8f   .........ë.µ.ë.è	
    02 8f 02 8f 21                                    .è.è!           	
[20/02/2026 12:23:45] Written data (COM4)	
    50 00 81 44 00 00 00 00 00 00 00 00 00 00 00 00   P.ÅD............	
    00 00 00 00 00 00 00 00 00 00 00 00 00 00 00 00   ................	
    00 00 00 00 15                                    .....           	
[20/02/2026 12:23:45] Read data (COM4)	
    50 00 81 44 08 00 00 00 01 14 1a 02 14 0c 11 1c   P.ÅD............	
    c4 94 98 00 00 00 00 00 00 00 00 00 00 00 00 00   ƒîò.............	
    00 00 00 00 8b                                    ....ã           	
[20/02/2026 12:23:45] Written data (COM4)	
    50 00 81 64 00 00 00 00 00 00 00 00 00 00 00 00   P.Åd............	
    00 00 00 00 00 00 00 00 00 00 00 00 00 00 00 00   ................	
    00 00 00 00 35                                    ....5           	
[20/02/2026 12:23:45] Read data (COM4)	
    50 00 81 64 00 00 80 00 00 00 00 00 00 00 00 00   P.Åd..Ä.........	
    00 00 00 00 00 00 00 00 00 00 00 00 00 00 00 00   ................	
    00 00 00 00 b5                                    ....µ           	
[20/02/2026 12:23:45] Written data (COM4)	
    50 00 81 84 00 00 00 00 00 00 00 00 00 00 00 00   P.ÅÑ............	
    00 00 00 00 00 00 00 00 00 00 00 00 00 00 00 00   ................	
    00 00 00 00 55                                    ....U           	
[20/02/2026 12:23:45] Read data (COM4)	
    50 00 81 84 00 00 00 00 00 00 00 00 00 00 00 00   P.ÅÑ............	
    00 00 00 00 00 00 09 00 00 00 00 0b 04 00 00 00   ................	
    09 00 00 00 76                                    ....v           	
[20/02/2026 12:23:45] Written data (COM4)	
    50 00 81 95 00 00 00 00 00 00 00 00 00 00 00 00   P.Åï............	
    00 00 00 00 00 00 00 00 00 00 00 00 00 00 00 00   ................	
    00 00 00 00 66                                    ....f           	
[20/02/2026 12:23:45] Read data (COM4)	
    50 00 81 95 00 09 00 00 00 00 0b 04 00 00 00 09   P.Åï............	
    00 00 00 00 09 00 00 00 04 91 02 b5 01 91 02 8f   .........ë.µ.ë.è	
    02 8f 02 8f 21                                    .è.è!           	
[20/02/2026 12:23:46] Written data (COM4)	
    50 00 81 44 00 00 00 00 00 00 00 00 00 00 00 00   P.ÅD............	
    00 00 00 00 00 00 00 00 00 00 00 00 00 00 00 00   ................	
    00 00 00 00 15                                    .....           	
[20/02/2026 12:23:46] Read data (COM4)	
    50 00 81 44 08 00 00 00 01 14 1a 02 14 0c 11 1d   P.ÅD............	
    c4 94 98 00 00 00 00 00 00 00 00 00 00 00 00 00   ƒîò.............	
    00 00 00 00 8c                                    ....å           	
[20/02/2026 12:23:46] Written data (COM4)	
    50 00 81 64 00 00 00 00 00 00 00 00 00 00 00 00   P.Åd............	
    00 00 00 00 00 00 00 00 00 00 00 00 00 00 00 00   ................	
    00 00 00 00 35                                    ....5           	
[20/02/2026 12:23:46] Read data (COM4)	
    50 00 81 64 00 00 80 00 00 00 00 00 00 00 00 00   P.Åd..Ä.........	
    00 00 00 00 00 00 00 00 00 00 00 00 00 00 00 00   ................	
    00 00 00 00 b5                                    ....µ           	
[20/02/2026 12:23:46] Written data (COM4)	
    50 00 81 84 00 00 00 00 00 00 00 00 00 00 00 00   P.ÅÑ............	
    00 00 00 00 00 00 00 00 00 00 00 00 00 00 00 00   ................	
    00 00 00 00 55                                    ....U           	
[20/02/2026 12:23:46] Read data (COM4)	
    50 00 81 84 00 00 00 00 00 00 00 00 00 00 00 00   P.ÅÑ............	
    00 00 00 00 00 00 09 00 00 00 00 0b 04 00 00 00   ................	
    09 00 00 00 76                                    ....v           	
[20/02/2026 12:23:46] Written data (COM4)	
    50 00 81 95 00 00 00 00 00 00 00 00 00 00 00 00   P.Åï............	
    00 00 00 00 00 00 00 00 00 00 00 00 00 00 00 00   ................	
    00 00 00 00 66                                    ....f           	
[20/02/2026 12:23:46] Read data (COM4)	
    50 00 81 95 00 09 00 00 00 00 0b 04 00 00 00 09   P.Åï............	
    00 00 00 00 09 00 00 00 04 91 02 b5 01 91 02 8f   .........ë.µ.ë.è	
    02 8f 02 8f 21                                    .è.è!           	
[20/02/2026 12:23:46] Written data (COM4)	
    50 00 81 44 00 00 00 00 00 00 00 00 00 00 00 00   P.ÅD............	
    00 00 00 00 00 00 00 00 00 00 00 00 00 00 00 00   ................	
    00 00 00 00 15                                    .....           	
[20/02/2026 12:23:46] Read data (COM4)	
    50 00 81 44 08 00 00 00 01 14 1a 02 14 0c 11 1e   P.ÅD............	
    c4 94 98 00 00 00 00 00 00 00 00 00 00 00 00 00   ƒîò.............	
    00 00 00 00 8d                                    ....ç           	
[20/02/2026 12:23:47] Written data (COM4)	
    50 00 81 64 00 00 00 00 00 00 00 00 00 00 00 00   P.Åd............	
    00 00 00 00 00 00 00 00 00 00 00 00 00 00 00 00   ................	
    00 00 00 00 35                                    ....5           	
[20/02/2026 12:23:47] Read data (COM4)	
    50 00 81 64 00 00 80 00 00 00 00 00 00 00 00 00   P.Åd..Ä.........	
    00 00 00 00 00 00 00 00 00 00 00 00 00 00 00 00   ................	
    00 00 00 00 b5                                    ....µ           	
[20/02/2026 12:23:47] Written data (COM4)	
    50 00 81 84 00 00 00 00 00 00 00 00 00 00 00 00   P.ÅÑ............	
    00 00 00 00 00 00 00 00 00 00 00 00 00 00 00 00   ................	
    00 00 00 00 55                                    ....U           	
[20/02/2026 12:23:47] Read data (COM4)	
    50 00 81 84 00 00 00 00 00 00 00 00 00 00 00 00   P.ÅÑ............	
    00 00 00 00 00 00 09 00 00 00 00 0b 04 00 00 00   ................	
    09 00 00 00 76                                    ....v           	
[20/02/2026 12:23:47] Written data (COM4)	
    50 00 81 95 00 00 00 00 00 00 00 00 00 00 00 00   P.Åï............	
    00 00 00 00 00 00 00 00 00 00 00 00 00 00 00 00   ................	
    00 00 00 00 66                                    ....f           	
[20/02/2026 12:23:47] Read data (COM4)	
    50 00 81 95 00 09 00 00 00 00 0b 04 00 00 00 09   P.Åï............	
    00 00 00 00 09 00 00 00 04 91 02 b5 01 91 02 8f   .........ë.µ.ë.è	
    02 8f 02 8f 21                                    .è.è!           	
[20/02/2026 12:23:47] Written data (COM4)	
    50 00 81 44 00 00 00 00 00 00 00 00 00 00 00 00   P.ÅD............	
    00 00 00 00 00 00 00 00 00 00 00 00 00 00 00 00   ................	
    00 00 00 00 15                                    .....           	
[20/02/2026 12:23:47] Read data (COM4)	
    50 00 81 44 08 00 00 00 01 14 1a 02 14 0c 11 1e   P.ÅD............	
    c4 94 97 00 00 00 00 00 00 00 00 00 00 00 00 00   ƒîó.............	
    00 00 00 00 8c                                    ....å           	
[20/02/2026 12:23:47] Written data (COM4)	
    50 00 81 64 00 00 00 00 00 00 00 00 00 00 00 00   P.Åd............	
    00 00 00 00 00 00 00 00 00 00 00 00 00 00 00 00   ................	
    00 00 00 00 35                                    ....5           	
[20/02/2026 12:23:47] Read data (COM4)	
    50 00 81 64 00 00 80 00 00 00 00 00 00 00 00 00   P.Åd..Ä.........	
    00 00 00 00 00 00 00 00 00 00 00 00 00 00 00 00   ................	
    00 00 00 00 b5                                    ....µ           	
[20/02/2026 12:23:48] Written data (COM4)	
    50 00 81 84 00 00 00 00 00 00 00 00 00 00 00 00   P.ÅÑ............	
    00 00 00 00 00 00 00 00 00 00 00 00 00 00 00 00   ................	
    00 00 00 00 55                                    ....U           	
[20/02/2026 12:23:48] Read data (COM4)	
    50 00 81 84 00 00 00 00 00 00 00 00 00 00 00 00   P.ÅÑ............	
    00 00 00 00 00 00 09 00 00 00 00 0b 04 00 00 00   ................	
    09 00 00 00 76                                    ....v           	
[20/02/2026 12:23:48] Written data (COM4)	
    50 00 81 95 00 00 00 00 00 00 00 00 00 00 00 00   P.Åï............	
    00 00 00 00 00 00 00 00 00 00 00 00 00 00 00 00   ................	
    00 00 00 00 66                                    ....f           	
[20/02/2026 12:23:48] Read data (COM4)	
    50 00 81 95 00 09 00 00 00 00 0b 04 00 00 00 09   P.Åï............	
    00 00 00 00 09 00 00 00 04 91 02 b5 01 91 02 8f   .........ë.µ.ë.è	
    02 8f 02 8f 21                                    .è.è!           	
[20/02/2026 12:23:48] Written data (COM4)	
    50 00 81 44 00 00 00 00 00 00 00 00 00 00 00 00   P.ÅD............	
    00 00 00 00 00 00 00 00 00 00 00 00 00 00 00 00   ................	
    00 00 00 00 15                                    .....           	
[20/02/2026 12:23:48] Read data (COM4)	
    50 00 81 44 08 00 00 00 01 14 1a 02 14 0c 11 1f   P.ÅD............	
    c4 94 98 00 00 00 00 00 00 00 00 00 00 00 00 00   ƒîò.............	
    00 00 00 00 8e                                    ....é           	
[20/02/2026 12:23:48] Written data (COM4)	
    50 00 81 64 00 00 00 00 00 00 00 00 00 00 00 00   P.Åd............	
    00 00 00 00 00 00 00 00 00 00 00 00 00 00 00 00   ................	
    00 00 00 00 35                                    ....5           	
[20/02/2026 12:23:48] Read data (COM4)	
    50 00 81 64 00 00 80 00 00 00 00 00 00 00 00 00   P.Åd..Ä.........	
    00 00 00 00 00 00 00 00 00 00 00 00 00 00 00 00   ................	
    00 00 00 00 b5                                    ....µ           	
[20/02/2026 12:23:48] Written data (COM4)	
    50 00 81 84 00 00 00 00 00 00 00 00 00 00 00 00   P.ÅÑ............	
    00 00 00 00 00 00 00 00 00 00 00 00 00 00 00 00   ................	
    00 00 00 00 55                                    ....U           	
[20/02/2026 12:23:48] Read data (COM4)	
    50 00 81 84 00 00 00 00 00 00 00 00 00 00 00 00   P.ÅÑ............	
    00 00 00 00 00 00 09 00 00 00 00 0b 04 00 00 00   ................	
    09 00 00 00 76                                    ....v           	
[20/02/2026 12:23:49] Written data (COM4)	
    50 00 81 95 00 00 00 00 00 00 00 00 00 00 00 00   P.Åï............	
    00 00 00 00 00 00 00 00 00 00 00 00 00 00 00 00   ................	
    00 00 00 00 66                                    ....f           	
[20/02/2026 12:23:49] Read data (COM4)	
    50 00 81 95 00 09 00 00 00 00 0b 04 00 00 00 09   P.Åï............	
    00 00 00 00 09 00 00 00 04 91 02 b5 01 91 02 8f   .........ë.µ.ë.è	
    02 8f 02 8f 21                                    .è.è!           	
[20/02/2026 12:23:49] Written data (COM4)	
    50 00 81 44 00 00 00 00 00 00 00 00 00 00 00 00   P.ÅD............	
    00 00 00 00 00 00 00 00 00 00 00 00 00 00 00 00   ................	
    00 00 00 00 15                                    .....           	
[20/02/2026 12:23:49] Read data (COM4)	
    50 00 81 44 08 00 00 00 01 14 1a 02 14 0c 11 20   P.ÅD........... 	
    c4 94 98 00 00 00 00 00 00 00 00 00 00 00 00 00   ƒîò.............	
    00 00 00 00 8f                                    ....è           	
[20/02/2026 12:23:49] Written data (COM4)	
    50 00 81 64 00 00 00 00 00 00 00 00 00 00 00 00   P.Åd............	
    00 00 00 00 00 00 00 00 00 00 00 00 00 00 00 00   ................	
    00 00 00 00 35                                    ....5           	
[20/02/2026 12:23:49] Read data (COM4)	
    50 00 81 64 00 00 80 00 00 00 00 00 00 00 00 00   P.Åd..Ä.........	
    00 00 00 00 00 00 00 00 00 00 00 00 00 00 00 00   ................	
    00 00 00 00 b5                                    ....µ           	
[20/02/2026 12:23:49] Written data (COM4)	
    50 00 81 84 00 00 00 00 00 00 00 00 00 00 00 00   P.ÅÑ............	
    00 00 00 00 00 00 00 00 00 00 00 00 00 00 00 00   ................	
    00 00 00 00 55                                    ....U           	
[20/02/2026 12:23:49] Read data (COM4)	
    50 00 81 84 00 00 00 00 00 00 00 00 00 00 00 00   P.ÅÑ............	
    00 00 00 00 00 00 09 00 00 00 00 0b 04 00 00 00   ................	
    09 00 00 00 76                                    ....v           	
[20/02/2026 12:23:49] Written data (COM4)	
    50 00 81 95 00 00 00 00 00 00 00 00 00 00 00 00   P.Åï............	
    00 00 00 00 00 00 00 00 00 00 00 00 00 00 00 00   ................	
    00 00 00 00 66                                    ....f           	
[20/02/2026 12:23:49] Read data (COM4)	
    50 00 81 95 00 09 00 00 00 00 0b 04 00 00 00 09   P.Åï............	
    00 00 00 00 09 00 00 00 04 91 02 b5 01 91 02 8f   .........ë.µ.ë.è	
    02 8f 02 8f 21                                    .è.è!           	
[20/02/2026 12:23:50] Written data (COM4)	
    50 00 81 44 00 00 00 00 00 00 00 00 00 00 00 00   P.ÅD............	
    00 00 00 00 00 00 00 00 00 00 00 00 00 00 00 00   ................	
    00 00 00 00 15                                    .....           	
[20/02/2026 12:23:50] Read data (COM4)	
    50 00 81 44 08 00 00 00 01 14 1a 02 14 0c 11 21   P.ÅD...........!	
    c4 94 97 00 00 00 00 00 00 00 00 00 00 00 00 00   ƒîó.............	
    00 00 00 00 8f                                    ....è           	
[20/02/2026 12:23:50] Written data (COM4)	
    50 00 81 64 00 00 00 00 00 00 00 00 00 00 00 00   P.Åd............	
    00 00 00 00 00 00 00 00 00 00 00 00 00 00 00 00   ................	
    00 00 00 00 35                                    ....5           	
[20/02/2026 12:23:50] Read data (COM4)	
    50 00 81 64 00 00 80 00 00 00 00 00 00 00 00 00   P.Åd..Ä.........	
    00 00 00 00 00 00 00 00 00 00 00 00 00 00 00 00   ................	
    00 00 00 00 b5                                    ....µ           	
[20/02/2026 12:23:50] Written data (COM4)	
    50 00 81 84 00 00 00 00 00 00 00 00 00 00 00 00   P.ÅÑ............	
    00 00 00 00 00 00 00 00 00 00 00 00 00 00 00 00   ................	
    00 00 00 00 55                                    ....U           	
[20/02/2026 12:23:50] Read data (COM4)	
    50 00 81 84 00 00 00 00 00 00 00 00 00 00 00 00   P.ÅÑ............	
    00 00 00 00 00 00 09 00 00 00 00 0b 04 00 00 00   ................	
    09 00 00 00 76                                    ....v           	
[20/02/2026 12:23:50] Written data (COM4)	
    50 00 81 95 00 00 00 00 00 00 00 00 00 00 00 00   P.Åï............	
    00 00 00 00 00 00 00 00 00 00 00 00 00 00 00 00   ................	
    00 00 00 00 66                                    ....f           	
[20/02/2026 12:23:50] Read data (COM4)	
    50 00 81 95 00 09 00 00 00 00 0b 04 00 00 00 09   P.Åï............	
    00 00 00 00 09 00 00 00 04 91 02 b5 01 91 02 8f   .........ë.µ.ë.è	
    02 8f 02 8f 21                                    .è.è!           	
[20/02/2026 12:23:50] Written data (COM4)	
    50 00 81 44 00 00 00 00 00 00 00 00 00 00 00 00   P.ÅD............	
    00 00 00 00 00 00 00 00 00 00 00 00 00 00 00 00   ................	
    00 00 00 00 15                                    .....           	
[20/02/2026 12:23:50] Read data (COM4)	
    50 00 81 44 08 00 00 00 01 14 1a 02 14 0c 11 22   P.ÅD..........."	
    c4 94 98 00 00 00 00 00 00 00 00 00 00 00 00 00   ƒîò.............	
    00 00 00 00 91                                    ....ë           	
[20/02/2026 12:23:51] Written data (COM4)	
    50 00 81 64 00 00 00 00 00 00 00 00 00 00 00 00   P.Åd............	
    00 00 00 00 00 00 00 00 00 00 00 00 00 00 00 00   ................	
    00 00 00 00 35                                    ....5           	
[20/02/2026 12:23:51] Read data (COM4)	
    50 00 81 64 00 00 80 00 00 00 00 00 00 00 00 00   P.Åd..Ä.........	
    00 00 00 00 00 00 00 00 00 00 00 00 00 00 00 00   ................	
    00 00 00 00 b5                                    ....µ           	
[20/02/2026 12:23:51] Written data (COM4)	
    50 00 81 84 00 00 00 00 00 00 00 00 00 00 00 00   P.ÅÑ............	
    00 00 00 00 00 00 00 00 00 00 00 00 00 00 00 00   ................	
    00 00 00 00 55                                    ....U           	
[20/02/2026 12:23:51] Read data (COM4)	
    50 00 81 84 00 00 00 00 00 00 00 00 00 00 00 00   P.ÅÑ............	
    00 00 00 00 00 00 09 00 00 00 00 0b 04 00 00 00   ................	
    09 00 00 00 76                                    ....v           	
[20/02/2026 12:23:51] Written data (COM4)	
    50 00 81 95 00 00 00 00 00 00 00 00 00 00 00 00   P.Åï............	
    00 00 00 00 00 00 00 00 00 00 00 00 00 00 00 00   ................	
    00 00 00 00 66                                    ....f           	
[20/02/2026 12:23:51] Read data (COM4)	
    50 00 81 95 00 09 00 00 00 00 0b 04 00 00 00 09   P.Åï............	
    00 00 00 00 09 00 00 00 04 91 02 b5 01 91 02 8f   .........ë.µ.ë.è	
    02 8f 02 8f 21                                    .è.è!           	
[20/02/2026 12:23:51] Written data (COM4)	
    50 00 81 44 00 00 00 00 00 00 00 00 00 00 00 00   P.ÅD............	
    00 00 00 00 00 00 00 00 00 00 00 00 00 00 00 00   ................	
    00 00 00 00 15                                    .....           	
[20/02/2026 12:23:51] Read data (COM4)	
    50 00 81 44 08 00 00 00 01 14 1a 02 14 0c 11 22   P.ÅD..........."	
    c4 94 98 00 00 00 00 00 00 00 00 00 00 00 00 00   ƒîò.............	
    00 00 00 00 91                                    ....ë           	
[20/02/2026 12:23:51] Written data (COM4)	
    50 00 81 64 00 00 00 00 00 00 00 00 00 00 00 00   P.Åd............	
    00 00 00 00 00 00 00 00 00 00 00 00 00 00 00 00   ................	
    00 00 00 00 35                                    ....5           	
[20/02/2026 12:23:51] Read data (COM4)	
    50 00 81 64 00 00 80 00 00 00 00 00 00 00 00 00   P.Åd..Ä.........	
    00 00 00 00 00 00 00 00 00 00 00 00 00 00 00 00   ................	
    00 00 00 00 b5                                    ....µ           	
[20/02/2026 12:23:52] Written data (COM4)	
    50 00 81 84 00 00 00 00 00 00 00 00 00 00 00 00   P.ÅÑ............	
    00 00 00 00 00 00 00 00 00 00 00 00 00 00 00 00   ................	
    00 00 00 00 55                                    ....U           	
[20/02/2026 12:23:52] Read data (COM4)	
    50 00 81 84 00 00 00 00 00 00 00 00 00 00 00 00   P.ÅÑ............	
    00 00 00 00 00 00 09 00 00 00 00 0b 04 00 00 00   ................	
    09 00 00 00 76                                    ....v           	
[20/02/2026 12:23:52] Written data (COM4)	
    50 00 81 95 00 00 00 00 00 00 00 00 00 00 00 00   P.Åï............	
    00 00 00 00 00 00 00 00 00 00 00 00 00 00 00 00   ................	
    00 00 00 00 66                                    ....f           	
[20/02/2026 12:23:52] Read data (COM4)	
    50 00 81 95 00 09 00 00 00 00 0b 04 00 00 00 09   P.Åï............	
    00 00 00 00 09 00 00 00 04 91 02 b5 01 91 02 8f   .........ë.µ.ë.è	
    02 8f 02 8f 21                                    .è.è!           	
[20/02/2026 12:23:52] Written data (COM4)	
    50 00 81 44 00 00 00 00 00 00 00 00 00 00 00 00   P.ÅD............	
    00 00 00 00 00 00 00 00 00 00 00 00 00 00 00 00   ................	
    00 00 00 00 15                                    .....           	
[20/02/2026 12:23:52] Read data (COM4)	
    50 00 81 44 08 00 00 00 01 14 1a 02 14 0c 11 23   P.ÅD...........#	
    c4 94 98 00 00 00 00 00 00 00 00 00 00 00 00 00   ƒîò.............	
    00 00 00 00 92                                    ....í           	
[20/02/2026 12:23:52] Written data (COM4)	
    50 00 81 64 00 00 00 00 00 00 00 00 00 00 00 00   P.Åd............	
    00 00 00 00 00 00 00 00 00 00 00 00 00 00 00 00   ................	
    00 00 00 00 35                                    ....5           	
[20/02/2026 12:23:52] Read data (COM4)	
    50 00 81 64 00 00 80 00 00 00 00 00 00 00 00 00   P.Åd..Ä.........	
    00 00 00 00 00 00 00 00 00 00 00 00 00 00 00 00   ................	
    00 00 00 00 b5                                    ....µ           	
[20/02/2026 12:23:53] Written data (COM4)	
    50 00 81 84 00 00 00 00 00 00 00 00 00 00 00 00   P.ÅÑ............	
    00 00 00 00 00 00 00 00 00 00 00 00 00 00 00 00   ................	
    00 00 00 00 55                                    ....U           	
[20/02/2026 12:23:53] Read data (COM4)	
    50 00 81 84 00 00 00 00 00 00 00 00 00 00 00 00   P.ÅÑ............	
    00 00 00 00 00 00 09 00 00 00 00 0b 04 00 00 00   ................	
    09 00 00 00 76                                    ....v           	
[20/02/2026 12:23:53] Written data (COM4)	
    50 00 81 95 00 00 00 00 00 00 00 00 00 00 00 00   P.Åï............	
    00 00 00 00 00 00 00 00 00 00 00 00 00 00 00 00   ................	
    00 00 00 00 66                                    ....f           	
[20/02/2026 12:23:53] Read data (COM4)	
    50 00 81 95 00 09 00 00 00 00 0b 04 00 00 00 09   P.Åï............	
    00 00 00 00 09 00 00 00 04 91 02 b5 01 91 02 8f   .........ë.µ.ë.è	
    02 8f 02 8f 21                                    .è.è!           	
[20/02/2026 12:23:53] Written data (COM4)	
    50 00 81 44 00 00 00 00 00 00 00 00 00 00 00 00   P.ÅD............	
    00 00 00 00 00 00 00 00 00 00 00 00 00 00 00 00   ................	
    00 00 00 00 15                                    .....           	
[20/02/2026 12:23:53] Read data (COM4)	
    50 00 81 44 08 00 00 00 01 14 1a 02 14 0c 11 24   P.ÅD...........$	
    c4 94 98 00 00 00 00 00 00 00 00 00 00 00 00 00   ƒîò.............	
    00 00 00 00 93                                    ....ì           	
[20/02/2026 12:23:53] Written data (COM4)	
    50 00 81 64 00 00 00 00 00 00 00 00 00 00 00 00   P.Åd............	
    00 00 00 00 00 00 00 00 00 00 00 00 00 00 00 00   ................	
    00 00 00 00 35                                    ....5           	
[20/02/2026 12:23:53] Read data (COM4)	
    50 00 81 64 00 00 80 00 00 00 00 00 00 00 00 00   P.Åd..Ä.........	
    00 00 00 00 00 00 00 00 00 00 00 00 00 00 00 00   ................	
    00 00 00 00 b5                                    ....µ           	
[20/02/2026 12:23:53] Written data (COM4)	
    50 00 81 84 00 00 00 00 00 00 00 00 00 00 00 00   P.ÅÑ............	
    00 00 00 00 00 00 00 00 00 00 00 00 00 00 00 00   ................	
    00 00 00 00 55                                    ....U           	
[20/02/2026 12:23:53] Read data (COM4)	
    50 00 81 84 00 00 00 00 00 00 00 00 00 00 00 00   P.ÅÑ............	
    00 00 00 00 00 00 09 00 00 00 00 0b 04 00 00 00   ................	
    09 00 00 00 76                                    ....v           	
[20/02/2026 12:23:54] Written data (COM4)	
    50 00 81 95 00 00 00 00 00 00 00 00 00 00 00 00   P.Åï............	
    00 00 00 00 00 00 00 00 00 00 00 00 00 00 00 00   ................	
    00 00 00 00 66                                    ....f           	
[20/02/2026 12:23:54] Read data (COM4)	
    50 00 81 95 00 09 00 00 00 00 0b 04 00 00 00 09   P.Åï............	
    00 00 00 00 09 00 00 00 04 91 02 b5 01 91 02 8f   .........ë.µ.ë.è	
    02 8f 02 8f 21                                    .è.è!           	
[20/02/2026 12:23:54] Written data (COM4)	
    50 00 81 44 00 00 00 00 00 00 00 00 00 00 00 00   P.ÅD............	
    00 00 00 00 00 00 00 00 00 00 00 00 00 00 00 00   ................	
    00 00 00 00 15                                    .....           	
[20/02/2026 12:23:54] Read data (COM4)	
    50 00 81 44 08 00 00 00 01 14 1a 02 14 0c 11 25   P.ÅD...........%	
    c4 94 97 00 00 00 00 00 00 00 00 00 00 00 00 00   ƒîó.............	
    00 00 00 00 93                                    ....ì           	
[20/02/2026 12:23:54] Written data (COM4)	
    50 00 81 64 00 00 00 00 00 00 00 00 00 00 00 00   P.Åd............	
    00 00 00 00 00 00 00 00 00 00 00 00 00 00 00 00   ................	
    00 00 00 00 35                                    ....5           	
[20/02/2026 12:23:54] Read data (COM4)	
    50 00 81 64 00 00 80 00 00 00 00 00 00 00 00 00   P.Åd..Ä.........	
    00 00 00 00 00 00 00 00 00 00 00 00 00 00 00 00   ................	
    00 00 00 00 b5                                    ....µ           	
[20/02/2026 12:23:54] Written data (COM4)	
    50 00 81 84 00 00 00 00 00 00 00 00 00 00 00 00   P.ÅÑ............	
    00 00 00 00 00 00 00 00 00 00 00 00 00 00 00 00   ................	
    00 00 00 00 55                                    ....U           	
[20/02/2026 12:23:54] Read data (COM4)	
    50 00 81 84 00 00 00 00 00 00 00 00 00 00 00 00   P.ÅÑ............	
    00 00 00 00 00 00 09 00 00 00 00 0b 04 00 00 00   ................	
    09 00 00 00 76                                    ....v           	
[20/02/2026 12:23:54] Written data (COM4)	
    50 00 81 95 00 00 00 00 00 00 00 00 00 00 00 00   P.Åï............	
    00 00 00 00 00 00 00 00 00 00 00 00 00 00 00 00   ................	
    00 00 00 00 66                                    ....f           	
[20/02/2026 12:23:54] Read data (COM4)	
    50 00 81 95 00 09 00 00 00 00 0b 04 00 00 00 09   P.Åï............	
    00 00 00 00 09 00 00 00 04 91 02 b5 01 91 02 8f   .........ë.µ.ë.è	
    02 8f 02 8f 21                                    .è.è!           	
[20/02/2026 12:23:55] Written data (COM4)	
    50 00 81 44 00 00 00 00 00 00 00 00 00 00 00 00   P.ÅD............	
    00 00 00 00 00 00 00 00 00 00 00 00 00 00 00 00   ................	
    00 00 00 00 15                                    .....           	
[20/02/2026 12:23:55] Read data (COM4)	
    50 00 81 44 08 00 00 00 01 14 1a 02 14 0c 11 26   P.ÅD...........&	
    c4 94 98 00 00 00 00 00 00 00 00 00 00 00 00 00   ƒîò.............	
    00 00 00 00 95                                    ....ï           	
[20/02/2026 12:23:55] Written data (COM4)	
    50 00 81 64 00 00 00 00 00 00 00 00 00 00 00 00   P.Åd............	
    00 00 00 00 00 00 00 00 00 00 00 00 00 00 00 00   ................	
    00 00 00 00 35                                    ....5           	
[20/02/2026 12:23:55] Read data (COM4)	
    50 00 81 64 00 00 80 00 00 00 00 00 00 00 00 00   P.Åd..Ä.........	
    00 00 00 00 00 00 00 00 00 00 00 00 00 00 00 00   ................	
    00 00 00 00 b5                                    ....µ           	
[20/02/2026 12:23:55] Written data (COM4)	
    50 00 81 84 00 00 00 00 00 00 00 00 00 00 00 00   P.ÅÑ............	
    00 00 00 00 00 00 00 00 00 00 00 00 00 00 00 00   ................	
    00 00 00 00 55                                    ....U           	
[20/02/2026 12:23:55] Read data (COM4)	
    50 00 81 84 00 00 00 00 00 00 00 00 00 00 00 00   P.ÅÑ............	
    00 00 00 00 00 00 09 00 00 00 00 0b 04 00 00 00   ................	
    09 00 00 00 76                                    ....v           	
[20/02/2026 12:23:55] Written data (COM4)	
    50 00 81 95 00 00 00 00 00 00 00 00 00 00 00 00   P.Åï............	
    00 00 00 00 00 00 00 00 00 00 00 00 00 00 00 00   ................	
    00 00 00 00 66                                    ....f           	
[20/02/2026 12:23:55] Read data (COM4)	
    50 00 81 95 00 09 00 00 00 00 0b 04 00 00 00 09   P.Åï............	
    00 00 00 00 09 00 00 00 04 91 02 b5 01 91 02 8f   .........ë.µ.ë.è	
    02 8f 02 8f 21                                    .è.è!           	
[20/02/2026 12:23:55] Written data (COM4)	
    50 00 81 44 00 00 00 00 00 00 00 00 00 00 00 00   P.ÅD............	
    00 00 00 00 00 00 00 00 00 00 00 00 00 00 00 00   ................	
    00 00 00 00 15                                    .....           	
[20/02/2026 12:23:55] Read data (COM4)	
    50 00 81 44 08 00 00 00 01 14 1a 02 14 0c 11 27   P.ÅD...........'	
    c4 94 98 00 00 00 00 00 00 00 00 00 00 00 00 00   ƒîò.............	
    00 00 00 00 96                                    ....ñ           	
[20/02/2026 12:23:56] Written data (COM4)	
    50 00 81 64 00 00 00 00 00 00 00 00 00 00 00 00   P.Åd............	
    00 00 00 00 00 00 00 00 00 00 00 00 00 00 00 00   ................	
    00 00 00 00 35                                    ....5           	
[20/02/2026 12:23:56] Read data (COM4)	
    50 00 81 64 00 00 80 00 00 00 00 00 00 00 00 00   P.Åd..Ä.........	
    00 00 00 00 00 00 00 00 00 00 00 00 00 00 00 00   ................	
    00 00 00 00 b5                                    ....µ           	
[20/02/2026 12:23:56] Written data (COM4)	
    50 00 81 84 00 00 00 00 00 00 00 00 00 00 00 00   P.ÅÑ............	
    00 00 00 00 00 00 00 00 00 00 00 00 00 00 00 00   ................	
    00 00 00 00 55                                    ....U           	
[20/02/2026 12:23:56] Read data (COM4)	
    50 00 81 84 00 00 00 00 00 00 00 00 00 00 00 00   P.ÅÑ............	
    00 00 00 00 00 00 09 00 00 00 00 0b 04 00 00 00   ................	
    09 00 00 00 76                                    ....v           	
[20/02/2026 12:23:56] Written data (COM4)	
    50 00 81 95 00 00 00 00 00 00 00 00 00 00 00 00   P.Åï............	
    00 00 00 00 00 00 00 00 00 00 00 00 00 00 00 00   ................	
    00 00 00 00 66                                    ....f           	
[20/02/2026 12:23:56] Read data (COM4)	
    50 00 81 95 00 09 00 00 00 00 0b 04 00 00 00 09   P.Åï............	
    00 00 00 00 09 00 00 00 04 91 02 b5 01 91 02 8f   .........ë.µ.ë.è	
    02 8f 02 8f 21                                    .è.è!           	
[20/02/2026 12:23:56] Written data (COM4)	
    50 00 81 44 00 00 00 00 00 00 00 00 00 00 00 00   P.ÅD............	
    00 00 00 00 00 00 00 00 00 00 00 00 00 00 00 00   ................	
    00 00 00 00 15                                    .....           	
[20/02/2026 12:23:56] Read data (COM4)	
    50 00 81 44 08 00 00 00 01 14 1a 02 14 0c 11 27   P.ÅD...........'	
    c4 94 98 00 00 00 00 00 00 00 00 00 00 00 00 00   ƒîò.............	
    00 00 00 00 96                                    ....ñ           	
[20/02/2026 12:23:56] Written data (COM4)	
    50 00 81 64 00 00 00 00 00 00 00 00 00 00 00 00   P.Åd............	
    00 00 00 00 00 00 00 00 00 00 00 00 00 00 00 00   ................	
    00 00 00 00 35                                    ....5           	
[20/02/2026 12:23:56] Read data (COM4)	
    50 00 81 64 00 00 80 00 00 00 00 00 00 00 00 00   P.Åd..Ä.........	
    00 00 00 00 00 00 00 00 00 00 00 00 00 00 00 00   ................	
    00 00 00 00 b5                                    ....µ           	
[20/02/2026 12:23:57] Written data (COM4)	
    50 00 81 84 00 00 00 00 00 00 00 00 00 00 00 00   P.ÅÑ............	
    00 00 00 00 00 00 00 00 00 00 00 00 00 00 00 00   ................	
    00 00 00 00 55                                    ....U           	
[20/02/2026 12:23:57] Read data (COM4)	
    50 00 81 84 00 00 00 00 00 00 00 00 00 00 00 00   P.ÅÑ............	
    00 00 00 00 00 00 09 00 00 00 00 0b 04 00 00 00   ................	
    09 00 00 00 76                                    ....v           	
[20/02/2026 12:23:57] Written data (COM4)	
    50 00 81 95 00 00 00 00 00 00 00 00 00 00 00 00   P.Åï............	
    00 00 00 00 00 00 00 00 00 00 00 00 00 00 00 00   ................	
    00 00 00 00 66                                    ....f           	
[20/02/2026 12:23:57] Read data (COM4)	
    50 00 81 95 00 09 00 00 00 00 0b 04 00 00 00 09   P.Åï............	
    00 00 00 00 09 00 00 00 04 91 02 b5 01 91 02 8f   .........ë.µ.ë.è	
    02 8f 02 8f 21                                    .è.è!           	
[20/02/2026 12:23:57] Written data (COM4)	
    50 00 81 44 00 00 00 00 00 00 00 00 00 00 00 00   P.ÅD............	
    00 00 00 00 00 00 00 00 00 00 00 00 00 00 00 00   ................	
    00 00 00 00 15                                    .....           	
[20/02/2026 12:23:57] Read data (COM4)	
    50 00 81 44 08 00 00 00 01 14 1a 02 14 0c 11 28   P.ÅD...........(	
    c4 94 98 00 00 00 00 00 00 00 00 00 00 00 00 00   ƒîò.............	
    00 00 00 00 97                                    ....ó           	
[20/02/2026 12:23:57] Written data (COM4)	
    50 00 81 64 00 00 00 00 00 00 00 00 00 00 00 00   P.Åd............	
    00 00 00 00 00 00 00 00 00 00 00 00 00 00 00 00   ................	
    00 00 00 00 35                                    ....5           	
[20/02/2026 12:23:57] Read data (COM4)	
    50 00 81 64 00 00 80 00 00 00 00 00 00 00 00 00   P.Åd..Ä.........	
    00 00 00 00 00 00 00 00 00 00 00 00 00 00 00 00   ................	
    00 00 00 00 b5                                    ....µ           	
[20/02/2026 12:23:57] Written data (COM4)	
    50 00 81 84 00 00 00 00 00 00 00 00 00 00 00 00   P.ÅÑ............	
    00 00 00 00 00 00 00 00 00 00 00 00 00 00 00 00   ................	
    00 00 00 00 55                                    ....U           	
[20/02/2026 12:23:58] Read data (COM4)	
    50 00 81 84 00 00 00 00 00 00 00 00 00 00 00 00   P.ÅÑ............	
    00 00 00 00 00 00 09 00 00 00 00 0b 04 00 00 00   ................	
    09 00 00 00 76                                    ....v           	
[20/02/2026 12:23:58] Written data (COM4)	
    50 00 81 95 00 00 00 00 00 00 00 00 00 00 00 00   P.Åï............	
    00 00 00 00 00 00 00 00 00 00 00 00 00 00 00 00   ................	
    00 00 00 00 66                                    ....f           	
[20/02/2026 12:23:58] Read data (COM4)	
    50 00 81 95 00 09 00 00 00 00 0b 04 00 00 00 09   P.Åï............	
    00 00 00 00 09 00 00 00 04 91 02 b5 01 91 02 8f   .........ë.µ.ë.è	
    02 8f 02 8f 21                                    .è.è!           	
[20/02/2026 12:23:58] Written data (COM4)	
    50 00 81 44 00 00 00 00 00 00 00 00 00 00 00 00   P.ÅD............	
    00 00 00 00 00 00 00 00 00 00 00 00 00 00 00 00   ................	
    00 00 00 00 15                                    .....           	
[20/02/2026 12:23:58] Read data (COM4)	
    50 00 81 44 08 00 00 00 01 14 1a 02 14 0c 11 29   P.ÅD...........)	
    c4 94 98 00 00 00 00 00 00 00 00 00 00 00 00 00   ƒîò.............	
    00 00 00 00 98                                    ....ò           	
[20/02/2026 12:23:58] Written data (COM4)	
    50 00 81 64 00 00 00 00 00 00 00 00 00 00 00 00   P.Åd............	
    00 00 00 00 00 00 00 00 00 00 00 00 00 00 00 00   ................	
    00 00 00 00 35                                    ....5           	
[20/02/2026 12:23:58] Read data (COM4)	
    50 00 81 64 00 00 80 00 00 00 00 00 00 00 00 00   P.Åd..Ä.........	
    00 00 00 00 00 00 00 00 00 00 00 00 00 00 00 00   ................	
    00 00 00 00 b5                                    ....µ           	
[20/02/2026 12:23:58] Written data (COM4)	
    50 00 81 84 00 00 00 00 00 00 00 00 00 00 00 00   P.ÅÑ............	
    00 00 00 00 00 00 00 00 00 00 00 00 00 00 00 00   ................	
    00 00 00 00 55                                    ....U           	
[20/02/2026 12:23:58] Read data (COM4)	
    50 00 81 84 00 00 00 00 00 00 00 00 00 00 00 00   P.ÅÑ............	
    00 00 00 00 00 00 09 00 00 00 00 0b 04 00 00 00   ................	
    09 00 00 00 76                                    ....v           	
[20/02/2026 12:23:59] Written data (COM4)	
    50 00 81 95 00 00 00 00 00 00 00 00 00 00 00 00   P.Åï............	
    00 00 00 00 00 00 00 00 00 00 00 00 00 00 00 00   ................	
    00 00 00 00 66                                    ....f           	
[20/02/2026 12:23:59] Read data (COM4)	
    50 00 81 95 00 09 00 00 00 00 0b 04 00 00 00 09   P.Åï............	
    00 00 00 00 09 00 00 00 04 91 02 b5 01 91 02 8f   .........ë.µ.ë.è	
    02 8f 02 8f 21                                    .è.è!           	
[20/02/2026 12:23:59] Written data (COM4)	
    50 00 81 44 00 00 00 00 00 00 00 00 00 00 00 00   P.ÅD............	
    00 00 00 00 00 00 00 00 00 00 00 00 00 00 00 00   ................	
    00 00 00 00 15                                    .....           	
[20/02/2026 12:23:59] Read data (COM4)	
    50 00 81 44 08 00 00 00 01 14 1a 02 14 0c 11 2a   P.ÅD...........*	
    c4 94 98 00 00 00 00 00 00 00 00 00 00 00 00 00   ƒîò.............	
    00 00 00 00 99                                    ....ô           	
[20/02/2026 12:23:59] Written data (COM4)	
    50 00 81 64 00 00 00 00 00 00 00 00 00 00 00 00   P.Åd............	
    00 00 00 00 00 00 00 00 00 00 00 00 00 00 00 00   ................	
    00 00 00 00 35                                    ....5           	
[20/02/2026 12:23:59] Read data (COM4)	
    50 00 81 64 00 00 80 00 00 00 00 00 00 00 00 00   P.Åd..Ä.........	
    00 00 00 00 00 00 00 00 00 00 00 00 00 00 00 00   ................	
    00 00 00 00 b5                                    ....µ           	
[20/02/2026 12:23:59] Written data (COM4)	
    50 00 81 84 00 00 00 00 00 00 00 00 00 00 00 00   P.ÅÑ............	
    00 00 00 00 00 00 00 00 00 00 00 00 00 00 00 00   ................	
    00 00 00 00 55                                    ....U           	
[20/02/2026 12:23:59] Read data (COM4)	
    50 00 81 84 00 00 00 00 00 00 00 00 00 00 00 00   P.ÅÑ............	
    00 00 00 00 00 00 09 00 00 00 00 0b 04 00 00 00   ................	
    09 00 00 00 76                                    ....v           	
[20/02/2026 12:23:59] Written data (COM4)	
    50 00 81 95 00 00 00 00 00 00 00 00 00 00 00 00   P.Åï............	
    00 00 00 00 00 00 00 00 00 00 00 00 00 00 00 00   ................	
    00 00 00 00 66                                    ....f           	
[20/02/2026 12:23:59] Read data (COM4)	
    50 00 81 95 00 09 00 00 00 00 0b 04 00 00 00 09   P.Åï............	
    00 00 00 00 09 00 00 00 04 91 02 b5 01 91 02 8f   .........ë.µ.ë.è	
    02 8f 02 8f 21                                    .è.è!           	
[20/02/2026 12:24:00] Written data (COM4)	
    50 00 81 44 00 00 00 00 00 00 00 00 00 00 00 00   P.ÅD............	
    00 00 00 00 00 00 00 00 00 00 00 00 00 00 00 00   ................	
    00 00 00 00 15                                    .....           	
[20/02/2026 12:24:00] Read data (COM4)	
    50 00 81 44 08 00 00 00 01 14 1a 02 14 0c 11 2b   P.ÅD...........+	
    c4 94 98 00 00 00 00 00 00 00 00 00 00 00 00 00   ƒîò.............	
    00 00 00 00 9a                                    ....ö           	
[20/02/2026 12:24:00] Written data (COM4)	
    50 00 81 64 00 00 00 00 00 00 00 00 00 00 00 00   P.Åd............	
    00 00 00 00 00 00 00 00 00 00 00 00 00 00 00 00   ................	
    00 00 00 00 35                                    ....5           	
[20/02/2026 12:24:00] Read data (COM4)	
    50 00 81 64 00 00 80 00 00 00 00 00 00 00 00 00   P.Åd..Ä.........	
    00 00 00 00 00 00 00 00 00 00 00 00 00 00 00 00   ................	
    00 00 00 00 b5                                    ....µ           	
[20/02/2026 12:24:00] Written data (COM4)	
    50 00 81 84 00 00 00 00 00 00 00 00 00 00 00 00   P.ÅÑ............	
    00 00 00 00 00 00 00 00 00 00 00 00 00 00 00 00   ................	
    00 00 00 00 55                                    ....U           	
[20/02/2026 12:24:00] Read data (COM4)	
    50 00 81 84 00 00 00 00 00 00 00 00 00 00 00 00   P.ÅÑ............	
    00 00 00 00 00 00 09 00 00 00 00 0b 04 00 00 00   ................	
    09 00 00 00 76                                    ....v           	
[20/02/2026 12:24:00] Written data (COM4)	
    50 00 81 95 00 00 00 00 00 00 00 00 00 00 00 00   P.Åï............	
    00 00 00 00 00 00 00 00 00 00 00 00 00 00 00 00   ................	
    00 00 00 00 66                                    ....f           	
[20/02/2026 12:24:00] Read data (COM4)	
    50 00 81 95 00 09 00 00 00 00 0b 04 00 00 00 09   P.Åï............	
    00 00 00 00 09 00 00 00 04 91 02 b5 01 91 02 8f   .........ë.µ.ë.è	
    02 8f 02 8f 21                                    .è.è!           	
[20/02/2026 12:24:00] Written data (COM4)	
    50 00 81 44 00 00 00 00 00 00 00 00 00 00 00 00   P.ÅD............	
    00 00 00 00 00 00 00 00 00 00 00 00 00 00 00 00   ................	
    00 00 00 00 15                                    .....           	
[20/02/2026 12:24:00] Read data (COM4)	
    50 00 81 44 08 00 00 00 01 14 1a 02 14 0c 11 2c   P.ÅD...........,	
    c4 94 98 00 00 00 00 00 00 00 00 00 00 00 00 00   ƒîò.............	
    00 00 00 00 9b                                    ....õ           	
[20/02/2026 12:24:01] Written data (COM4)	
    50 00 81 64 00 00 00 00 00 00 00 00 00 00 00 00   P.Åd............	
    00 00 00 00 00 00 00 00 00 00 00 00 00 00 00 00   ................	
    00 00 00 00 35                                    ....5           	
[20/02/2026 12:24:01] Read data (COM4)	
    50 00 81 64 00 00 80 00 00 00 00 00 00 00 00 00   P.Åd..Ä.........	
    00 00 00 00 00 00 00 00 00 00 00 00 00 00 00 00   ................	
    00 00 00 00 b5                                    ....µ           	
[20/02/2026 12:24:01] Written data (COM4)	
    50 00 81 84 00 00 00 00 00 00 00 00 00 00 00 00   P.ÅÑ............	
    00 00 00 00 00 00 00 00 00 00 00 00 00 00 00 00   ................	
    00 00 00 00 55                                    ....U           	
[20/02/2026 12:24:01] Read data (COM4)	
    50 00 81 84 00 00 00 00 00 00 00 00 00 00 00 00   P.ÅÑ............	
    00 00 00 00 00 00 09 00 00 00 00 0b 04 00 00 00   ................	
    09 00 00 00 76                                    ....v           	
[20/02/2026 12:24:01] Written data (COM4)	
    50 00 81 95 00 00 00 00 00 00 00 00 00 00 00 00   P.Åï............	
    00 00 00 00 00 00 00 00 00 00 00 00 00 00 00 00   ................	
    00 00 00 00 66                                    ....f           	
[20/02/2026 12:24:01] Read data (COM4)	
    50 00 81 95 00 09 00 00 00 00 0b 04 00 00 00 09   P.Åï............	
    00 00 00 00 09 00 00 00 04 91 02 b5 01 91 02 8f   .........ë.µ.ë.è	
    02 8f 02 8f 21                                    .è.è!           	
[20/02/2026 12:24:01] Written data (COM4)	
    50 00 81 44 00 00 00 00 00 00 00 00 00 00 00 00   P.ÅD............	
    00 00 00 00 00 00 00 00 00 00 00 00 00 00 00 00   ................	
    00 00 00 00 15                                    .....           	
[20/02/2026 12:24:01] Read data (COM4)	
    50 00 81 44 08 00 00 00 01 14 1a 02 14 0c 11 2c   P.ÅD...........,	
    c4 94 98 00 00 00 00 00 00 00 00 00 00 00 00 00   ƒîò.............	
    00 00 00 00 9b                                    ....õ           	
[20/02/2026 12:24:01] Written data (COM4)	
    50 00 81 64 00 00 00 00 00 00 00 00 00 00 00 00   P.Åd............	
    00 00 00 00 00 00 00 00 00 00 00 00 00 00 00 00   ................	
    00 00 00 00 35                                    ....5           	
[20/02/2026 12:24:01] Read data (COM4)	
    50 00 81 64 00 00 80 00 00 00 00 00 00 00 00 00   P.Åd..Ä.........	
    00 00 00 00 00 00 00 00 00 00 00 00 00 00 00 00   ................	
    00 00 00 00 b5                                    ....µ           	
[20/02/2026 12:24:02] Written data (COM4)	
    50 00 81 84 00 00 00 00 00 00 00 00 00 00 00 00   P.ÅÑ............	
    00 00 00 00 00 00 00 00 00 00 00 00 00 00 00 00   ................	
    00 00 00 00 55                                    ....U           	
[20/02/2026 12:24:02] Read data (COM4)	
    50 00 81 84 00 00 00 00 00 00 00 00 00 00 00 00   P.ÅÑ............	
    00 00 00 00 00 00 09 00 00 00 00 0b 04 00 00 00   ................	
    09 00 00 00 76                                    ....v           	
[20/02/2026 12:24:02] Written data (COM4)	
    50 00 81 95 00 00 00 00 00 00 00 00 00 00 00 00   P.Åï............	
    00 00 00 00 00 00 00 00 00 00 00 00 00 00 00 00   ................	
    00 00 00 00 66                                    ....f           	
[20/02/2026 12:24:02] Read data (COM4)	
    50 00 81 95 00 09 00 00 00 00 0b 04 00 00 00 09   P.Åï............	
    00 00 00 00 09 00 00 00 04 91 02 b5 01 91 02 8f   .........ë.µ.ë.è	
    02 8f 02 8f 21                                    .è.è!           	
[20/02/2026 12:24:02] Written data (COM4)	
    50 00 81 44 00 00 00 00 00 00 00 00 00 00 00 00   P.ÅD............	
    00 00 00 00 00 00 00 00 00 00 00 00 00 00 00 00   ................	
    00 00 00 00 15                                    .....           	
[20/02/2026 12:24:02] Read data (COM4)	
    50 00 81 44 08 00 00 00 01 14 1a 02 14 0c 11 2d   P.ÅD...........-	
    c4 94 98 00 00 00 00 00 00 00 00 00 00 00 00 00   ƒîò.............	
    00 00 00 00 9c                                    ....ú           	
[20/02/2026 12:24:02] Written data (COM4)	
    50 00 81 64 00 00 00 00 00 00 00 00 00 00 00 00   P.Åd............	
    00 00 00 00 00 00 00 00 00 00 00 00 00 00 00 00   ................	
    00 00 00 00 35                                    ....5           	
[20/02/2026 12:24:02] Read data (COM4)	
    50 00 81 64 00 00 80 00 00 00 00 00 00 00 00 00   P.Åd..Ä.........	
    00 00 00 00 00 00 00 00 00 00 00 00 00 00 00 00   ................	
    00 00 00 00 b5                                    ....µ           	
[20/02/2026 12:24:02] Written data (COM4)	
    50 00 81 84 00 00 00 00 00 00 00 00 00 00 00 00   P.ÅÑ............	
    00 00 00 00 00 00 00 00 00 00 00 00 00 00 00 00   ................	
    00 00 00 00 55                                    ....U           	
[20/02/2026 12:24:02] Read data (COM4)	
    50 00 81 84 00 00 00 00 00 00 00 00 00 00 00 00   P.ÅÑ............	
    00 00 00 00 00 00 09 00 00 00 00 0b 04 00 00 00   ................	
    09 00 00 00 76                                    ....v           	
[20/02/2026 12:24:03] Written data (COM4)	
    50 00 81 95 00 00 00 00 00 00 00 00 00 00 00 00   P.Åï............	
    00 00 00 00 00 00 00 00 00 00 00 00 00 00 00 00   ................	
    00 00 00 00 66                                    ....f           	
[20/02/2026 12:24:03] Read data (COM4)	
    50 00 81 95 00 09 00 00 00 00 0b 04 00 00 00 09   P.Åï............	
    00 00 00 00 09 00 00 00 04 91 02 b5 01 91 02 8f   .........ë.µ.ë.è	
    02 8f 02 8f 21                                    .è.è!           	
[20/02/2026 12:24:03] Written data (COM4)	
    50 00 81 44 00 00 00 00 00 00 00 00 00 00 00 00   P.ÅD............	
    00 00 00 00 00 00 00 00 00 00 00 00 00 00 00 00   ................	
    00 00 00 00 15                                    .....           	
[20/02/2026 12:24:03] Read data (COM4)	
    50 00 81 44 08 00 00 00 01 14 1a 02 14 0c 11 2e   P.ÅD............	
    c4 94 98 00 00 00 00 00 00 00 00 00 00 00 00 00   ƒîò.............	
    00 00 00 00 9d                                    ....ù           	
[20/02/2026 12:24:03] Written data (COM4)	
    50 00 81 64 00 00 00 00 00 00 00 00 00 00 00 00   P.Åd............	
    00 00 00 00 00 00 00 00 00 00 00 00 00 00 00 00   ................	
    00 00 00 00 35                                    ....5           	
[20/02/2026 12:24:03] Read data (COM4)	
    50 00 81 64 00 00 80 00 00 00 00 00 00 00 00 00   P.Åd..Ä.........	
    00 00 00 00 00 00 00 00 00 00 00 00 00 00 00 00   ................	
    00 00 00 00 b5                                    ....µ           	
[20/02/2026 12:24:03] Written data (COM4)	
    50 00 81 84 00 00 00 00 00 00 00 00 00 00 00 00   P.ÅÑ............	
    00 00 00 00 00 00 00 00 00 00 00 00 00 00 00 00   ................	
    00 00 00 00 55                                    ....U           	
[20/02/2026 12:24:03] Read data (COM4)	
    50 00 81 84 00 00 00 00 00 00 00 00 00 00 00 00   P.ÅÑ............	
    00 00 00 00 00 00 09 00 00 00 00 0b 04 00 00 00   ................	
    09 00 00 00 76                                    ....v           	
[20/02/2026 12:24:03] Written data (COM4)	
    50 00 81 95 00 00 00 00 00 00 00 00 00 00 00 00   P.Åï............	
    00 00 00 00 00 00 00 00 00 00 00 00 00 00 00 00   ................	
    00 00 00 00 66                                    ....f           	
[20/02/2026 12:24:04] Read data (COM4)	
    50 00 81 95 00 09 00 00 00 00 0b 04 00 00 00 09   P.Åï............	
    00 00 00 00 09 00 00 00 04 91 02 b5 01 91 02 8f   .........ë.µ.ë.è	
    02 8f 02 8f 21                                    .è.è!           	
[20/02/2026 12:24:04] Written data (COM4)	
    50 00 81 44 00 00 00 00 00 00 00 00 00 00 00 00   P.ÅD............	
    00 00 00 00 00 00 00 00 00 00 00 00 00 00 00 00   ................	
    00 00 00 00 15                                    .....           	
[20/02/2026 12:24:04] Read data (COM4)	
    50 00 81 44 08 00 00 00 01 14 1a 02 14 0c 11 2f   P.ÅD.........../	
    c4 94 98 00 00 00 00 00 00 00 00 00 00 00 00 00   ƒîò.............	
    00 00 00 00 9e                                    ....û           	
[20/02/2026 12:24:04] Written data (COM4)	
    50 00 81 64 00 00 00 00 00 00 00 00 00 00 00 00   P.Åd............	
    00 00 00 00 00 00 00 00 00 00 00 00 00 00 00 00   ................	
    00 00 00 00 35                                    ....5           	
[20/02/2026 12:24:04] Read data (COM4)	
    50 00 81 64 00 00 80 00 00 00 00 00 00 00 00 00   P.Åd..Ä.........	
    00 00 00 00 00 00 00 00 00 00 00 00 00 00 00 00   ................	
    00 00 00 00 b5                                    ....µ           	
[20/02/2026 12:24:04] Written data (COM4)	
    50 00 81 84 00 00 00 00 00 00 00 00 00 00 00 00   P.ÅÑ............	
    00 00 00 00 00 00 00 00 00 00 00 00 00 00 00 00   ................	
    00 00 00 00 55                                    ....U           	
[20/02/2026 12:24:04] Read data (COM4)	
    50 00 81 84 00 00 00 00 00 00 00 00 00 00 00 00   P.ÅÑ............	
    00 00 00 00 00 00 09 00 00 00 00 0b 04 00 00 00   ................	
    09 00 00 00 76                                    ....v           	
[20/02/2026 12:24:04] Written data (COM4)	
    50 00 81 95 00 00 00 00 00 00 00 00 00 00 00 00   P.Åï............	
    00 00 00 00 00 00 00 00 00 00 00 00 00 00 00 00   ................	
    00 00 00 00 66                                    ....f           	
[20/02/2026 12:24:04] Read data (COM4)	
    50 00 81 95 00 09 00 00 00 00 0b 04 00 00 00 09   P.Åï............	
    00 00 00 00 09 00 00 00 04 91 02 b5 01 91 02 8f   .........ë.µ.ë.è	
    02 8f 02 8f 21                                    .è.è!           	
[20/02/2026 12:24:04] Written data (COM4)	
    50 00 81 44 00 00 00 00 00 00 00 00 00 00 00 00   P.ÅD............	
    00 00 00 00 00 00 00 00 00 00 00 00 00 00 00 00   ................	
    00 00 00 00 15                                    .....           	
[20/02/2026 12:24:05] Read data (COM4)	
    50 00 81 44 08 00 00 00 01 14 1a 02 14 0c 11 30   P.ÅD...........0	
    c4 94 98 00 00 00 00 00 00 00 00 00 00 00 00 00   ƒîò.............	
    00 00 00 00 9f                                    ....ü           	
[20/02/2026 12:24:05] Written data (COM4)	
    50 00 81 64 00 00 00 00 00 00 00 00 00 00 00 00   P.Åd............	
    00 00 00 00 00 00 00 00 00 00 00 00 00 00 00 00   ................	
    00 00 00 00 35                                    ....5           	
[20/02/2026 12:24:05] Read data (COM4)	
    50 00 81 64 00 00 80 00 00 00 00 00 00 00 00 00   P.Åd..Ä.........	
    00 00 00 00 00 00 00 00 00 00 00 00 00 00 00 00   ................	
    00 00 00 00 b5                                    ....µ           	
[20/02/2026 12:24:05] Written data (COM4)	
    50 00 81 84 00 00 00 00 00 00 00 00 00 00 00 00   P.ÅÑ............	
    00 00 00 00 00 00 00 00 00 00 00 00 00 00 00 00   ................	
    00 00 00 00 55                                    ....U           	
[20/02/2026 12:24:05] Read data (COM4)	
    50 00 81 84 00 00 00 00 00 00 00 00 00 00 00 00   P.ÅÑ............	
    00 00 00 00 00 00 09 00 00 00 00 0b 04 00 00 00   ................	
    09 00 00 00 76                                    ....v           	
[20/02/2026 12:24:05] Written data (COM4)	
    50 00 81 95 00 00 00 00 00 00 00 00 00 00 00 00   P.Åï............	
    00 00 00 00 00 00 00 00 00 00 00 00 00 00 00 00   ................	
    00 00 00 00 66                                    ....f           	
[20/02/2026 12:24:05] Read data (COM4)	
    50 00 81 95 00 09 00 00 00 00 0b 04 00 00 00 09   P.Åï............	
    00 00 00 00 09 00 00 00 04 91 02 b5 01 91 02 8f   .........ë.µ.ë.è	
    02 8f 02 8f 21                                    .è.è!           	
[20/02/2026 12:24:05] Written data (COM4)	
    50 00 81 44 00 00 00 00 00 00 00 00 00 00 00 00   P.ÅD............	
    00 00 00 00 00 00 00 00 00 00 00 00 00 00 00 00   ................	
    00 00 00 00 15                                    .....           	
[20/02/2026 12:24:05] Read data (COM4)	
    50 00 81 44 08 00 00 00 01 14 1a 02 14 0c 11 31   P.ÅD...........1	
    c4 94 98 00 00 00 00 00 00 00 00 00 00 00 00 00   ƒîò.............	
    00 00 00 00 a0                                    ....†           	
[20/02/2026 12:24:06] Written data (COM4)	
    50 00 81 64 00 00 00 00 00 00 00 00 00 00 00 00   P.Åd............	
    00 00 00 00 00 00 00 00 00 00 00 00 00 00 00 00   ................	
    00 00 00 00 35                                    ....5           	
[20/02/2026 12:24:06] Read data (COM4)	
    50 00 81 64 00 00 80 00 00 00 00 00 00 00 00 00   P.Åd..Ä.........	
    00 00 00 00 00 00 00 00 00 00 00 00 00 00 00 00   ................	
    00 00 00 00 b5                                    ....µ           	
[20/02/2026 12:24:06] Written data (COM4)	
    50 00 81 84 00 00 00 00 00 00 00 00 00 00 00 00   P.ÅÑ............	
    00 00 00 00 00 00 00 00 00 00 00 00 00 00 00 00   ................	
    00 00 00 00 55                                    ....U           	
[20/02/2026 12:24:06] Read data (COM4)	
    50 00 81 84 00 00 00 00 00 00 00 00 00 00 00 00   P.ÅÑ............	
    00 00 00 00 00 00 09 00 00 00 00 0b 04 00 00 00   ................	
    09 00 00 00 76                                    ....v           	
[20/02/2026 12:24:06] Written data (COM4)	
    50 00 81 95 00 00 00 00 00 00 00 00 00 00 00 00   P.Åï............	
    00 00 00 00 00 00 00 00 00 00 00 00 00 00 00 00   ................	
    00 00 00 00 66                                    ....f           	
[20/02/2026 12:24:06] Read data (COM4)	
    50 00 81 95 00 09 00 00 00 00 0b 04 00 00 00 09   P.Åï............	
    00 00 00 00 09 00 00 00 04 91 02 b5 01 91 02 8f   .........ë.µ.ë.è	
    02 8f 02 8f 21                                    .è.è!           	
[20/02/2026 12:24:06] Written data (COM4)	
    50 00 81 44 00 00 00 00 00 00 00 00 00 00 00 00   P.ÅD............	
    00 00 00 00 00 00 00 00 00 00 00 00 00 00 00 00   ................	
    00 00 00 00 15                                    .....           	
[20/02/2026 12:24:06] Read data (COM4)	
    50 00 81 44 08 00 00 00 01 14 1a 02 14 0c 11 31   P.ÅD...........1	
    c4 94 98 00 00 00 00 00 00 00 00 00 00 00 00 00   ƒîò.............	
    00 00 00 00 a0                                    ....†           	
[20/02/2026 12:24:06] Written data (COM4)	
    50 00 81 64 00 00 00 00 00 00 00 00 00 00 00 00   P.Åd............	
    00 00 00 00 00 00 00 00 00 00 00 00 00 00 00 00   ................	
    00 00 00 00 35                                    ....5           	
[20/02/2026 12:24:06] Read data (COM4)	
    50 00 81 64 00 00 80 00 00 00 00 00 00 00 00 00   P.Åd..Ä.........	
    00 00 00 00 00 00 00 00 00 00 00 00 00 00 00 00   ................	
    00 00 00 00 b5                                    ....µ           	
[20/02/2026 12:24:07] Written data (COM4)	
    50 00 81 84 00 00 00 00 00 00 00 00 00 00 00 00   P.ÅÑ............	
    00 00 00 00 00 00 00 00 00 00 00 00 00 00 00 00   ................	
    00 00 00 00 55                                    ....U           	
[20/02/2026 12:24:07] Read data (COM4)	
    50 00 81 84 00 00 00 00 00 00 00 00 00 00 00 00   P.ÅÑ............	
    00 00 00 00 00 00 09 00 00 00 00 0b 04 00 00 00   ................	
    09 00 00 00 76                                    ....v           	
[20/02/2026 12:24:07] Written data (COM4)	
    50 00 81 95 00 00 00 00 00 00 00 00 00 00 00 00   P.Åï............	
    00 00 00 00 00 00 00 00 00 00 00 00 00 00 00 00   ................	
    00 00 00 00 66                                    ....f           	
[20/02/2026 12:24:07] Read data (COM4)	
    50 00 81 95 00 09 00 00 00 00 0b 04 00 00 00 09   P.Åï............	
    00 00 00 00 09 00 00 00 04 91 02 b5 01 91 02 8f   .........ë.µ.ë.è	
    02 8f 02 8f 21                                    .è.è!           	
[20/02/2026 12:24:07] Written data (COM4)	
    50 00 81 44 00 00 00 00 00 00 00 00 00 00 00 00   P.ÅD............	
    00 00 00 00 00 00 00 00 00 00 00 00 00 00 00 00   ................	
    00 00 00 00 15                                    .....           	
[20/02/2026 12:24:07] Read data (COM4)	
    50 00 81 44 08 00 00 00 01 14 1a 02 14 0c 11 32   P.ÅD...........2	
    c4 94 98 00 00 00 00 00 00 00 00 00 00 00 00 00   ƒîò.............	
    00 00 00 00 a1                                    ....°           	
[20/02/2026 12:24:07] Written data (COM4)	
    50 00 81 64 00 00 00 00 00 00 00 00 00 00 00 00   P.Åd............	
    00 00 00 00 00 00 00 00 00 00 00 00 00 00 00 00   ................	
    00 00 00 00 35                                    ....5           	
[20/02/2026 12:24:07] Read data (COM4)	
    50 00 81 64 00 00 80 00 00 00 00 00 00 00 00 00   P.Åd..Ä.........	
    00 00 00 00 00 00 00 00 00 00 00 00 00 00 00 00   ................	
    00 00 00 00 b5                                    ....µ           	
[20/02/2026 12:24:07] Written data (COM4)	
    50 00 81 84 00 00 00 00 00 00 00 00 00 00 00 00   P.ÅÑ............	
    00 00 00 00 00 00 00 00 00 00 00 00 00 00 00 00   ................	
    00 00 00 00 55                                    ....U           	
[20/02/2026 12:24:07] Read data (COM4)	
    50 00 81 84 00 00 00 00 00 00 00 00 00 00 00 00   P.ÅÑ............	
    00 00 00 00 00 00 09 00 00 00 00 0b 04 00 00 00   ................	
    09 00 00 00 76                                    ....v           	
[20/02/2026 12:24:08] Written data (COM4)	
    50 00 81 95 00 00 00 00 00 00 00 00 00 00 00 00   P.Åï............	
    00 00 00 00 00 00 00 00 00 00 00 00 00 00 00 00   ................	
    00 00 00 00 66                                    ....f           	
[20/02/2026 12:24:08] Read data (COM4)	
    50 00 81 95 00 09 00 00 00 00 0b 04 00 00 00 09   P.Åï............	
    00 00 00 00 09 00 00 00 04 91 02 b5 01 91 02 8f   .........ë.µ.ë.è	
    02 8f 02 8f 21                                    .è.è!           	
[20/02/2026 12:24:08] Written data (COM4)	
    50 00 81 44 00 00 00 00 00 00 00 00 00 00 00 00   P.ÅD............	
    00 00 00 00 00 00 00 00 00 00 00 00 00 00 00 00   ................	
    00 00 00 00 15                                    .....           	
[20/02/2026 12:24:08] Read data (COM4)	
    50 00 81 44 08 00 00 00 01 14 1a 02 14 0c 11 33   P.ÅD...........3	
    c4 94 98 00 00 00 00 00 00 00 00 00 00 00 00 00   ƒîò.............	
    00 00 00 00 a2                                    ....¢           	
[20/02/2026 12:24:08] Written data (COM4)	
    50 00 81 64 00 00 00 00 00 00 00 00 00 00 00 00   P.Åd............	
    00 00 00 00 00 00 00 00 00 00 00 00 00 00 00 00   ................	
    00 00 00 00 35                                    ....5           	
[20/02/2026 12:24:08] Read data (COM4)	
    50 00 81 64 00 00 80 00 00 00 00 00 00 00 00 00   P.Åd..Ä.........	
    00 00 00 00 00 00 00 00 00 00 00 00 00 00 00 00   ................	
    00 00 00 00 b5                                    ....µ           	
[20/02/2026 12:24:08] Written data (COM4)	
    50 00 81 84 00 00 00 00 00 00 00 00 00 00 00 00   P.ÅÑ............	
    00 00 00 00 00 00 00 00 00 00 00 00 00 00 00 00   ................	
    00 00 00 00 55                                    ....U           	
[20/02/2026 12:24:08] Read data (COM4)	
    50 00 81 84 00 00 00 00 00 00 00 00 00 00 00 00   P.ÅÑ............	
    00 00 00 00 00 00 09 00 00 00 00 0b 04 00 00 00   ................	
    09 00 00 00 76                                    ....v           	
[20/02/2026 12:24:08] Written data (COM4)	
    50 00 81 95 00 00 00 00 00 00 00 00 00 00 00 00   P.Åï............	
    00 00 00 00 00 00 00 00 00 00 00 00 00 00 00 00   ................	
    00 00 00 00 66                                    ....f           	
[20/02/2026 12:24:08] Read data (COM4)	
    50 00 81 95 00 09 00 00 00 00 0b 04 00 00 00 09   P.Åï............	
    00 00 00 00 09 00 00 00 04 91 02 b5 01 91 02 8f   .........ë.µ.ë.è	
    02 8f 02 8f 21                                    .è.è!           	
[20/02/2026 12:24:09] Written data (COM4)	
    50 00 81 44 00 00 00 00 00 00 00 00 00 00 00 00   P.ÅD............	
    00 00 00 00 00 00 00 00 00 00 00 00 00 00 00 00   ................	
    00 00 00 00 15                                    .....           	
[20/02/2026 12:24:09] Read data (COM4)	
    50 00 81 44 08 00 00 00 01 14 1a 02 14 0c 11 34   P.ÅD...........4	
    c4 94 98 00 00 00 00 00 00 00 00 00 00 00 00 00   ƒîò.............	
    00 00 00 00 a3                                    ....£           	
[20/02/2026 12:24:09] Written data (COM4)	
    50 00 81 64 00 00 00 00 00 00 00 00 00 00 00 00   P.Åd............	
    00 00 00 00 00 00 00 00 00 00 00 00 00 00 00 00   ................	
    00 00 00 00 35                                    ....5           	
[20/02/2026 12:24:09] Read data (COM4)	
    50 00 81 64 00 00 80 00 00 00 00 00 00 00 00 00   P.Åd..Ä.........	
    00 00 00 00 00 00 00 00 00 00 00 00 00 00 00 00   ................	
    00 00 00 00 b5                                    ....µ           	
[20/02/2026 12:24:09] Written data (COM4)	
    50 00 81 84 00 00 00 00 00 00 00 00 00 00 00 00   P.ÅÑ............	
    00 00 00 00 00 00 00 00 00 00 00 00 00 00 00 00   ................	
    00 00 00 00 55                                    ....U           	
[20/02/2026 12:24:09] Read data (COM4)	
    50 00 81 84 00 00 00 00 00 00 00 00 00 00 00 00   P.ÅÑ............	
    00 00 00 00 00 00 09 00 00 00 00 0b 04 00 00 00   ................	
    09 00 00 00 76                                    ....v           	
[20/02/2026 12:24:09] Written data (COM4)	
    50 00 81 95 00 00 00 00 00 00 00 00 00 00 00 00   P.Åï............	
    00 00 00 00 00 00 00 00 00 00 00 00 00 00 00 00   ................	
    00 00 00 00 66                                    ....f           	
[20/02/2026 12:24:09] Read data (COM4)	
    50 00 81 95 00 09 00 00 00 00 0b 04 00 00 00 09   P.Åï............	
    00 00 00 00 09 00 00 00 04 91 02 b5 01 91 02 8f   .........ë.µ.ë.è	
    02 8f 02 8f 21                                    .è.è!           	
[20/02/2026 12:24:09] Written data (COM4)	
    50 00 81 44 00 00 00 00 00 00 00 00 00 00 00 00   P.ÅD............	
    00 00 00 00 00 00 00 00 00 00 00 00 00 00 00 00   ................	
    00 00 00 00 15                                    .....           	
[20/02/2026 12:24:09] Read data (COM4)	
    50 00 81 44 08 00 00 00 01 14 1a 02 14 0c 11 35   P.ÅD...........5	
    c4 94 98 00 00 00 00 00 00 00 00 00 00 00 00 00   ƒîò.............	
    00 00 00 00 a4                                    ....§           	
[20/02/2026 12:24:10] Written data (COM4)	
    50 00 81 64 00 00 00 00 00 00 00 00 00 00 00 00   P.Åd............	
    00 00 00 00 00 00 00 00 00 00 00 00 00 00 00 00   ................	
    00 00 00 00 35                                    ....5           	
[20/02/2026 12:24:10] Read data (COM4)	
    50 00 81 64 00 00 80 00 00 00 00 00 00 00 00 00   P.Åd..Ä.........	
    00 00 00 00 00 00 00 00 00 00 00 00 00 00 00 00   ................	
    00 00 00 00 b5                                    ....µ           	
[20/02/2026 12:24:10] Written data (COM4)	
    50 00 81 84 00 00 00 00 00 00 00 00 00 00 00 00   P.ÅÑ............	
    00 00 00 00 00 00 00 00 00 00 00 00 00 00 00 00   ................	
    00 00 00 00 55                                    ....U           	
[20/02/2026 12:24:10] Read data (COM4)	
    50 00 81 84 00 00 00 00 00 00 00 00 00 00 00 00   P.ÅÑ............	
    00 00 00 00 00 00 09 00 00 00 00 0b 04 00 00 00   ................	
    09 00 00 00 76                                    ....v           	
[20/02/2026 12:24:10] Written data (COM4)	
    50 00 81 95 00 00 00 00 00 00 00 00 00 00 00 00   P.Åï............	
    00 00 00 00 00 00 00 00 00 00 00 00 00 00 00 00   ................	
    00 00 00 00 66                                    ....f           	
[20/02/2026 12:24:10] Read data (COM4)	
    50 00 81 95 00 09 00 00 00 00 0b 04 00 00 00 09   P.Åï............	
    00 00 00 00 09 00 00 00 04 91 02 b5 01 91 02 8f   .........ë.µ.ë.è	
    02 8f 02 8f 21                                    .è.è!           	
[20/02/2026 12:24:10] Written data (COM4)	
    50 00 81 44 00 00 00 00 00 00 00 00 00 00 00 00   P.ÅD............	
    00 00 00 00 00 00 00 00 00 00 00 00 00 00 00 00   ................	
    00 00 00 00 15                                    .....           	
[20/02/2026 12:24:10] Read data (COM4)	
    50 00 81 44 08 00 00 00 01 14 1a 02 14 0c 11 36   P.ÅD...........6	
    c4 94 98 00 00 00 00 00 00 00 00 00 00 00 00 00   ƒîò.............	
    00 00 00 00 a5                                    ....•           	
[20/02/2026 12:24:10] Written data (COM4)	
    50 00 81 64 00 00 00 00 00 00 00 00 00 00 00 00   P.Åd............	
    00 00 00 00 00 00 00 00 00 00 00 00 00 00 00 00   ................	
    00 00 00 00 35                                    ....5           	
[20/02/2026 12:24:11] Read data (COM4)	
    50 00 81 64 00 00 80 00 00 00 00 00 00 00 00 00   P.Åd..Ä.........	
    00 00 00 00 00 00 00 00 00 00 00 00 00 00 00 00   ................	
    00 00 00 00 b5                                    ....µ           	
[20/02/2026 12:24:11] Written data (COM4)	
    50 00 81 84 00 00 00 00 00 00 00 00 00 00 00 00   P.ÅÑ............	
    00 00 00 00 00 00 00 00 00 00 00 00 00 00 00 00   ................	
    00 00 00 00 55                                    ....U           	
[20/02/2026 12:24:11] Read data (COM4)	
    50 00 81 84 00 00 00 00 00 00 00 00 00 00 00 00   P.ÅÑ............	
    00 00 00 00 00 00 09 00 00 00 00 0b 04 00 00 00   ................	
    09 00 00 00 76                                    ....v           	
[20/02/2026 12:24:11] Written data (COM4)	
    50 00 81 95 00 00 00 00 00 00 00 00 00 00 00 00   P.Åï............	
    00 00 00 00 00 00 00 00 00 00 00 00 00 00 00 00   ................	
    00 00 00 00 66                                    ....f           	
[20/02/2026 12:24:11] Read data (COM4)	
    50 00 81 95 00 09 00 00 00 00 0b 04 00 00 00 09   P.Åï............	
    00 00 00 00 09 00 00 00 04 91 02 b5 01 91 02 8f   .........ë.µ.ë.è	
    02 8f 02 8f 21                                    .è.è!           	
[20/02/2026 12:24:11] Written data (COM4)	
    50 00 81 44 00 00 00 00 00 00 00 00 00 00 00 00   P.ÅD............	
    00 00 00 00 00 00 00 00 00 00 00 00 00 00 00 00   ................	
    00 00 00 00 15                                    .....           	
[20/02/2026 12:24:11] Read data (COM4)	
    50 00 81 44 08 00 00 00 01 14 1a 02 14 0c 11 36   P.ÅD...........6	
    c4 94 98 00 00 00 00 00 00 00 00 00 00 00 00 00   ƒîò.............	
    00 00 00 00 a5                                    ....•           	
[20/02/2026 12:24:11] Written data (COM4)	
    50 00 81 64 00 00 00 00 00 00 00 00 00 00 00 00   P.Åd............	
    00 00 00 00 00 00 00 00 00 00 00 00 00 00 00 00   ................	
    00 00 00 00 35                                    ....5           	
[20/02/2026 12:24:11] Read data (COM4)	
    50 00 81 64 00 00 80 00 00 00 00 00 00 00 00 00   P.Åd..Ä.........	
    00 00 00 00 00 00 00 00 00 00 00 00 00 00 00 00   ................	
    00 00 00 00 b5                                    ....µ           	
[20/02/2026 12:24:12] Written data (COM4)	
    50 00 81 84 00 00 00 00 00 00 00 00 00 00 00 00   P.ÅÑ............	
    00 00 00 00 00 00 00 00 00 00 00 00 00 00 00 00   ................	
    00 00 00 00 55                                    ....U           	
[20/02/2026 12:24:12] Read data (COM4)	
    50 00 81 84 00 00 00 00 00 00 00 00 00 00 00 00   P.ÅÑ............	
    00 00 00 00 00 00 09 00 00 00 00 0b 04 00 00 00   ................	
    09 00 00 00 76                                    ....v           	
[20/02/2026 12:24:12] Written data (COM4)	
    50 00 81 95 00 00 00 00 00 00 00 00 00 00 00 00   P.Åï............	
    00 00 00 00 00 00 00 00 00 00 00 00 00 00 00 00   ................	
    00 00 00 00 66                                    ....f           	
[20/02/2026 12:24:12] Read data (COM4)	
    50 00 81 95 00 09 00 00 00 00 0b 04 00 00 00 09   P.Åï............	
    00 00 00 00 09 00 00 00 04 91 02 b5 01 91 02 8f   .........ë.µ.ë.è	
    02 8f 02 8f 21                                    .è.è!           	
[20/02/2026 12:24:12] Written data (COM4)	
    50 00 81 44 00 00 00 00 00 00 00 00 00 00 00 00   P.ÅD............	
    00 00 00 00 00 00 00 00 00 00 00 00 00 00 00 00   ................	
    00 00 00 00 15                                    .....           	
[20/02/2026 12:24:12] Read data (COM4)	
    50 00 81 44 08 00 00 00 01 14 1a 02 14 0c 11 37   P.ÅD...........7	
    c4 94 98 00 00 00 00 00 00 00 00 00 00 00 00 00   ƒîò.............	
    00 00 00 00 a6                                    ....¶           	
[20/02/2026 12:24:12] Written data (COM4)	
    50 00 81 64 00 00 00 00 00 00 00 00 00 00 00 00   P.Åd............	
    00 00 00 00 00 00 00 00 00 00 00 00 00 00 00 00   ................	
    00 00 00 00 35                                    ....5           	
[20/02/2026 12:24:12] Read data (COM4)	
    50 00 81 64 00 00 80 00 00 00 00 00 00 00 00 00   P.Åd..Ä.........	
    00 00 00 00 00 00 00 00 00 00 00 00 00 00 00 00   ................	
    00 00 00 00 b5                                    ....µ           	
[20/02/2026 12:24:12] Written data (COM4)	
    50 00 81 84 00 00 00 00 00 00 00 00 00 00 00 00   P.ÅÑ............	
    00 00 00 00 00 00 00 00 00 00 00 00 00 00 00 00   ................	
    00 00 00 00 55                                    ....U           	
[20/02/2026 12:24:12] Read data (COM4)	
    50 00 81 84 00 00 00 00 00 00 00 00 00 00 00 00   P.ÅÑ............	
    00 00 00 00 00 00 09 00 00 00 00 0b 04 00 00 00   ................	
    09 00 00 00 76                                    ....v           	
[20/02/2026 12:24:13] Written data (COM4)	
    50 00 81 95 00 00 00 00 00 00 00 00 00 00 00 00   P.Åï............	
    00 00 00 00 00 00 00 00 00 00 00 00 00 00 00 00   ................	
    00 00 00 00 66                                    ....f           	
[20/02/2026 12:24:13] Read data (COM4)	
    50 00 81 95 00 09 00 00 00 00 0b 04 00 00 00 09   P.Åï............	
    00 00 00 00 09 00 00 00 04 91 02 b5 01 91 02 8f   .........ë.µ.ë.è	
    02 8f 02 8f 21                                    .è.è!           	
[20/02/2026 12:24:13] Written data (COM4)	
    50 00 81 44 00 00 00 00 00 00 00 00 00 00 00 00   P.ÅD............	
    00 00 00 00 00 00 00 00 00 00 00 00 00 00 00 00   ................	
    00 00 00 00 15                                    .....           	
[20/02/2026 12:24:13] Read data (COM4)	
    50 00 81 44 08 00 00 00 01 14 1a 02 14 0c 11 38   P.ÅD...........8	
    c4 94 97 00 00 00 00 00 00 00 00 00 00 00 00 00   ƒîó.............	
    00 00 00 00 a6                                    ....¶           	
[20/02/2026 12:24:13] Written data (COM4)	
    50 00 81 64 00 00 00 00 00 00 00 00 00 00 00 00   P.Åd............	
    00 00 00 00 00 00 00 00 00 00 00 00 00 00 00 00   ................	
    00 00 00 00 35                                    ....5           	
[20/02/2026 12:24:13] Read data (COM4)	
    50 00 81 64 00 00 80 00 00 00 00 00 00 00 00 00   P.Åd..Ä.........	
    00 00 00 00 00 00 00 00 00 00 00 00 00 00 00 00   ................	
    00 00 00 00 b5                                    ....µ           	
[20/02/2026 12:24:13] Written data (COM4)	
    50 00 81 84 00 00 00 00 00 00 00 00 00 00 00 00   P.ÅÑ............	
    00 00 00 00 00 00 00 00 00 00 00 00 00 00 00 00   ................	
    00 00 00 00 55                                    ....U           	
[20/02/2026 12:24:13] Read data (COM4)	
    50 00 81 84 00 00 00 00 00 00 00 00 00 00 00 00   P.ÅÑ............	
    00 00 00 00 00 00 09 00 00 00 00 0b 04 00 00 00   ................	
    09 00 00 00 76                                    ....v           	
[20/02/2026 12:24:13] Written data (COM4)	
    50 00 81 95 00 00 00 00 00 00 00 00 00 00 00 00   P.Åï............	
    00 00 00 00 00 00 00 00 00 00 00 00 00 00 00 00   ................	
    00 00 00 00 66                                    ....f           	
[20/02/2026 12:24:13] Read data (COM4)	
    50 00 81 95 00 09 00 00 00 00 0b 04 00 00 00 09   P.Åï............	
    00 00 00 00 09 00 00 00 04 91 02 b5 01 91 02 8f   .........ë.µ.ë.è	
    02 8f 02 8f 21                                    .è.è!           	
[20/02/2026 12:24:14] Written data (COM4)	
    50 00 81 44 00 00 00 00 00 00 00 00 00 00 00 00   P.ÅD............	
    00 00 00 00 00 00 00 00 00 00 00 00 00 00 00 00   ................	
    00 00 00 00 15                                    .....           	
[20/02/2026 12:24:14] Read data (COM4)	
    50 00 81 44 08 00 00 00 01 14 1a 02 14 0c 11 39   P.ÅD...........9	
    c4 94 98 00 00 00 00 00 00 00 00 00 00 00 00 00   ƒîò.............	
    00 00 00 00 a8                                    ....®           	
[20/02/2026 12:24:14] Written data (COM4)	
    50 00 81 64 00 00 00 00 00 00 00 00 00 00 00 00   P.Åd............	
    00 00 00 00 00 00 00 00 00 00 00 00 00 00 00 00   ................	
    00 00 00 00 35                                    ....5           	
[20/02/2026 12:24:14] Read data (COM4)	
    50 00 81 64 00 00 80 00 00 00 00 00 00 00 00 00   P.Åd..Ä.........	
    00 00 00 00 00 00 00 00 00 00 00 00 00 00 00 00   ................	
    00 00 00 00 b5                                    ....µ           	
[20/02/2026 12:24:14] Written data (COM4)	
    50 00 81 84 00 00 00 00 00 00 00 00 00 00 00 00   P.ÅÑ............	
    00 00 00 00 00 00 00 00 00 00 00 00 00 00 00 00   ................	
    00 00 00 00 55                                    ....U           	
[20/02/2026 12:24:14] Read data (COM4)	
    50 00 81 84 00 00 00 00 00 00 00 00 00 00 00 00   P.ÅÑ............	
    00 00 00 00 00 00 09 00 00 00 00 0b 04 00 00 00   ................	
    09 00 00 00 76                                    ....v           	
[20/02/2026 12:24:14] Written data (COM4)	
    50 00 81 95 00 00 00 00 00 00 00 00 00 00 00 00   P.Åï............	
    00 00 00 00 00 00 00 00 00 00 00 00 00 00 00 00   ................	
    00 00 00 00 66                                    ....f           	
[20/02/2026 12:24:14] Read data (COM4)	
    50 00 81 95 00 09 00 00 00 00 0b 04 00 00 00 09   P.Åï............	
    00 00 00 00 09 00 00 00 04 91 02 b5 01 91 02 8f   .........ë.µ.ë.è	
    02 8f 02 8f 21                                    .è.è!           	
[20/02/2026 12:24:14] Written data (COM4)	
    50 00 81 44 00 00 00 00 00 00 00 00 00 00 00 00   P.ÅD............	
    00 00 00 00 00 00 00 00 00 00 00 00 00 00 00 00   ................	
    00 00 00 00 15                                    .....           	
[20/02/2026 12:24:14] Read data (COM4)	
    50 00 81 44 08 00 00 00 01 14 1a 02 14 0c 11 3a   P.ÅD...........:	
    c4 94 98 00 00 00 00 00 00 00 00 00 00 00 00 00   ƒîò.............	
    00 00 00 00 a9                                    ....©           	
[20/02/2026 12:24:15] Written data (COM4)	
    50 00 81 64 00 00 00 00 00 00 00 00 00 00 00 00   P.Åd............	
    00 00 00 00 00 00 00 00 00 00 00 00 00 00 00 00   ................	
    00 00 00 00 35                                    ....5           	
[20/02/2026 12:24:15] Read data (COM4)	
    50 00 81 64 00 00 80 00 00 00 00 00 00 00 00 00   P.Åd..Ä.........	
    00 00 00 00 00 00 00 00 00 00 00 00 00 00 00 00   ................	
    00 00 00 00 b5                                    ....µ           	
[20/02/2026 12:24:15] Written data (COM4)	
    50 00 81 84 00 00 00 00 00 00 00 00 00 00 00 00   P.ÅÑ............	
    00 00 00 00 00 00 00 00 00 00 00 00 00 00 00 00   ................	
    00 00 00 00 55                                    ....U           	
[20/02/2026 12:24:15] Read data (COM4)	
    50 00 81 84 00 00 00 00 00 00 00 00 00 00 00 00   P.ÅÑ............	
    00 00 00 00 00 00 09 00 00 00 00 0b 04 00 00 00   ................	
    09 00 00 00 76                                    ....v           	
[20/02/2026 12:24:15] Written data (COM4)	
    50 00 81 95 00 00 00 00 00 00 00 00 00 00 00 00   P.Åï............	
    00 00 00 00 00 00 00 00 00 00 00 00 00 00 00 00   ................	
    00 00 00 00 66                                    ....f           	
[20/02/2026 12:24:15] Read data (COM4)	
    50 00 81 95 00 09 00 00 00 00 0b 04 00 00 00 09   P.Åï............	
    00 00 00 00 09 00 00 00 04 91 02 b5 01 91 02 8f   .........ë.µ.ë.è	
    02 8f 02 8f 21                                    .è.è!           	
[20/02/2026 12:24:15] Written data (COM4)	
    50 00 81 44 00 00 00 00 00 00 00 00 00 00 00 00   P.ÅD............	
    00 00 00 00 00 00 00 00 00 00 00 00 00 00 00 00   ................	
    00 00 00 00 15                                    .....           	
[20/02/2026 12:24:15] Read data (COM4)	
    50 00 81 44 08 00 00 00 01 14 1a 02 14 0c 11 3a   P.ÅD...........:	
    c4 94 98 00 00 00 00 00 00 00 00 00 00 00 00 00   ƒîò.............	
    00 00 00 00 a9                                    ....©           	
[20/02/2026 12:24:15] Written data (COM4)	
    50 00 81 64 00 00 00 00 00 00 00 00 00 00 00 00   P.Åd............	
    00 00 00 00 00 00 00 00 00 00 00 00 00 00 00 00   ................	
    00 00 00 00 35                                    ....5           	
[20/02/2026 12:24:15] Read data (COM4)	
    50 00 81 64 00 00 80 00 00 00 00 00 00 00 00 00   P.Åd..Ä.........	
    00 00 00 00 00 00 00 00 00 00 00 00 00 00 00 00   ................	
    00 00 00 00 b5                                    ....µ           	
[20/02/2026 12:24:16] Written data (COM4)	
    50 00 81 84 00 00 00 00 00 00 00 00 00 00 00 00   P.ÅÑ............	
    00 00 00 00 00 00 00 00 00 00 00 00 00 00 00 00   ................	
    00 00 00 00 55                                    ....U           	
[20/02/2026 12:24:16] Read data (COM4)	
    50 00 81 84 00 00 00 00 00 00 00 00 00 00 00 00   P.ÅÑ............	
    00 00 00 00 00 00 09 00 00 00 00 0b 04 00 00 00   ................	
    09 00 00 00 76                                    ....v           	
[20/02/2026 12:24:16] Written data (COM4)	
    50 00 81 95 00 00 00 00 00 00 00 00 00 00 00 00   P.Åï............	
    00 00 00 00 00 00 00 00 00 00 00 00 00 00 00 00   ................	
    00 00 00 00 66                                    ....f           	
[20/02/2026 12:24:16] Read data (COM4)	
    50 00 81 95 00 09 00 00 00 00 0b 04 00 00 00 09   P.Åï............	
    00 00 00 00 09 00 00 00 04 91 02 b5 01 91 02 8f   .........ë.µ.ë.è	
    02 8f 02 8f 21                                    .è.è!           	
[20/02/2026 12:24:16] Written data (COM4)	
    50 00 81 44 00 00 00 00 00 00 00 00 00 00 00 00   P.ÅD............	
    00 00 00 00 00 00 00 00 00 00 00 00 00 00 00 00   ................	
    00 00 00 00 15                                    .....           	
[20/02/2026 12:24:16] Read data (COM4)	
    50 00 81 44 08 00 00 00 01 14 1a 02 14 0c 11 3b   P.ÅD...........;	
    c4 94 98 00 00 00 00 00 00 00 00 00 00 00 00 00   ƒîò.............	
    00 00 00 00 aa                                    ....™           	
[20/02/2026 12:24:16] Written data (COM4)	
    50 00 81 64 00 00 00 00 00 00 00 00 00 00 00 00   P.Åd............	
    00 00 00 00 00 00 00 00 00 00 00 00 00 00 00 00   ................	
    00 00 00 00 35                                    ....5           	
[20/02/2026 12:24:16] Read data (COM4)	
    50 00 81 64 00 00 80 00 00 00 00 00 00 00 00 00   P.Åd..Ä.........	
    00 00 00 00 00 00 00 00 00 00 00 00 00 00 00 00   ................	
    00 00 00 00 b5                                    ....µ           	
[20/02/2026 12:24:16] Written data (COM4)	
    50 00 81 84 00 00 00 00 00 00 00 00 00 00 00 00   P.ÅÑ............	
    00 00 00 00 00 00 00 00 00 00 00 00 00 00 00 00   ................	
    00 00 00 00 55                                    ....U           	
[20/02/2026 12:24:16] Read data (COM4)	
    50 00 81 84 00 00 00 00 00 00 00 00 00 00 00 00   P.ÅÑ............	
    00 00 00 00 00 00 09 00 00 00 01 09 00 00 00 00   ................	
    09 00 00 00 71                                    ....q           	
[20/02/2026 12:24:17] Written data (COM4)	
    50 00 81 95 00 00 00 00 00 00 00 00 00 00 00 00   P.Åï............	
    00 00 00 00 00 00 00 00 00 00 00 00 00 00 00 00   ................	
    00 00 00 00 66                                    ....f           	
[20/02/2026 12:24:17] Read data (COM4)	
    50 00 81 95 00 09 00 00 00 01 09 00 00 00 00 09   P.Åï............	
    00 00 00 00 09 00 00 00 04 92 02 b5 01 92 02 8f   .........í.µ.í.è	
    02 8f 02 8f 1e                                    .è.è.           	
[20/02/2026 12:24:17] Written data (COM4)	
    50 00 81 44 00 00 00 00 00 00 00 00 00 00 00 00   P.ÅD............	
    00 00 00 00 00 00 00 00 00 00 00 00 00 00 00 00   ................	
    00 00 00 00 15                                    .....           	
[20/02/2026 12:24:17] Read data (COM4)	
    50 00 81 44 08 00 00 00 01 14 1a 02 14 0c 12 00   P.ÅD............	
    c4 94 98 00 00 00 00 00 00 00 00 00 00 00 00 00   ƒîò.............	
    00 00 00 00 70                                    ....p           	
[20/02/2026 12:24:17] Written data (COM4)	
    50 00 81 64 00 00 00 00 00 00 00 00 00 00 00 00   P.Åd............	
    00 00 00 00 00 00 00 00 00 00 00 00 00 00 00 00   ................	
    00 00 00 00 35                                    ....5           	
[20/02/2026 12:24:17] Read data (COM4)	
    50 00 81 64 00 00 80 00 00 00 00 00 00 00 00 00   P.Åd..Ä.........	
    00 00 00 00 00 00 00 00 00 00 00 00 00 00 00 00   ................	
    00 00 00 00 b5                                    ....µ           	
[20/02/2026 12:24:17] Written data (COM4)	
    50 00 81 84 00 00 00 00 00 00 00 00 00 00 00 00   P.ÅÑ............	
    00 00 00 00 00 00 00 00 00 00 00 00 00 00 00 00   ................	
    00 00 00 00 55                                    ....U           	
[20/02/2026 12:24:17] Read data (COM4)	
    50 00 81 84 00 00 00 00 00 00 00 00 00 00 00 00   P.ÅÑ............	
    00 00 00 00 00 00 09 00 00 00 01 09 00 00 00 00   ................	
    09 00 00 00 71                                    ....q           	
[20/02/2026 12:24:18] Written data (COM4)	
    50 00 81 95 00 00 00 00 00 00 00 00 00 00 00 00   P.Åï............	
    00 00 00 00 00 00 00 00 00 00 00 00 00 00 00 00   ................	
    00 00 00 00 66                                    ....f           	
[20/02/2026 12:24:18] Read data (COM4)	
    50 00 81 95 00 09 00 00 00 01 09 00 00 00 00 09   P.Åï............	
    00 00 00 00 09 00 00 00 04 92 02 b5 01 92 02 8f   .........í.µ.í.è	
    02 8f 02 8f 1e                                    .è.è.           	
[20/02/2026 12:24:18] Written data (COM4)	
    50 00 81 44 00 00 00 00 00 00 00 00 00 00 00 00   P.ÅD............	
    00 00 00 00 00 00 00 00 00 00 00 00 00 00 00 00   ................	
    00 00 00 00 15                                    .....           	
[20/02/2026 12:24:18] Read data (COM4)	
    50 00 81 44 08 00 00 00 01 14 1a 02 14 0c 12 01   P.ÅD............	
    c4 94 98 00 00 00 00 00 00 00 00 00 00 00 00 00   ƒîò.............	
    00 00 00 00 71                                    ....q           	
[20/02/2026 12:24:18] Written data (COM4)	
    50 00 81 64 00 00 00 00 00 00 00 00 00 00 00 00   P.Åd............	
    00 00 00 00 00 00 00 00 00 00 00 00 00 00 00 00   ................	
    00 00 00 00 35                                    ....5           	
[20/02/2026 12:24:18] Read data (COM4)	
    50 00 81 64 00 00 80 00 00 00 00 00 00 00 00 00   P.Åd..Ä.........	
    00 00 00 00 00 00 00 00 00 00 00 00 00 00 00 00   ................	
    00 00 00 00 b5                                    ....µ           	
[20/02/2026 12:24:18] Written data (COM4)	
    50 00 81 84 00 00 00 00 00 00 00 00 00 00 00 00   P.ÅÑ............	
    00 00 00 00 00 00 00 00 00 00 00 00 00 00 00 00   ................	
    00 00 00 00 55                                    ....U           	
[20/02/2026 12:24:18] Read data (COM4)	
    50 00 81 84 00 00 00 00 00 00 00 00 00 00 00 00   P.ÅÑ............	
    00 00 00 00 00 00 09 00 00 00 01 09 00 00 00 00   ................	
    09 00 00 00 71                                    ....q           	
[20/02/2026 12:24:18] Written data (COM4)	
    50 00 81 95 00 00 00 00 00 00 00 00 00 00 00 00   P.Åï............	
    00 00 00 00 00 00 00 00 00 00 00 00 00 00 00 00   ................	
    00 00 00 00 66                                    ....f           	
[20/02/2026 12:24:18] Read data (COM4)	
    50 00 81 95 00 09 00 00 00 01 09 00 00 00 00 09   P.Åï............	
    00 00 00 00 09 00 00 00 04 92 02 b5 01 92 02 8f   .........í.µ.í.è	
    02 8f 02 8f 1e                                    .è.è.           	
[20/02/2026 12:24:19] Written data (COM4)	
    50 00 81 44 00 00 00 00 00 00 00 00 00 00 00 00   P.ÅD............	
    00 00 00 00 00 00 00 00 00 00 00 00 00 00 00 00   ................	
    00 00 00 00 15                                    .....           	
[20/02/2026 12:24:19] Read data (COM4)	
    50 00 81 44 08 00 00 00 01 14 1a 02 14 0c 12 02   P.ÅD............	
    c4 94 98 00 00 00 00 00 00 00 00 00 00 00 00 00   ƒîò.............	
    00 00 00 00 72                                    ....r           	
[20/02/2026 12:24:19] Written data (COM4)	
    50 00 81 64 00 00 00 00 00 00 00 00 00 00 00 00   P.Åd............	
    00 00 00 00 00 00 00 00 00 00 00 00 00 00 00 00   ................	
    00 00 00 00 35                                    ....5           	
[20/02/2026 12:24:19] Read data (COM4)	
    50 00 81 64 00 00 80 00 00 00 00 00 00 00 00 00   P.Åd..Ä.........	
    00 00 00 00 00 00 00 00 00 00 00 00 00 00 00 00   ................	
    00 00 00 00 b5                                    ....µ           	
[20/02/2026 12:24:19] Written data (COM4)	
    50 00 81 84 00 00 00 00 00 00 00 00 00 00 00 00   P.ÅÑ............	
    00 00 00 00 00 00 00 00 00 00 00 00 00 00 00 00   ................	
    00 00 00 00 55                                    ....U           	
[20/02/2026 12:24:19] Read data (COM4)	
    50 00 81 84 00 00 00 00 00 00 00 00 00 00 00 00   P.ÅÑ............	
    00 00 00 00 00 00 09 00 00 00 01 09 00 00 00 00   ................	
    09 00 00 00 71                                    ....q           	
[20/02/2026 12:24:19] Written data (COM4)	
    50 00 81 95 00 00 00 00 00 00 00 00 00 00 00 00   P.Åï............	
    00 00 00 00 00 00 00 00 00 00 00 00 00 00 00 00   ................	
    00 00 00 00 66                                    ....f           	
[20/02/2026 12:24:19] Read data (COM4)	
    50 00 81 95 00 09 00 00 00 01 09 00 00 00 00 09   P.Åï............	
    00 00 00 00 09 00 00 00 04 92 02 b5 01 92 02 8f   .........í.µ.í.è	
    02 8f 02 8f 1e                                    .è.è.           	
[20/02/2026 12:24:19] Written data (COM4)	
    50 00 81 44 00 00 00 00 00 00 00 00 00 00 00 00   P.ÅD............	
    00 00 00 00 00 00 00 00 00 00 00 00 00 00 00 00   ................	
    00 00 00 00 15                                    .....           	
[20/02/2026 12:24:19] Read data (COM4)	
    50 00 81 44 08 00 00 00 01 14 1a 02 14 0c 12 03   P.ÅD............	
    c4 94 98 00 00 00 00 00 00 00 00 00 00 00 00 00   ƒîò.............	
    00 00 00 00 73                                    ....s           	
[20/02/2026 12:24:20] Written data (COM4)	
    50 00 81 64 00 00 00 00 00 00 00 00 00 00 00 00   P.Åd............	
    00 00 00 00 00 00 00 00 00 00 00 00 00 00 00 00   ................	
    00 00 00 00 35                                    ....5           	
[20/02/2026 12:24:20] Read data (COM4)	
    50 00 81 64 00 00 80 00 00 00 00 00 00 00 00 00   P.Åd..Ä.........	
    00 00 00 00 00 00 00 00 00 00 00 00 00 00 00 00   ................	
    00 00 00 00 b5                                    ....µ           	
[20/02/2026 12:24:20] Written data (COM4)	
    50 00 81 84 00 00 00 00 00 00 00 00 00 00 00 00   P.ÅÑ............	
    00 00 00 00 00 00 00 00 00 00 00 00 00 00 00 00   ................	
    00 00 00 00 55                                    ....U           	
[20/02/2026 12:24:20] Read data (COM4)	
    50 00 81 84 00 00 00 00 00 00 00 00 00 00 00 00   P.ÅÑ............	
    00 00 00 00 00 00 09 00 00 00 01 09 00 00 00 00   ................	
    09 00 00 00 71                                    ....q           	
[20/02/2026 12:24:20] Written data (COM4)	
    50 00 81 95 00 00 00 00 00 00 00 00 00 00 00 00   P.Åï............	
    00 00 00 00 00 00 00 00 00 00 00 00 00 00 00 00   ................	
    00 00 00 00 66                                    ....f           	
[20/02/2026 12:24:20] Read data (COM4)	
    50 00 81 95 00 09 00 00 00 01 09 00 00 00 00 09   P.Åï............	
    00 00 00 00 09 00 00 00 04 92 02 b5 01 92 02 8f   .........í.µ.í.è	
    02 8f 02 8f 1e                                    .è.è.           	
[20/02/2026 12:24:20] Written data (COM4)	
    50 00 81 44 00 00 00 00 00 00 00 00 00 00 00 00   P.ÅD............	
    00 00 00 00 00 00 00 00 00 00 00 00 00 00 00 00   ................	
    00 00 00 00 15                                    .....           	
[20/02/2026 12:24:20] Read data (COM4)	
    50 00 81 44 08 00 00 00 01 14 1a 02 14 0c 12 03   P.ÅD............	
    c4 94 98 00 00 00 00 00 00 00 00 00 00 00 00 00   ƒîò.............	
    00 00 00 00 73                                    ....s           	
[20/02/2026 12:24:20] Written data (COM4)	
    50 00 81 64 00 00 00 00 00 00 00 00 00 00 00 00   P.Åd............	
    00 00 00 00 00 00 00 00 00 00 00 00 00 00 00 00   ................	
    00 00 00 00 35                                    ....5           	
[20/02/2026 12:24:20] Read data (COM4)	
    50 00 81 64 00 00 80 00 00 00 00 00 00 00 00 00   P.Åd..Ä.........	
    00 00 00 00 00 00 00 00 00 00 00 00 00 00 00 00   ................	
    00 00 00 00 b5                                    ....µ           	
[20/02/2026 12:24:21] Written data (COM4)	
    50 00 81 84 00 00 00 00 00 00 00 00 00 00 00 00   P.ÅÑ............	
    00 00 00 00 00 00 00 00 00 00 00 00 00 00 00 00   ................	
    00 00 00 00 55                                    ....U           	
[20/02/2026 12:24:21] Read data (COM4)	
    50 00 81 84 00 00 00 00 00 00 00 00 00 00 00 00   P.ÅÑ............	
    00 00 00 00 00 00 09 00 00 00 01 09 00 00 00 00   ................	
    09 00 00 00 71                                    ....q           	
[20/02/2026 12:24:21] Written data (COM4)	
    50 00 81 95 00 00 00 00 00 00 00 00 00 00 00 00   P.Åï............	
    00 00 00 00 00 00 00 00 00 00 00 00 00 00 00 00   ................	
    00 00 00 00 66                                    ....f           	
[20/02/2026 12:24:21] Read data (COM4)	
    50 00 81 95 00 09 00 00 00 01 09 00 00 00 00 09   P.Åï............	
    00 00 00 00 09 00 00 00 04 92 02 b5 01 92 02 8f   .........í.µ.í.è	
    02 8f 02 8f 1e                                    .è.è.           	
[20/02/2026 12:24:21] Written data (COM4)	
    50 00 81 44 00 00 00 00 00 00 00 00 00 00 00 00   P.ÅD............	
    00 00 00 00 00 00 00 00 00 00 00 00 00 00 00 00   ................	
    00 00 00 00 15                                    .....           	
[20/02/2026 12:24:21] Read data (COM4)	
    50 00 81 44 08 00 00 00 01 14 1a 02 14 0c 12 04   P.ÅD............	
    c4 94 98 00 00 00 00 00 00 00 00 00 00 00 00 00   ƒîò.............	
    00 00 00 00 74                                    ....t           	
[20/02/2026 12:24:21] Written data (COM4)	
    50 00 81 64 00 00 00 00 00 00 00 00 00 00 00 00   P.Åd............	
    00 00 00 00 00 00 00 00 00 00 00 00 00 00 00 00   ................	
    00 00 00 00 35                                    ....5           	
[20/02/2026 12:24:21] Read data (COM4)	
    50 00 81 64 00 00 80 00 00 00 00 00 00 00 00 00   P.Åd..Ä.........	
    00 00 00 00 00 00 00 00 00 00 00 00 00 00 00 00   ................	
    00 00 00 00 b5                                    ....µ           	
[20/02/2026 12:24:21] Written data (COM4)	
    50 00 81 84 00 00 00 00 00 00 00 00 00 00 00 00   P.ÅÑ............	
    00 00 00 00 00 00 00 00 00 00 00 00 00 00 00 00   ................	
    00 00 00 00 55                                    ....U           	
[20/02/2026 12:24:21] Read data (COM4)	
    50 00 81 84 00 00 00 00 00 00 00 00 00 00 00 00   P.ÅÑ............	
    00 00 00 00 00 00 09 00 00 00 01 09 00 00 00 00   ................	
    09 00 00 00 71                                    ....q           	
[20/02/2026 12:24:22] Written data (COM4)	
    50 00 81 95 00 00 00 00 00 00 00 00 00 00 00 00   P.Åï............	
    00 00 00 00 00 00 00 00 00 00 00 00 00 00 00 00   ................	
    00 00 00 00 66                                    ....f           	
[20/02/2026 12:24:22] Read data (COM4)	
    50 00 81 95 00 09 00 00 00 01 09 00 00 00 00 09   P.Åï............	
    00 00 00 00 09 00 00 00 04 92 02 b5 01 92 02 8f   .........í.µ.í.è	
    02 8f 02 8f 1e                                    .è.è.           	
[20/02/2026 12:24:22] Written data (COM4)	
    40 00 06 00 00 00 00 00 00 00 00 00 00 00 00 00   @...............	
    00 00 00 00 00 00 00 00 00 00 00 00 00 00 00 00   ................	
    00 00 00 00 46                                    ....F           	
[20/02/2026 12:24:22] Read data (COM4)	
    40 00 06 00 00 00 00 00 00 00 00 00 00 00 00 00   @...............	
    00 00 00 00 00 00 00 00 00 00 00 00 00 00 00 00   ................	
    00 00 00 00 46                                    ....F           	
[20/02/2026 12:24:22] Written data (COM4)	
    50 00 81 44 00 00 00 00 00 00 00 00 00 00 00 00   P.ÅD............	
    00 00 00 00 00 00 00 00 00 00 00 00 00 00 00 00   ................	
    00 00 00 00 15                                    .....           	
[20/02/2026 12:24:22] Read data (COM4)	
    50 00 81 44 08 00 00 00 01 14 1a 02 14 0c 12 05   P.ÅD............	
    c4 94 97 00 00 00 00 00 00 00 00 00 00 00 00 00   ƒîó.............	
    00 00 00 00 74                                    ....t           	
[20/02/2026 12:24:22] Written data (COM4)	
    50 00 81 64 00 00 00 00 00 00 00 00 00 00 00 00   P.Åd............	
    00 00 00 00 00 00 00 00 00 00 00 00 00 00 00 00   ................	
    00 00 00 00 35                                    ....5           	
[20/02/2026 12:24:22] Read data (COM4)	
    50 00 81 64 00 00 80 00 00 00 00 00 00 00 00 00   P.Åd..Ä.........	
    00 00 00 00 00 00 00 00 00 00 00 00 00 00 00 00   ................	
    00 00 00 00 b5                                    ....µ           	
[20/02/2026 12:24:22] Written data (COM4)	
    50 00 81 84 00 00 00 00 00 00 00 00 00 00 00 00   P.ÅÑ............	
    00 00 00 00 00 00 00 00 00 00 00 00 00 00 00 00   ................	
    00 00 00 00 55                                    ....U           	
[20/02/2026 12:24:22] Read data (COM4)	
    50 00 81 84 00 00 00 00 00 00 00 00 00 00 00 00   P.ÅÑ............	
    00 00 00 00 00 00 09 00 00 00 00 09 00 00 00 00   ................	
    09 00 00 00 70                                    ....p           	
[20/02/2026 12:24:23] Written data (COM4)	
    50 00 81 95 00 00 00 00 00 00 00 00 00 00 00 00   P.Åï............	
    00 00 00 00 00 00 00 00 00 00 00 00 00 00 00 00   ................	
    00 00 00 00 66                                    ....f           	
[20/02/2026 12:24:23] Read data (COM4)	
    50 00 81 95 00 09 00 00 00 00 09 00 00 00 00 09   P.Åï............	
    00 00 00 00 09 00 00 00 04 93 02 b5 01 93 02 8f   .........ì.µ.ì.è	
    02 8f 02 8f 1f                                    .è.è.           	
[20/02/2026 12:24:23] Written data (COM4)	
    50 00 81 44 00 00 00 00 00 00 00 00 00 00 00 00   P.ÅD............	
    00 00 00 00 00 00 00 00 00 00 00 00 00 00 00 00   ................	
    00 00 00 00 15                                    .....           	
[20/02/2026 12:24:23] Read data (COM4)	
    50 00 81 44 08 00 00 00 01 14 1a 02 14 0c 12 06   P.ÅD............	
    c4 94 97 00 00 00 00 00 00 00 00 00 00 00 00 00   ƒîó.............	
    00 00 00 00 75                                    ....u           	
[20/02/2026 12:24:23] Written data (COM4)	
    50 00 81 64 00 00 00 00 00 00 00 00 00 00 00 00   P.Åd............	
    00 00 00 00 00 00 00 00 00 00 00 00 00 00 00 00   ................	
    00 00 00 00 35                                    ....5           	
[20/02/2026 12:24:23] Read data (COM4)	
    50 00 81 64 00 00 80 00 00 00 00 00 00 00 00 00   P.Åd..Ä.........	
    00 00 00 00 00 00 00 00 00 00 00 00 00 00 00 00   ................	
    00 00 00 00 b5                                    ....µ           	
[20/02/2026 12:24:23] Written data (COM4)	
    50 00 81 84 00 00 00 00 00 00 00 00 00 00 00 00   P.ÅÑ............	
    00 00 00 00 00 00 00 00 00 00 00 00 00 00 00 00   ................	
    00 00 00 00 55                                    ....U           	
[20/02/2026 12:24:23] Read data (COM4)	
    50 00 81 84 00 00 00 00 00 00 00 00 00 00 00 00   P.ÅÑ............	
    00 00 00 00 00 00 09 00 00 00 00 09 00 00 00 00   ................	
    09 00 00 00 70                                    ....p           	
[20/02/2026 12:24:23] Written data (COM4)	
    50 00 81 95 00 00 00 00 00 00 00 00 00 00 00 00   P.Åï............	
    00 00 00 00 00 00 00 00 00 00 00 00 00 00 00 00   ................	
    00 00 00 00 66                                    ....f           	
[20/02/2026 12:24:23] Read data (COM4)	
    50 00 81 95 00 09 00 00 00 00 09 00 00 00 00 09   P.Åï............	
    00 00 00 00 09 00 00 00 04 93 02 b5 01 93 02 8f   .........ì.µ.ì.è	
    02 8f 02 8f 1f                                    .è.è.           	
[20/02/2026 12:24:24] Written data (COM4)	
    50 00 81 44 00 00 00 00 00 00 00 00 00 00 00 00   P.ÅD............	
    00 00 00 00 00 00 00 00 00 00 00 00 00 00 00 00   ................	
    00 00 00 00 15                                    .....           	
[20/02/2026 12:24:24] Read data (COM4)	
    50 00 81 44 08 00 00 00 01 14 1a 02 14 0c 12 07   P.ÅD............	
    c4 94 97 00 00 00 00 00 00 00 00 00 00 00 00 00   ƒîó.............	
    00 00 00 00 76                                    ....v           	
[20/02/2026 12:24:24] Written data (COM4)	
    50 00 81 64 00 00 00 00 00 00 00 00 00 00 00 00   P.Åd............	
    00 00 00 00 00 00 00 00 00 00 00 00 00 00 00 00   ................	
    00 00 00 00 35                                    ....5           	
[20/02/2026 12:24:24] Read data (COM4)	
    50 00 81 64 00 00 80 00 00 00 00 00 00 00 00 00   P.Åd..Ä.........	
    00 00 00 00 00 00 00 00 00 00 00 00 00 00 00 00   ................	
    00 00 00 00 b5                                    ....µ           	
[20/02/2026 12:24:24] Written data (COM4)	
    50 00 81 84 00 00 00 00 00 00 00 00 00 00 00 00   P.ÅÑ............	
    00 00 00 00 00 00 00 00 00 00 00 00 00 00 00 00   ................	
    00 00 00 00 55                                    ....U           	
[20/02/2026 12:24:24] Read data (COM4)	
    50 00 81 84 00 00 00 00 00 00 00 00 00 00 00 00   P.ÅÑ............	
    00 00 00 00 00 00 09 00 00 00 00 09 00 00 00 00   ................	
    09 00 00 00 70                                    ....p           	
[20/02/2026 12:24:24] Written data (COM4)	
    50 00 81 95 00 00 00 00 00 00 00 00 00 00 00 00   P.Åï............	
    00 00 00 00 00 00 00 00 00 00 00 00 00 00 00 00   ................	
    00 00 00 00 66                                    ....f           	
[20/02/2026 12:24:24] Read data (COM4)	
    50 00 81 95 00 09 00 00 00 00 09 00 00 00 00 09   P.Åï............	
    00 00 00 00 09 00 00 00 04 93 02 b5 01 93 02 8f   .........ì.µ.ì.è	
    02 8f 02 8f 1f                                    .è.è.           	
[20/02/2026 12:24:24] Written data (COM4)	
    50 00 81 44 00 00 00 00 00 00 00 00 00 00 00 00   P.ÅD............	
    00 00 00 00 00 00 00 00 00 00 00 00 00 00 00 00   ................	
    00 00 00 00 15                                    .....           	
[20/02/2026 12:24:24] Read data (COM4)	
    50 00 81 44 08 00 00 00 01 14 1a 02 14 0c 12 08   P.ÅD............	
    c4 94 97 00 00 00 00 00 00 00 00 00 00 00 00 00   ƒîó.............	
    00 00 00 00 77                                    ....w           	
[20/02/2026 12:24:25] Written data (COM4)	
    50 00 81 64 00 00 00 00 00 00 00 00 00 00 00 00   P.Åd............	
    00 00 00 00 00 00 00 00 00 00 00 00 00 00 00 00   ................	
    00 00 00 00 35                                    ....5           	
[20/02/2026 12:24:25] Read data (COM4)	
    50 00 81 64 00 00 80 00 00 00 00 00 00 00 00 00   P.Åd..Ä.........	
    00 00 00 00 00 00 00 00 00 00 00 00 00 00 00 00   ................	
    00 00 00 00 b5                                    ....µ           	
[20/02/2026 12:24:25] Written data (COM4)	
    50 00 81 84 00 00 00 00 00 00 00 00 00 00 00 00   P.ÅÑ............	
    00 00 00 00 00 00 00 00 00 00 00 00 00 00 00 00   ................	
    00 00 00 00 55                                    ....U           	
[20/02/2026 12:24:25] Read data (COM4)	
    50 00 81 84 00 00 00 00 00 00 00 00 00 00 00 00   P.ÅÑ............	
    00 00 00 00 00 00 09 00 00 00 00 09 00 00 00 00   ................	
    09 00 00 00 70                                    ....p           	
[20/02/2026 12:24:25] Written data (COM4)	
    50 00 81 95 00 00 00 00 00 00 00 00 00 00 00 00   P.Åï............	
    00 00 00 00 00 00 00 00 00 00 00 00 00 00 00 00   ................	
    00 00 00 00 66                                    ....f           	
[20/02/2026 12:24:25] Read data (COM4)	
    50 00 81 95 00 09 00 00 00 00 09 00 00 00 00 09   P.Åï............	
    00 00 00 00 09 00 00 00 04 93 02 b5 01 93 02 8f   .........ì.µ.ì.è	
    02 8f 02 8f 1f                                    .è.è.           	
[20/02/2026 12:24:25] Written data (COM4)	
    50 00 81 44 00 00 00 00 00 00 00 00 00 00 00 00   P.ÅD............	
    00 00 00 00 00 00 00 00 00 00 00 00 00 00 00 00   ................	
    00 00 00 00 15                                    .....           	
[20/02/2026 12:24:25] Read data (COM4)	
    50 00 81 44 08 00 00 00 01 14 1a 02 14 0c 12 08   P.ÅD............	
    c4 94 97 00 00 00 00 00 00 00 00 00 00 00 00 00   ƒîó.............	
    00 00 00 00 77                                    ....w           	
[20/02/2026 12:24:25] Written data (COM4)	
    50 00 81 64 00 00 00 00 00 00 00 00 00 00 00 00   P.Åd............	
    00 00 00 00 00 00 00 00 00 00 00 00 00 00 00 00   ................	
    00 00 00 00 35                                    ....5           	
[20/02/2026 12:24:25] Read data (COM4)	
    50 00 81 64 00 00 80 00 00 00 00 00 00 00 00 00   P.Åd..Ä.........	
    00 00 00 00 00 00 00 00 00 00 00 00 00 00 00 00   ................	
    00 00 00 00 b5                                    ....µ           	
[20/02/2026 12:24:26] Written data (COM4)	
    50 00 81 84 00 00 00 00 00 00 00 00 00 00 00 00   P.ÅÑ............	
    00 00 00 00 00 00 00 00 00 00 00 00 00 00 00 00   ................	
    00 00 00 00 55                                    ....U           	
[20/02/2026 12:24:26] Read data (COM4)	
    50 00 81 84 00 00 00 00 00 00 00 00 00 00 00 00   P.ÅÑ............	
    00 00 00 00 00 00 09 00 00 00 00 09 00 00 00 00   ................	
    09 00 00 00 70                                    ....p           	
[20/02/2026 12:24:26] Written data (COM4)	
    50 00 81 95 00 00 00 00 00 00 00 00 00 00 00 00   P.Åï............	
    00 00 00 00 00 00 00 00 00 00 00 00 00 00 00 00   ................	
    00 00 00 00 66                                    ....f           	
[20/02/2026 12:24:26] Read data (COM4)	
    50 00 81 95 00 09 00 00 00 00 09 00 00 00 00 09   P.Åï............	
    00 00 00 00 09 00 00 00 04 93 02 b5 01 93 02 8f   .........ì.µ.ì.è	
    02 8f 02 8f 1f                                    .è.è.           	
[20/02/2026 12:24:26] Written data (COM4)	
    50 00 81 44 00 00 00 00 00 00 00 00 00 00 00 00   P.ÅD............	
    00 00 00 00 00 00 00 00 00 00 00 00 00 00 00 00   ................	
    00 00 00 00 15                                    .....           	
[20/02/2026 12:24:26] Read data (COM4)	
    50 00 81 44 08 00 00 00 01 14 1a 02 14 0c 12 09   P.ÅD............	
    c4 94 98 00 00 00 00 00 00 00 00 00 00 00 00 00   ƒîò.............	
    00 00 00 00 79                                    ....y           	
[20/02/2026 12:24:26] Written data (COM4)	
    50 00 81 64 00 00 00 00 00 00 00 00 00 00 00 00   P.Åd............	
    00 00 00 00 00 00 00 00 00 00 00 00 00 00 00 00   ................	
    00 00 00 00 35                                    ....5           	
[20/02/2026 12:24:26] Read data (COM4)	
    50 00 81 64 00 00 80 00 00 00 00 00 00 00 00 00   P.Åd..Ä.........	
    00 00 00 00 00 00 00 00 00 00 00 00 00 00 00 00   ................	
    00 00 00 00 b5                                    ....µ           	
[20/02/2026 12:24:26] Written data (COM4)	
    50 00 81 84 00 00 00 00 00 00 00 00 00 00 00 00   P.ÅÑ............	
    00 00 00 00 00 00 00 00 00 00 00 00 00 00 00 00   ................	
    00 00 00 00 55                                    ....U           	
[20/02/2026 12:24:26] Read data (COM4)	
    50 00 81 84 00 00 00 00 00 00 00 00 00 00 00 00   P.ÅÑ............	
    00 00 00 00 00 00 09 00 00 00 00 09 00 00 00 00   ................	
    09 00 00 00 70                                    ....p           	
[20/02/2026 12:24:27] Written data (COM4)	
    50 00 81 95 00 00 00 00 00 00 00 00 00 00 00 00   P.Åï............	
    00 00 00 00 00 00 00 00 00 00 00 00 00 00 00 00   ................	
    00 00 00 00 66                                    ....f           	
[20/02/2026 12:24:27] Read data (COM4)	
    50 00 81 95 00 09 00 00 00 00 09 00 00 00 00 09   P.Åï............	
    00 00 00 00 09 00 00 00 04 93 02 b5 01 93 02 8f   .........ì.µ.ì.è	
    02 8f 02 8f 1f                                    .è.è.           	
[20/02/2026 12:24:27] Written data (COM4)	
    50 00 81 44 00 00 00 00 00 00 00 00 00 00 00 00   P.ÅD............	
    00 00 00 00 00 00 00 00 00 00 00 00 00 00 00 00   ................	
    00 00 00 00 15                                    .....           	
[20/02/2026 12:24:27] Read data (COM4)	
    50 00 81 44 08 00 00 00 01 14 1a 02 14 0c 12 0a   P.ÅD............	
    c4 94 98 00 00 00 00 00 00 00 00 00 00 00 00 00   ƒîò.............	
    00 00 00 00 7a                                    ....z           	
[20/02/2026 12:24:27] Written data (COM4)	
    50 00 81 64 00 00 00 00 00 00 00 00 00 00 00 00   P.Åd............	
    00 00 00 00 00 00 00 00 00 00 00 00 00 00 00 00   ................	
    00 00 00 00 35                                    ....5           	
[20/02/2026 12:24:27] Read data (COM4)	
    50 00 81 64 00 00 80 00 00 00 00 00 00 00 00 00   P.Åd..Ä.........	
    00 00 00 00 00 00 00 00 00 00 00 00 00 00 00 00   ................	
    00 00 00 00 b5                                    ....µ           	
[20/02/2026 12:24:27] Written data (COM4)	
    50 00 81 84 00 00 00 00 00 00 00 00 00 00 00 00   P.ÅÑ............	
    00 00 00 00 00 00 00 00 00 00 00 00 00 00 00 00   ................	
    00 00 00 00 55                                    ....U           	
[20/02/2026 12:24:27] Read data (COM4)	
    50 00 81 84 00 00 00 00 00 00 00 00 00 00 00 00   P.ÅÑ............	
    00 00 00 00 00 00 09 00 00 00 00 09 00 00 00 00   ................	
    09 00 00 00 70                                    ....p           	
[20/02/2026 12:24:27] Written data (COM4)	
    50 00 81 95 00 00 00 00 00 00 00 00 00 00 00 00   P.Åï............	
    00 00 00 00 00 00 00 00 00 00 00 00 00 00 00 00   ................	
    00 00 00 00 66                                    ....f           	
[20/02/2026 12:24:28] Read data (COM4)	
    50 00 81 95 00 09 00 00 00 00 09 00 00 00 00 09   P.Åï............	
    00 00 00 00 09 00 00 00 04 93 02 b5 01 93 02 8f   .........ì.µ.ì.è	
    02 8f 02 8f 1f                                    .è.è.           	
[20/02/2026 12:24:28] Written data (COM4)	
    50 00 81 44 00 00 00 00 00 00 00 00 00 00 00 00   P.ÅD............	
    00 00 00 00 00 00 00 00 00 00 00 00 00 00 00 00   ................	
    00 00 00 00 15                                    .....           	
[20/02/2026 12:24:28] Read data (COM4)	
    50 00 81 44 08 00 00 00 01 14 1a 02 14 0c 12 0b   P.ÅD............	
    c4 94 97 00 00 00 00 00 00 00 00 00 00 00 00 00   ƒîó.............	
    00 00 00 00 7a                                    ....z           	
[20/02/2026 12:24:28] Written data (COM4)	
    50 00 81 64 00 00 00 00 00 00 00 00 00 00 00 00   P.Åd............	
    00 00 00 00 00 00 00 00 00 00 00 00 00 00 00 00   ................	
    00 00 00 00 35                                    ....5           	
[20/02/2026 12:24:28] Read data (COM4)	
    50 00 81 64 00 00 80 00 00 00 00 00 00 00 00 00   P.Åd..Ä.........	
    00 00 00 00 00 00 00 00 00 00 00 00 00 00 00 00   ................	
    00 00 00 00 b5                                    ....µ           	
[20/02/2026 12:24:28] Written data (COM4)	
    50 00 81 84 00 00 00 00 00 00 00 00 00 00 00 00   P.ÅÑ............	
    00 00 00 00 00 00 00 00 00 00 00 00 00 00 00 00   ................	
    00 00 00 00 55                                    ....U           	
[20/02/2026 12:24:28] Read data (COM4)	
    50 00 81 84 00 00 00 00 00 00 00 00 00 00 00 00   P.ÅÑ............	
    00 00 00 00 00 00 09 00 00 00 00 09 00 00 00 00   ................	
    09 00 00 00 70                                    ....p           	
[20/02/2026 12:24:28] Written data (COM4)	
    50 00 81 95 00 00 00 00 00 00 00 00 00 00 00 00   P.Åï............	
    00 00 00 00 00 00 00 00 00 00 00 00 00 00 00 00   ................	
    00 00 00 00 66                                    ....f           	
[20/02/2026 12:24:28] Read data (COM4)	
    50 00 81 95 00 09 00 00 00 00 09 00 00 00 00 09   P.Åï............	
    00 00 00 00 09 00 00 00 04 93 02 b5 01 93 02 8f   .........ì.µ.ì.è	
    02 8f 02 8f 1f                                    .è.è.           	
[20/02/2026 12:24:29] Written data (COM4)	
    50 00 81 44 00 00 00 00 00 00 00 00 00 00 00 00   P.ÅD............	
    00 00 00 00 00 00 00 00 00 00 00 00 00 00 00 00   ................	
    00 00 00 00 15                                    .....           	
[20/02/2026 12:24:29] Read data (COM4)	
    50 00 81 44 08 00 00 00 01 14 1a 02 14 0c 12 0c   P.ÅD............	
    c4 94 98 00 00 00 00 00 00 00 00 00 00 00 00 00   ƒîò.............	
    00 00 00 00 7c                                    ....|           	
[20/02/2026 12:24:29] Written data (COM4)	
    50 00 81 64 00 00 00 00 00 00 00 00 00 00 00 00   P.Åd............	
    00 00 00 00 00 00 00 00 00 00 00 00 00 00 00 00   ................	
    00 00 00 00 35                                    ....5           	
[20/02/2026 12:24:29] Read data (COM4)	
    50 00 81 64 00 00 80 00 00 00 00 00 00 00 00 00   P.Åd..Ä.........	
    00 00 00 00 00 00 00 00 00 00 00 00 00 00 00 00   ................	
    00 00 00 00 b5                                    ....µ           	
[20/02/2026 12:24:29] Written data (COM4)	
    50 00 81 84 00 00 00 00 00 00 00 00 00 00 00 00   P.ÅÑ............	
    00 00 00 00 00 00 00 00 00 00 00 00 00 00 00 00   ................	
    00 00 00 00 55                                    ....U           	
[20/02/2026 12:24:29] Read data (COM4)	
    50 00 81 84 00 00 00 00 00 00 00 00 00 00 00 00   P.ÅÑ............	
    00 00 00 00 00 00 09 00 00 00 00 09 00 00 00 00   ................	
    09 00 00 00 70                                    ....p           	
[20/02/2026 12:24:29] Written data (COM4)	
    50 00 81 95 00 00 00 00 00 00 00 00 00 00 00 00   P.Åï............	
    00 00 00 00 00 00 00 00 00 00 00 00 00 00 00 00   ................	
    00 00 00 00 66                                    ....f           	
[20/02/2026 12:24:29] Read data (COM4)	
    50 00 81 95 00 09 00 00 00 00 09 00 00 00 00 09   P.Åï............	
    00 00 00 00 09 00 00 00 04 93 02 b5 01 93 02 8f   .........ì.µ.ì.è	
    02 8f 02 8f 1f                                    .è.è.           	
[20/02/2026 12:24:29] Written data (COM4)	
    50 00 81 44 00 00 00 00 00 00 00 00 00 00 00 00   P.ÅD............	
    00 00 00 00 00 00 00 00 00 00 00 00 00 00 00 00   ................	
    00 00 00 00 15                                    .....           	
[20/02/2026 12:24:29] Read data (COM4)	
    50 00 81 44 08 00 00 00 01 14 1a 02 14 0c 12 0d   P.ÅD............	
    c4 94 97 00 00 00 00 00 00 00 00 00 00 00 00 00   ƒîó.............	
    00 00 00 00 7c                                    ....|           	
[20/02/2026 12:24:30] Written data (COM4)	
    50 00 81 64 00 00 00 00 00 00 00 00 00 00 00 00   P.Åd............	
    00 00 00 00 00 00 00 00 00 00 00 00 00 00 00 00   ................	
    00 00 00 00 35                                    ....5           	
[20/02/2026 12:24:30] Read data (COM4)	
    50 00 81 64 00 00 80 00 00 00 00 00 00 00 00 00   P.Åd..Ä.........	
    00 00 00 00 00 00 00 00 00 00 00 00 00 00 00 00   ................	
    00 00 00 00 b5                                    ....µ           	
[20/02/2026 12:24:30] Written data (COM4)	
    50 00 81 84 00 00 00 00 00 00 00 00 00 00 00 00   P.ÅÑ............	
    00 00 00 00 00 00 00 00 00 00 00 00 00 00 00 00   ................	
    00 00 00 00 55                                    ....U           	
[20/02/2026 12:24:30] Read data (COM4)	
    50 00 81 84 00 00 00 00 00 00 00 00 00 00 00 00   P.ÅÑ............	
    00 00 00 00 00 00 09 00 00 00 00 09 00 00 00 00   ................	
    09 00 00 00 70                                    ....p           	
[20/02/2026 12:24:30] Written data (COM4)	
    50 00 81 95 00 00 00 00 00 00 00 00 00 00 00 00   P.Åï............	
    00 00 00 00 00 00 00 00 00 00 00 00 00 00 00 00   ................	
    00 00 00 00 66                                    ....f           	
[20/02/2026 12:24:30] Read data (COM4)	
    50 00 81 95 00 09 00 00 00 00 09 00 00 00 00 09   P.Åï............	
    00 00 00 00 09 00 00 00 04 93 02 b5 01 93 02 8f   .........ì.µ.ì.è	
    02 8f 02 8f 1f                                    .è.è.           	
[20/02/2026 12:24:30] Written data (COM4)	
    50 00 81 44 00 00 00 00 00 00 00 00 00 00 00 00   P.ÅD............	
    00 00 00 00 00 00 00 00 00 00 00 00 00 00 00 00   ................	
    00 00 00 00 15                                    .....           	
[20/02/2026 12:24:30] Read data (COM4)	
    50 00 81 44 08 00 00 00 01 14 1a 02 14 0c 12 0d   P.ÅD............	
    c4 94 98 00 00 00 00 00 00 00 00 00 00 00 00 00   ƒîò.............	
    00 00 00 00 7d                                    ....}           	
[20/02/2026 12:24:30] Written data (COM4)	
    50 00 81 64 00 00 00 00 00 00 00 00 00 00 00 00   P.Åd............	
    00 00 00 00 00 00 00 00 00 00 00 00 00 00 00 00   ................	
    00 00 00 00 35                                    ....5           	
[20/02/2026 12:24:30] Read data (COM4)	
    50 00 81 64 00 00 80 00 00 00 00 00 00 00 00 00   P.Åd..Ä.........	
    00 00 00 00 00 00 00 00 00 00 00 00 00 00 00 00   ................	
    00 00 00 00 b5                                    ....µ           	
[20/02/2026 12:24:31] Written data (COM4)	
    50 00 81 84 00 00 00 00 00 00 00 00 00 00 00 00   P.ÅÑ............	
    00 00 00 00 00 00 00 00 00 00 00 00 00 00 00 00   ................	
    00 00 00 00 55                                    ....U           	
[20/02/2026 12:24:31] Read data (COM4)	
    50 00 81 84 00 00 00 00 00 00 00 00 00 00 00 00   P.ÅÑ............	
    00 00 00 00 00 00 09 00 00 00 00 09 00 00 00 00   ................	
    09 00 00 00 70                                    ....p           	
[20/02/2026 12:24:31] Written data (COM4)	
    50 00 81 95 00 00 00 00 00 00 00 00 00 00 00 00   P.Åï............	
    00 00 00 00 00 00 00 00 00 00 00 00 00 00 00 00   ................	
    00 00 00 00 66                                    ....f           	
[20/02/2026 12:24:31] Read data (COM4)	
    50 00 81 95 00 09 00 00 00 00 09 00 00 00 00 09   P.Åï............	
    00 00 00 00 09 00 00 00 04 93 02 b5 01 93 02 8f   .........ì.µ.ì.è	
    02 8f 02 8f 1f                                    .è.è.           	
[20/02/2026 12:24:31] Written data (COM4)	
    50 00 81 44 00 00 00 00 00 00 00 00 00 00 00 00   P.ÅD............	
    00 00 00 00 00 00 00 00 00 00 00 00 00 00 00 00   ................	
    00 00 00 00 15                                    .....           	
[20/02/2026 12:24:31] Read data (COM4)	
    50 00 81 44 08 00 00 00 01 14 1a 02 14 0c 12 0e   P.ÅD............	
    c4 94 98 00 00 00 00 00 00 00 00 00 00 00 00 00   ƒîò.............	
    00 00 00 00 7e                                    ....~           	
[20/02/2026 12:24:31] Written data (COM4)	
    50 00 81 64 00 00 00 00 00 00 00 00 00 00 00 00   P.Åd............	
    00 00 00 00 00 00 00 00 00 00 00 00 00 00 00 00   ................	
    00 00 00 00 35                                    ....5           	
[20/02/2026 12:24:31] Read data (COM4)	
    50 00 81 64 00 00 80 00 00 00 00 00 00 00 00 00   P.Åd..Ä.........	
    00 00 00 00 00 00 00 00 00 00 00 00 00 00 00 00   ................	
    00 00 00 00 b5                                    ....µ           	
[20/02/2026 12:24:31] Written data (COM4)	
    50 00 81 84 00 00 00 00 00 00 00 00 00 00 00 00   P.ÅÑ............	
    00 00 00 00 00 00 00 00 00 00 00 00 00 00 00 00   ................	
    00 00 00 00 55                                    ....U           	
[20/02/2026 12:24:31] Read data (COM4)	
    50 00 81 84 00 00 00 00 00 00 00 00 00 00 00 00   P.ÅÑ............	
    00 00 00 00 00 00 09 00 00 00 00 09 00 00 00 00   ................	
    09 00 00 00 70                                    ....p           	
[20/02/2026 12:24:32] Written data (COM4)	
    50 00 81 95 00 00 00 00 00 00 00 00 00 00 00 00   P.Åï............	
    00 00 00 00 00 00 00 00 00 00 00 00 00 00 00 00   ................	
    00 00 00 00 66                                    ....f           	
[20/02/2026 12:24:32] Read data (COM4)	
    50 00 81 95 00 09 00 00 00 00 09 00 00 00 00 09   P.Åï............	
    00 00 00 00 09 00 00 00 04 93 02 b5 01 93 02 8f   .........ì.µ.ì.è	
    02 8f 02 8f 1f                                    .è.è.           	
[20/02/2026 12:24:32] Written data (COM4)	
    50 00 81 44 00 00 00 00 00 00 00 00 00 00 00 00   P.ÅD............	
    00 00 00 00 00 00 00 00 00 00 00 00 00 00 00 00   ................	
    00 00 00 00 15                                    .....           	
[20/02/2026 12:24:32] Read data (COM4)	
    50 00 81 44 08 00 00 00 01 14 1a 02 14 0c 12 0f   P.ÅD............	
    c4 94 99 00 00 00 00 00 00 00 00 00 00 00 00 00   ƒîô.............	
    00 00 00 00 80                                    ....Ä           	
[20/02/2026 12:24:32] Written data (COM4)	
    50 00 81 64 00 00 00 00 00 00 00 00 00 00 00 00   P.Åd............	
    00 00 00 00 00 00 00 00 00 00 00 00 00 00 00 00   ................	
    00 00 00 00 35                                    ....5           	
[20/02/2026 12:24:32] Read data (COM4)	
    50 00 81 64 00 00 80 00 00 00 00 00 00 00 00 00   P.Åd..Ä.........	
    00 00 00 00 00 00 00 00 00 00 00 00 00 00 00 00   ................	
    00 00 00 00 b5                                    ....µ           	
[20/02/2026 12:24:32] Written data (COM4)	
    50 00 81 84 00 00 00 00 00 00 00 00 00 00 00 00   P.ÅÑ............	
    00 00 00 00 00 00 00 00 00 00 00 00 00 00 00 00   ................	
    00 00 00 00 55                                    ....U           	
[20/02/2026 12:24:32] Read data (COM4)	
    50 00 81 84 00 00 00 00 00 00 00 00 00 00 00 00   P.ÅÑ............	
    00 00 00 00 00 00 09 00 00 00 00 09 00 00 00 00   ................	
    09 00 00 00 70                                    ....p           	
[20/02/2026 12:24:32] Written data (COM4)	
    50 00 81 95 00 00 00 00 00 00 00 00 00 00 00 00   P.Åï............	
    00 00 00 00 00 00 00 00 00 00 00 00 00 00 00 00   ................	
    00 00 00 00 66                                    ....f           	
[20/02/2026 12:24:32] Read data (COM4)	
    50 00 81 95 00 09 00 00 00 00 09 00 00 00 00 09   P.Åï............	
    00 00 00 00 09 00 00 00 04 93 02 b5 01 93 02 8f   .........ì.µ.ì.è	
    02 8f 02 8f 1f                                    .è.è.           	
[20/02/2026 12:24:33] Written data (COM4)	
    50 00 81 44 00 00 00 00 00 00 00 00 00 00 00 00   P.ÅD............	
    00 00 00 00 00 00 00 00 00 00 00 00 00 00 00 00   ................	
    00 00 00 00 15                                    .....           	
[20/02/2026 12:24:33] Read data (COM4)	
    50 00 81 44 08 00 00 00 01 14 1a 02 14 0c 12 10   P.ÅD............	
    c4 94 98 00 00 00 00 00 00 00 00 00 00 00 00 00   ƒîò.............	
    00 00 00 00 80                                    ....Ä           	
[20/02/2026 12:24:33] Written data (COM4)	
    50 00 81 64 00 00 00 00 00 00 00 00 00 00 00 00   P.Åd............	
    00 00 00 00 00 00 00 00 00 00 00 00 00 00 00 00   ................	
    00 00 00 00 35                                    ....5           	
[20/02/2026 12:24:33] Read data (COM4)	
    50 00 81 64 00 00 80 00 00 00 00 00 00 00 00 00   P.Åd..Ä.........	
    00 00 00 00 00 00 00 00 00 00 00 00 00 00 00 00   ................	
    00 00 00 00 b5                                    ....µ           	
[20/02/2026 12:24:33] Written data (COM4)	
    50 00 81 84 00 00 00 00 00 00 00 00 00 00 00 00   P.ÅÑ............	
    00 00 00 00 00 00 00 00 00 00 00 00 00 00 00 00   ................	
    00 00 00 00 55                                    ....U           	
[20/02/2026 12:24:33] Read data (COM4)	
    50 00 81 84 00 00 00 00 00 00 00 00 00 00 00 00   P.ÅÑ............	
    00 00 00 00 00 00 09 00 00 00 00 09 00 00 00 00   ................	
    09 00 00 00 70                                    ....p           	
[20/02/2026 12:24:33] Written data (COM4)	
    50 00 81 95 00 00 00 00 00 00 00 00 00 00 00 00   P.Åï............	
    00 00 00 00 00 00 00 00 00 00 00 00 00 00 00 00   ................	
    00 00 00 00 66                                    ....f           	
[20/02/2026 12:24:33] Read data (COM4)	
    50 00 81 95 00 09 00 00 00 00 09 00 00 00 00 09   P.Åï............	
    00 00 00 00 09 00 00 00 04 93 02 b5 01 93 02 8f   .........ì.µ.ì.è	
    02 8f 02 8f 1f                                    .è.è.           	
[20/02/2026 12:24:33] Written data (COM4)	
    50 00 81 44 00 00 00 00 00 00 00 00 00 00 00 00   P.ÅD............	
    00 00 00 00 00 00 00 00 00 00 00 00 00 00 00 00   ................	
    00 00 00 00 15                                    .....           	
[20/02/2026 12:24:34] Read data (COM4)	
    50 00 81 44 08 00 00 00 01 14 1a 02 14 0c 12 11   P.ÅD............	
    c4 94 98 00 00 00 00 00 00 00 00 00 00 00 00 00   ƒîò.............	
    00 00 00 00 81                                    ....Å           	
[20/02/2026 12:24:34] Written data (COM4)	
    50 00 81 64 00 00 00 00 00 00 00 00 00 00 00 00   P.Åd............	
    00 00 00 00 00 00 00 00 00 00 00 00 00 00 00 00   ................	
    00 00 00 00 35                                    ....5           	
[20/02/2026 12:24:34] Read data (COM4)	
    50 00 81 64 00 00 80 00 00 00 00 00 00 00 00 00   P.Åd..Ä.........	
    00 00 00 00 00 00 00 00 00 00 00 00 00 00 00 00   ................	
    00 00 00 00 b5                                    ....µ           	
[20/02/2026 12:24:34] Written data (COM4)	
    50 00 81 84 00 00 00 00 00 00 00 00 00 00 00 00   P.ÅÑ............	
    00 00 00 00 00 00 00 00 00 00 00 00 00 00 00 00   ................	
    00 00 00 00 55                                    ....U           	
[20/02/2026 12:24:34] Read data (COM4)	
    50 00 81 84 00 00 00 00 00 00 00 00 00 00 00 00   P.ÅÑ............	
    00 00 00 00 00 00 09 00 00 00 00 09 00 00 00 00   ................	
    09 00 00 00 70                                    ....p           	
[20/02/2026 12:24:34] Written data (COM4)	
    50 00 81 95 00 00 00 00 00 00 00 00 00 00 00 00   P.Åï............	
    00 00 00 00 00 00 00 00 00 00 00 00 00 00 00 00   ................	
    00 00 00 00 66                                    ....f           	
[20/02/2026 12:24:34] Read data (COM4)	
    50 00 81 95 00 09 00 00 00 00 09 00 00 00 00 09   P.Åï............	
    00 00 00 00 09 00 00 00 04 93 02 b5 01 93 02 8f   .........ì.µ.ì.è	
    02 8f 02 8f 1f                                    .è.è.           	
[20/02/2026 12:24:34] Written data (COM4)	
    50 00 81 44 00 00 00 00 00 00 00 00 00 00 00 00   P.ÅD............	
    00 00 00 00 00 00 00 00 00 00 00 00 00 00 00 00   ................	
    00 00 00 00 15                                    .....           	
[20/02/2026 12:24:34] Read data (COM4)	
    50 00 81 44 08 00 00 00 01 14 1a 02 14 0c 12 12   P.ÅD............	
    c4 94 98 00 00 00 00 00 00 00 00 00 00 00 00 00   ƒîò.............	
    00 00 00 00 82                                    ....Ç           	
[20/02/2026 12:24:35] Written data (COM4)	
    50 00 81 64 00 00 00 00 00 00 00 00 00 00 00 00   P.Åd............	
    00 00 00 00 00 00 00 00 00 00 00 00 00 00 00 00   ................	
    00 00 00 00 35                                    ....5           	
[20/02/2026 12:24:35] Read data (COM4)	
    50 00 81 64 00 00 80 00 00 00 00 00 00 00 00 00   P.Åd..Ä.........	
    00 00 00 00 00 00 00 00 00 00 00 00 00 00 00 00   ................	
    00 00 00 00 b5                                    ....µ           	
[20/02/2026 12:24:35] Written data (COM4)	
    50 00 81 84 00 00 00 00 00 00 00 00 00 00 00 00   P.ÅÑ............	
    00 00 00 00 00 00 00 00 00 00 00 00 00 00 00 00   ................	
    00 00 00 00 55                                    ....U           	
[20/02/2026 12:24:35] Read data (COM4)	
    50 00 81 84 00 00 00 00 00 00 00 00 00 00 00 00   P.ÅÑ............	
    00 00 00 00 00 00 09 00 00 00 00 09 00 00 00 00   ................	
    09 00 00 00 70                                    ....p           	
[20/02/2026 12:24:35] Written data (COM4)	
    50 00 81 95 00 00 00 00 00 00 00 00 00 00 00 00   P.Åï............	
    00 00 00 00 00 00 00 00 00 00 00 00 00 00 00 00   ................	
    00 00 00 00 66                                    ....f           	
[20/02/2026 12:24:35] Read data (COM4)	
    50 00 81 95 00 09 00 00 00 00 09 00 00 00 00 09   P.Åï............	
    00 00 00 00 09 00 00 00 04 93 02 b5 01 93 02 8f   .........ì.µ.ì.è	
    02 8f 02 8f 1f                                    .è.è.           	
[20/02/2026 12:24:35] Written data (COM4)	
    50 00 81 44 00 00 00 00 00 00 00 00 00 00 00 00   P.ÅD............	
    00 00 00 00 00 00 00 00 00 00 00 00 00 00 00 00   ................	
    00 00 00 00 15                                    .....           	
[20/02/2026 12:24:35] Read data (COM4)	
    50 00 81 44 08 00 00 00 01 14 1a 02 14 0c 12 12   P.ÅD............	
    c4 94 98 00 00 00 00 00 00 00 00 00 00 00 00 00   ƒîò.............	
    00 00 00 00 82                                    ....Ç           	
[20/02/2026 12:24:35] Written data (COM4)	
    50 00 81 bc 00 00 00 00 00 00 00 00 00 00 00 00   P.Åº............	
    00 00 00 00 00 00 00 00 00 00 00 00 00 00 00 00   ................	
    00 00 00 00 8d                                    ....ç           	
[20/02/2026 12:24:35] Read data (COM4)	
    50 00 81 bc fe 0f 00 00 00 00 00 00 00 00 00 00   P.Åº˛...........	
    06 ff 22 28 e6 03 00 00 00 00 00 00 00 00 00 00   .ˇ"(Ê...........	
    20 1d 08 00 17                                     ....           	
[20/02/2026 12:24:35] Written data (COM4)	
    50 00 14 00 00 00 00 00 00 00 00 00 00 00 00 00   P...............	
    00 00 00 00 00 00 00 00 00 00 00 00 00 00 00 00   ................	
    00 00 00 00 64                                    ....d           	
[20/02/2026 12:24:35] Read data (COM4)	
    50 00 14 00 1b 36 22 d7 1b 3c 25 9f 34 3b 06 9d   P....6"◊.<%ü4;.ù	
    34 3b 06 d2 1b 36 22 d7 1b 3c 25 9f 1b 3c 25 9f   4;.“.6"◊.<%ü.<%ü	
    1b 36 22 d7 ec                                    .6"◊Ï           	
[20/02/2026 12:24:36] Written data (COM4)	
    50 00 14 20 00 00 00 00 00 00 00 00 00 00 00 00   P.. ............	
    00 00 00 00 00 00 00 00 00 00 00 00 00 00 00 00   ................	
    00 00 00 00 84                                    ....Ñ           	
[20/02/2026 12:24:36] Read data (COM4)	
    50 00 14 20 1b 36 22 d7 1b 3c 25 9f 1b 36 22 d7   P.. .6"◊.<%ü.6"◊	
    00 00 00 00 00 00 00 00 00 00 00 00 00 00 00 00   ................	
    00 00 00 00 33                                    ....3           	
[20/02/2026 12:24:36] Written data (COM4)	
    50 00 15 80 00 00 00 00 00 00 00 00 00 00 00 00   P..Ä............	
    00 00 00 00 00 00 00 00 00 00 00 00 00 00 00 00   ................	
    00 00 00 00 e5                                    ....Â           	
[20/02/2026 12:24:36] Read data (COM4)	
    50 00 15 80 00 00 00 00 00 00 00 00 00 00 00 00   P..Ä............	
    00 00 00 00 00 00 00 00 00 00 00 00 00 00 00 00   ................	
    00 00 00 00 e5                                    ....Â           	
[20/02/2026 12:24:36] Written data (COM4)	
    50 00 15 a0 00 00 00 00 00 00 00 00 00 00 00 00   P..†............	
    00 00 00 00 00 00 00 00 00 00 00 00 00 00 00 00   ................	
    00 00 00 00 05                                    .....           	
[20/02/2026 12:24:36] Read data (COM4)	
    50 00 15 a0 00 00 00 00 00 00 00 00 00 00 00 00   P..†............	
    00 00 00 00 00 00 00 00 00 00 00 00 00 00 00 00   ................	
    00 00 00 00 05                                    .....           	
[20/02/2026 12:24:36] Written data (COM4)	
    50 00 15 c0 00 00 00 00 00 00 00 00 00 00 00 00   P..¿............	
    00 00 00 00 00 00 00 00 00 00 00 00 00 00 00 00   ................	
    00 00 00 00 25                                    ....%           	
[20/02/2026 12:24:36] Read data (COM4)	
    50 00 15 c0 00 00 00 00 00 00 00 00 00 00 00 00   P..¿............	
    00 00 00 00 00 00 00 00 00 00 00 00 00 00 00 00   ................	
    00 00 00 00 25                                    ....%           	
[20/02/2026 12:24:36] Written data (COM4)	
    50 00 15 e8 00 00 00 00 00 00 00 00 00 00 00 00   P..Ë............	
    00 00 00 00 00 00 00 00 00 00 00 00 00 00 00 00   ................	
    00 00 00 00 4d                                    ....M           	
[20/02/2026 12:24:36] Read data (COM4)	
    50 00 15 e8 00 00 00 00 00 00 00 00 00 00 00 00   P..Ë............	
    00 00 00 00 00 00 00 00 00 00 00 00 00 00 00 00   ................	
    00 00 00 00 4d                                    ....M           	
[20/02/2026 12:24:36] Written data (COM4)	
    50 00 81 64 00 00 00 00 00 00 00 00 00 00 00 00   P.Åd............	
    00 00 00 00 00 00 00 00 00 00 00 00 00 00 00 00   ................	
    00 00 00 00 35                                    ....5           	
[20/02/2026 12:24:36] Read data (COM4)	
    50 00 81 64 00 00 80 00 00 00 00 00 00 00 00 00   P.Åd..Ä.........	
    00 00 00 00 00 00 00 00 00 00 00 00 00 00 00 00   ................	
    00 00 00 00 b5                                    ....µ           	
[20/02/2026 12:24:37] Written data (COM4)	
    50 00 81 84 00 00 00 00 00 00 00 00 00 00 00 00   P.ÅÑ............	
    00 00 00 00 00 00 00 00 00 00 00 00 00 00 00 00   ................	
    00 00 00 00 55                                    ....U           	
[20/02/2026 12:24:37] Read data (COM4)	
    50 00 81 84 00 00 00 00 00 00 00 00 00 00 00 00   P.ÅÑ............	
    00 00 00 00 00 00 09 00 00 00 00 09 00 00 00 00   ................	
    09 00 00 00 70                                    ....p           	
[20/02/2026 12:24:37] Written data (COM4)	
    50 00 81 95 00 00 00 00 00 00 00 00 00 00 00 00   P.Åï............	
    00 00 00 00 00 00 00 00 00 00 00 00 00 00 00 00   ................	
    00 00 00 00 66                                    ....f           	
[20/02/2026 12:24:37] Read data (COM4)	
    50 00 81 95 00 09 00 00 00 00 09 00 00 00 00 09   P.Åï............	
    00 00 00 00 09 00 00 00 04 93 02 b5 01 93 02 8f   .........ì.µ.ì.è	
    02 8f 02 8f 1f                                    .è.è.           	
[20/02/2026 12:24:37] Written data (COM4)	
    50 00 81 44 00 00 00 00 00 00 00 00 00 00 00 00   P.ÅD............	
    00 00 00 00 00 00 00 00 00 00 00 00 00 00 00 00   ................	
    00 00 00 00 15                                    .....           	
[20/02/2026 12:24:37] Read data (COM4)	
    50 00 81 44 08 00 00 00 01 14 1a 02 14 0c 12 14   P.ÅD............	
    c4 94 98 00 10 00 00 00 00 00 00 00 00 00 00 00   ƒîò.............	
    00 00 00 00 94                                    ....î           	
[20/02/2026 12:24:37] Written data (COM4)	
    50 00 81 64 00 00 00 00 00 00 00 00 00 00 00 00   P.Åd............	
    00 00 00 00 00 00 00 00 00 00 00 00 00 00 00 00   ................	
    00 00 00 00 35                                    ....5           	
[20/02/2026 12:24:37] Read data (COM4)	
    50 00 81 64 00 00 80 00 00 00 00 00 00 00 00 00   P.Åd..Ä.........	
    00 00 00 00 00 00 00 00 00 00 00 00 00 00 00 00   ................	
    00 00 00 00 b5                                    ....µ           	
[20/02/2026 12:24:37] Written data (COM4)	
    50 00 81 84 00 00 00 00 00 00 00 00 00 00 00 00   P.ÅÑ............	
    00 00 00 00 00 00 00 00 00 00 00 00 00 00 00 00   ................	
    00 00 00 00 55                                    ....U           	
[20/02/2026 12:24:37] Read data (COM4)	
    50 00 81 84 00 00 00 00 00 00 00 00 00 00 00 00   P.ÅÑ............	
    00 00 00 00 00 00 09 00 00 00 00 09 00 00 00 00   ................	
    08 00 00 00 6f                                    ....o           	
[20/02/2026 12:24:38] Written data (COM4)	
    50 00 81 95 00 00 00 00 00 00 00 00 00 00 00 00   P.Åï............	
    00 00 00 00 00 00 00 00 00 00 00 00 00 00 00 00   ................	
    00 00 00 00 66                                    ....f           	
[20/02/2026 12:24:38] Read data (COM4)	
    50 00 81 95 00 09 00 00 00 00 09 00 00 00 00 08   P.Åï............	
    00 00 00 00 09 00 00 00 04 93 02 b5 01 93 02 8f   .........ì.µ.ì.è	
    02 8f 02 8f 1e                                    .è.è.           	
[20/02/2026 12:24:38] Written data (COM4)	
    50 00 81 44 00 00 00 00 00 00 00 00 00 00 00 00   P.ÅD............	
    00 00 00 00 00 00 00 00 00 00 00 00 00 00 00 00   ................	
    00 00 00 00 15                                    .....           	
[20/02/2026 12:24:38] Read data (COM4)	
    50 00 81 44 08 00 00 00 01 14 1a 02 14 0c 12 15   P.ÅD............	
    c4 94 97 00 10 00 00 00 00 00 00 00 00 00 00 00   ƒîó.............	
    00 00 00 00 94                                    ....î           	
[20/02/2026 12:24:38] Written data (COM4)	
    50 00 81 bc 00 00 00 00 00 00 00 00 00 00 00 00   P.Åº............	
    00 00 00 00 00 00 00 00 00 00 00 00 00 00 00 00   ................	
    00 00 00 00 8d                                    ....ç           	
[20/02/2026 12:24:38] Read data (COM4)	
    50 00 81 bc fe 0f 00 00 00 00 00 00 00 00 00 00   P.Åº˛...........	
    0f ff 48 80 e6 03 00 00 00 00 00 00 00 00 00 00   .ˇHÄÊ...........	
    0f 1f 00 00 87                                    ....á           	
[20/02/2026 12:24:38] Written data (COM4)	
    50 00 14 00 00 00 00 00 00 00 00 00 00 00 00 00   P...............	
    00 00 00 00 00 00 00 00 00 00 00 00 00 00 00 00   ................	
    00 00 00 00 64                                    ....d           	
[20/02/2026 12:24:38] Read data (COM4)	
    50 00 14 00 1b 36 22 d7 1b 3c 25 9f 34 3b 06 9d   P....6"◊.<%ü4;.ù	
    34 3b 06 d2 1b 36 22 d7 1b 3c 25 9f 1b 3c 25 9f   4;.“.6"◊.<%ü.<%ü	
    1b 36 22 d7 ec                                    .6"◊Ï           	
[20/02/2026 12:24:38] Written data (COM4)	
    50 00 14 20 00 00 00 00 00 00 00 00 00 00 00 00   P.. ............	
    00 00 00 00 00 00 00 00 00 00 00 00 00 00 00 00   ................	
    00 00 00 00 84                                    ....Ñ           	
[20/02/2026 12:24:38] Read data (COM4)	
    50 00 14 20 1b 36 22 d7 1b 3c 25 9f 1b 36 22 d7   P.. .6"◊.<%ü.6"◊	
    00 00 00 00 00 00 00 00 00 00 00 00 00 00 00 00   ................	
    00 00 00 00 33                                    ....3           	
[20/02/2026 12:24:38] Written data (COM4)	
    50 00 15 7c 00 00 00 00 00 00 00 00 00 00 00 00   P..|............	
    00 00 00 00 00 00 00 00 00 00 00 00 00 00 00 00   ................	
    00 00 00 00 e1                                    ....·           	
[20/02/2026 12:24:38] Read data (COM4)	
    50 00 15 7c 00 00 00 00 00 00 00 00 00 00 00 00   P..|............	
    00 00 00 00 00 00 00 00 00 00 00 00 00 00 00 00   ................	
    00 00 00 00 e1                                    ....·           	
[20/02/2026 12:24:39] Written data (COM4)	
    50 00 15 9c 00 00 00 00 00 00 00 00 00 00 00 00   P..ú............	
    00 00 00 00 00 00 00 00 00 00 00 00 00 00 00 00   ................	
    00 00 00 00 01                                    .....           	
[20/02/2026 12:24:39] Read data (COM4)	
    50 00 15 9c 00 00 00 00 00 00 00 00 00 00 00 00   P..ú............	
    00 00 00 00 00 00 00 00 00 00 00 00 00 00 00 00   ................	
    00 00 00 00 01                                    .....           	
[20/02/2026 12:24:39] Written data (COM4)	
    50 00 15 c8 00 00 00 00 00 00 00 00 00 00 00 00   P..»............	
    00 00 00 00 00 00 00 00 00 00 00 00 00 00 00 00   ................	
    00 00 00 00 2d                                    ....-           	
[20/02/2026 12:24:39] Read data (COM4)	
    50 00 15 c8 00 00 00 00 00 00 00 00 00 00 00 00   P..»............	
    00 00 00 00 00 00 00 00 00 00 00 00 00 00 00 00   ................	
    00 00 00 00 2d                                    ....-           	
[20/02/2026 12:24:39] Written data (COM4)	
    50 00 15 f8 00 00 00 00 00 00 00 00 00 00 00 00   P..¯............	
    00 00 00 00 00 00 00 00 00 00 00 00 00 00 00 00   ................	
    00 00 00 00 5d                                    ....]           	
[20/02/2026 12:24:39] Read data (COM4)	
    50 00 15 f8 00 00 00 00 00 00 00 00 00 00 00 00   P..¯............	
    00 00 00 00 00 00 00 00 00 00 00 00 00 00 00 00   ................	
    00 00 00 00 5d                                    ....]           	
[20/02/2026 12:24:39] Written data (COM4)	
    50 00 81 64 00 00 00 00 00 00 00 00 00 00 00 00   P.Åd............	
    00 00 00 00 00 00 00 00 00 00 00 00 00 00 00 00   ................	
    00 00 00 00 35                                    ....5           	
[20/02/2026 12:24:39] Read data (COM4)	
    50 00 81 64 00 00 80 00 00 00 00 00 00 00 00 00   P.Åd..Ä.........	
    00 00 00 00 00 00 00 00 00 00 00 00 00 00 00 00   ................	
    00 00 00 00 b5                                    ....µ           	
[20/02/2026 12:24:39] Written data (COM4)	
    50 00 81 84 00 00 00 00 00 00 00 00 00 00 00 00   P.ÅÑ............	
    00 00 00 00 00 00 00 00 00 00 00 00 00 00 00 00   ................	
    00 00 00 00 55                                    ....U           	
[20/02/2026 12:24:39] Read data (COM4)	
    50 00 81 84 00 00 00 00 00 00 00 00 00 00 00 00   P.ÅÑ............	
    00 00 00 00 00 00 09 00 00 00 00 09 00 00 00 00   ................	
    09 00 00 00 70                                    ....p           	
[20/02/2026 12:24:39] Written data (COM4)	
    50 00 81 95 00 00 00 00 00 00 00 00 00 00 00 00   P.Åï............	
    00 00 00 00 00 00 00 00 00 00 00 00 00 00 00 00   ................	
    00 00 00 00 66                                    ....f           	
[20/02/2026 12:24:39] Read data (COM4)	
    50 00 81 95 00 09 00 00 00 00 09 00 00 00 00 09   P.Åï............	
    00 00 00 00 09 00 00 00 04 93 02 b5 01 93 02 8f   .........ì.µ.ì.è	
    02 8f 02 8f 1f                                    .è.è.           	
[20/02/2026 12:24:40] Written data (COM4)	
    50 00 81 44 00 00 00 00 00 00 00 00 00 00 00 00   P.ÅD............	
    00 00 00 00 00 00 00 00 00 00 00 00 00 00 00 00   ................	
    00 00 00 00 15                                    .....           	
[20/02/2026 12:24:40] Read data (COM4)	
    50 00 81 44 08 00 00 00 01 14 1a 02 14 0c 12 17   P.ÅD............	
    c4 94 98 00 00 00 00 00 00 00 00 00 00 00 00 00   ƒîò.............	
    00 00 00 00 87                                    ....á           	
[20/02/2026 12:24:40] Written data (COM4)	
    50 00 81 64 00 00 00 00 00 00 00 00 00 00 00 00   P.Åd............	
    00 00 00 00 00 00 00 00 00 00 00 00 00 00 00 00   ................	
    00 00 00 00 35                                    ....5           	
[20/02/2026 12:24:40] Read data (COM4)	
    50 00 81 64 00 00 80 00 00 00 00 00 00 00 00 00   P.Åd..Ä.........	
    00 00 00 00 00 00 00 00 00 00 00 00 00 00 00 00   ................	
    00 00 00 00 b5                                    ....µ           	
[20/02/2026 12:24:40] Written data (COM4)	
    50 00 81 84 00 00 00 00 00 00 00 00 00 00 00 00   P.ÅÑ............	
    00 00 00 00 00 00 00 00 00 00 00 00 00 00 00 00   ................	
    00 00 00 00 55                                    ....U           	
[20/02/2026 12:24:40] Read data (COM4)	
    50 00 81 84 00 00 00 00 00 00 00 00 00 00 00 00   P.ÅÑ............	
    00 00 00 00 00 00 09 00 00 00 00 09 00 00 00 00   ................	
    09 00 00 00 70                                    ....p           	
[20/02/2026 12:24:40] Written data (COM4)	
    50 00 81 bc 00 00 00 00 00 00 00 00 00 00 00 00   P.Åº............	
    00 00 00 00 00 00 00 00 00 00 00 00 00 00 00 00   ................	
    00 00 00 00 8d                                    ....ç           	
[20/02/2026 12:24:40] Read data (COM4)	
    50 00 81 bc fe 0f 00 00 00 00 00 00 00 00 00 00   P.Åº˛...........	
    06 ff 23 2b e6 03 00 00 00 00 00 00 00 00 00 00   .ˇ#+Ê...........	
    20 1d 08 00 1b                                     ....           	
[20/02/2026 12:24:40] Written data (COM4)	
    50 00 14 00 00 00 00 00 00 00 00 00 00 00 00 00   P...............	
    00 00 00 00 00 00 00 00 00 00 00 00 00 00 00 00   ................	
    00 00 00 00 64                                    ....d           	
[20/02/2026 12:24:40] Read data (COM4)	
    50 00 14 00 1b 36 22 d7 1b 3c 25 9f 34 3b 06 9d   P....6"◊.<%ü4;.ù	
    34 3b 06 d2 1b 36 22 d7 1b 3c 25 9f 1b 3c 25 9f   4;.“.6"◊.<%ü.<%ü	
    1b 36 22 d7 ec                                    .6"◊Ï           	
[20/02/2026 12:24:41] Written data (COM4)	
    50 00 14 20 00 00 00 00 00 00 00 00 00 00 00 00   P.. ............	
    00 00 00 00 00 00 00 00 00 00 00 00 00 00 00 00   ................	
    00 00 00 00 84                                    ....Ñ           	
[20/02/2026 12:24:41] Read data (COM4)	
    50 00 14 20 1b 36 22 d7 1b 3c 25 9f 1b 36 22 d7   P.. .6"◊.<%ü.6"◊	
    00 00 00 00 00 00 00 00 00 00 00 00 00 00 00 00   ................	
    00 00 00 00 33                                    ....3           	
[20/02/2026 12:24:41] Written data (COM4)	
    50 00 15 80 00 00 00 00 00 00 00 00 00 00 00 00   P..Ä............	
    00 00 00 00 00 00 00 00 00 00 00 00 00 00 00 00   ................	
    00 00 00 00 e5                                    ....Â           	
[20/02/2026 12:24:41] Read data (COM4)	
    50 00 15 80 00 00 00 00 00 00 00 00 00 00 00 00   P..Ä............	
    00 00 00 00 00 00 00 00 00 00 00 00 00 00 00 00   ................	
    00 00 00 00 e5                                    ....Â           	
[20/02/2026 12:24:41] Written data (COM4)	
    50 00 15 a0 00 00 00 00 00 00 00 00 00 00 00 00   P..†............	
    00 00 00 00 00 00 00 00 00 00 00 00 00 00 00 00   ................	
    00 00 00 00 05                                    .....           	
[20/02/2026 12:24:41] Read data (COM4)	
    50 00 15 a0 00 00 00 00 00 00 00 00 00 00 00 00   P..†............	
    00 00 00 00 00 00 00 00 00 00 00 00 00 00 00 00   ................	
    00 00 00 00 05                                    .....           	
[20/02/2026 12:24:41] Written data (COM4)	
    50 00 15 c0 00 00 00 00 00 00 00 00 00 00 00 00   P..¿............	
    00 00 00 00 00 00 00 00 00 00 00 00 00 00 00 00   ................	
    00 00 00 00 25                                    ....%           	
[20/02/2026 12:24:41] Read data (COM4)	
    50 00 15 c0 00 00 00 00 00 00 00 00 00 00 00 00   P..¿............	
    00 00 00 00 00 00 00 00 00 00 00 00 00 00 00 00   ................	
    00 00 00 00 25                                    ....%           	
[20/02/2026 12:24:41] Written data (COM4)	
    50 00 15 e0 00 00 00 00 00 00 00 00 00 00 00 00   P..‡............	
    00 00 00 00 00 00 00 00 00 00 00 00 00 00 00 00   ................	
    00 00 00 00 45                                    ....E           	
[20/02/2026 12:24:41] Read data (COM4)	
    50 00 15 e0 00 00 00 00 00 00 00 00 00 00 00 00   P..‡............	
    00 00 00 00 00 00 00 00 00 00 00 00 00 00 00 00   ................	
    00 00 00 00 45                                    ....E           	
[20/02/2026 12:24:41] Written data (COM4)	
    50 00 81 95 00 00 00 00 00 00 00 00 00 00 00 00   P.Åï............	
    00 00 00 00 00 00 00 00 00 00 00 00 00 00 00 00   ................	
    00 00 00 00 66                                    ....f           	
[20/02/2026 12:24:41] Read data (COM4)	
    50 00 81 95 00 09 00 00 00 00 09 00 00 00 00 09   P.Åï............	
    00 00 00 00 09 00 00 00 04 93 02 b5 01 93 02 8f   .........ì.µ.ì.è	
    02 8f 02 8f 1f                                    .è.è.           	
[20/02/2026 12:24:42] Written data (COM4)	
    50 00 81 44 00 00 00 00 00 00 00 00 00 00 00 00   P.ÅD............	
    00 00 00 00 00 00 00 00 00 00 00 00 00 00 00 00   ................	
    00 00 00 00 15                                    .....           	
[20/02/2026 12:24:42] Read data (COM4)	
    50 00 81 44 08 00 00 00 01 14 1a 02 14 0c 12 19   P.ÅD............	
    c4 94 98 00 00 00 00 00 00 00 00 00 00 00 00 00   ƒîò.............	
    00 00 00 00 89                                    ....â           	
[20/02/2026 12:24:42] Written data (COM4)	
    50 00 81 64 00 00 00 00 00 00 00 00 00 00 00 00   P.Åd............	
    00 00 00 00 00 00 00 00 00 00 00 00 00 00 00 00   ................	
    00 00 00 00 35                                    ....5           	
[20/02/2026 12:24:42] Read data (COM4)	
    50 00 81 64 00 00 80 00 00 00 00 00 00 00 00 00   P.Åd..Ä.........	
    00 00 00 00 00 00 00 00 00 00 00 00 00 00 00 00   ................	
    00 00 00 00 b5                                    ....µ           	
[20/02/2026 12:24:42] Written data (COM4)	
    50 00 81 84 00 00 00 00 00 00 00 00 00 00 00 00   P.ÅÑ............	
    00 00 00 00 00 00 00 00 00 00 00 00 00 00 00 00   ................	
    00 00 00 00 55                                    ....U           	
[20/02/2026 12:24:42] Read data (COM4)	
    50 00 81 84 00 00 00 00 00 00 00 00 00 00 00 00   P.ÅÑ............	
    00 00 00 00 00 00 09 00 00 00 00 09 00 00 00 00   ................	
    09 00 00 00 70                                    ....p           	
[20/02/2026 12:24:42] Written data (COM4)	
    50 00 81 95 00 00 00 00 00 00 00 00 00 00 00 00   P.Åï............	
    00 00 00 00 00 00 00 00 00 00 00 00 00 00 00 00   ................	
    00 00 00 00 66                                    ....f           	
[20/02/2026 12:24:42] Read data (COM4)	
    50 00 81 95 00 09 00 00 00 00 09 00 00 00 00 09   P.Åï............	
    00 00 00 00 09 00 00 00 04 93 02 b5 01 93 02 8f   .........ì.µ.ì.è	
    02 8f 02 8f 1f                                    .è.è.           	
[20/02/2026 12:24:42] Written data (COM4)	
    50 00 81 44 00 00 00 00 00 00 00 00 00 00 00 00   P.ÅD............	
    00 00 00 00 00 00 00 00 00 00 00 00 00 00 00 00   ................	
    00 00 00 00 15                                    .....           	
[20/02/2026 12:24:42] Read data (COM4)	
    50 00 81 44 08 00 00 00 01 14 1a 02 14 0c 12 1a   P.ÅD............	
    c4 94 98 00 00 00 00 00 00 00 00 00 00 00 00 00   ƒîò.............	
    00 00 00 00 8a                                    ....ä           	
[20/02/2026 12:24:43] Written data (COM4)	
    50 00 81 64 00 00 00 00 00 00 00 00 00 00 00 00   P.Åd............	
    00 00 00 00 00 00 00 00 00 00 00 00 00 00 00 00   ................	
    00 00 00 00 35                                    ....5           	
[20/02/2026 12:24:43] Read data (COM4)	
    50 00 81 64 00 00 80 00 00 00 00 00 00 00 00 00   P.Åd..Ä.........	
    00 00 00 00 00 00 00 00 00 00 00 00 00 00 00 00   ................	
    00 00 00 00 b5                                    ....µ           	
[20/02/2026 12:24:43] Written data (COM4)	
    50 00 81 84 00 00 00 00 00 00 00 00 00 00 00 00   P.ÅÑ............	
    00 00 00 00 00 00 00 00 00 00 00 00 00 00 00 00   ................	
    00 00 00 00 55                                    ....U           	
[20/02/2026 12:24:43] Read data (COM4)	
    50 00 81 84 00 00 00 00 00 00 00 00 00 00 00 00   P.ÅÑ............	
    00 00 00 00 00 00 09 00 00 00 00 09 00 00 00 00   ................	
    09 00 00 00 70                                    ....p           	
[20/02/2026 12:24:43] Written data (COM4)	
    50 00 81 95 00 00 00 00 00 00 00 00 00 00 00 00   P.Åï............	
    00 00 00 00 00 00 00 00 00 00 00 00 00 00 00 00   ................	
    00 00 00 00 66                                    ....f           	
[20/02/2026 12:24:43] Read data (COM4)	
    50 00 81 95 00 09 00 00 00 00 09 00 00 00 00 09   P.Åï............	
    00 00 00 00 09 00 00 00 04 93 02 b5 01 93 02 8f   .........ì.µ.ì.è	
    02 8f 02 8f 1f                                    .è.è.           	
[20/02/2026 12:24:43] Written data (COM4)	
    50 00 81 44 00 00 00 00 00 00 00 00 00 00 00 00   P.ÅD............	
    00 00 00 00 00 00 00 00 00 00 00 00 00 00 00 00   ................	
    00 00 00 00 15                                    .....           	
[20/02/2026 12:24:43] Read data (COM4)	
    50 00 81 44 08 00 00 00 01 14 1a 02 14 0c 12 1a   P.ÅD............	
    c4 94 98 00 00 00 00 00 00 00 00 00 00 00 00 00   ƒîò.............	
    00 00 00 00 8a                                    ....ä           	
[20/02/2026 12:24:43] Written data (COM4)	
    50 00 81 64 00 00 00 00 00 00 00 00 00 00 00 00   P.Åd............	
    00 00 00 00 00 00 00 00 00 00 00 00 00 00 00 00   ................	
    00 00 00 00 35                                    ....5           	
[20/02/2026 12:24:43] Read data (COM4)	
    50 00 81 64 00 00 80 00 00 00 00 00 00 00 00 00   P.Åd..Ä.........	
    00 00 00 00 00 00 00 00 00 00 00 00 00 00 00 00   ................	
    00 00 00 00 b5                                    ....µ           	
[20/02/2026 12:24:44] Written data (COM4)	
    50 00 81 84 00 00 00 00 00 00 00 00 00 00 00 00   P.ÅÑ............	
    00 00 00 00 00 00 00 00 00 00 00 00 00 00 00 00   ................	
    00 00 00 00 55                                    ....U           	
[20/02/2026 12:24:44] Read data (COM4)	
    50 00 81 84 00 00 00 00 00 00 00 00 00 00 00 00   P.ÅÑ............	
    00 00 00 00 00 00 09 00 00 00 00 09 00 00 00 00   ................	
    09 00 00 00 70                                    ....p           	
[20/02/2026 12:24:44] Written data (COM4)	
    50 00 81 95 00 00 00 00 00 00 00 00 00 00 00 00   P.Åï............	
    00 00 00 00 00 00 00 00 00 00 00 00 00 00 00 00   ................	
    00 00 00 00 66                                    ....f           	
[20/02/2026 12:24:44] Read data (COM4)	
    50 00 81 95 00 09 00 00 00 00 09 00 00 00 00 09   P.Åï............	
    00 00 00 00 09 00 00 00 04 93 02 b5 01 93 02 8f   .........ì.µ.ì.è	
    02 8f 02 8f 1f                                    .è.è.           	
[20/02/2026 12:24:44] Written data (COM4)	
    50 00 81 44 00 00 00 00 00 00 00 00 00 00 00 00   P.ÅD............	
    00 00 00 00 00 00 00 00 00 00 00 00 00 00 00 00   ................	
    00 00 00 00 15                                    .....           	
[20/02/2026 12:24:44] Read data (COM4)	
    50 00 81 44 08 00 00 00 01 14 1a 02 14 0c 12 1b   P.ÅD............	
    c4 94 98 00 00 00 00 00 00 00 00 00 00 00 00 00   ƒîò.............	
    00 00 00 00 8b                                    ....ã           	
[20/02/2026 12:24:44] Written data (COM4)	
    50 00 81 64 00 00 00 00 00 00 00 00 00 00 00 00   P.Åd............	
    00 00 00 00 00 00 00 00 00 00 00 00 00 00 00 00   ................	
    00 00 00 00 35                                    ....5           	
[20/02/2026 12:24:44] Read data (COM4)	
    50 00 81 64 00 00 80 00 00 00 00 00 00 00 00 00   P.Åd..Ä.........	
    00 00 00 00 00 00 00 00 00 00 00 00 00 00 00 00   ................	
    00 00 00 00 b5                                    ....µ           	
[20/02/2026 12:24:44] Written data (COM4)	
    50 00 81 84 00 00 00 00 00 00 00 00 00 00 00 00   P.ÅÑ............	
    00 00 00 00 00 00 00 00 00 00 00 00 00 00 00 00   ................	
    00 00 00 00 55                                    ....U           	
[20/02/2026 12:24:44] Read data (COM4)	
    50 00 81 84 00 00 00 00 00 00 00 00 00 00 00 00   P.ÅÑ............	
    00 00 00 00 00 00 09 00 00 00 00 09 00 00 00 00   ................	
    09 00 00 00 70                                    ....p           	
[20/02/2026 12:24:45] Written data (COM4)	
    50 00 81 95 00 00 00 00 00 00 00 00 00 00 00 00   P.Åï............	
    00 00 00 00 00 00 00 00 00 00 00 00 00 00 00 00   ................	
    00 00 00 00 66                                    ....f           	
[20/02/2026 12:24:45] Read data (COM4)	
    50 00 81 95 00 09 00 00 00 00 09 00 00 00 00 09   P.Åï............	
    00 00 00 00 09 00 00 00 04 93 02 b5 01 93 02 8f   .........ì.µ.ì.è	
    02 8f 02 8f 1f                                    .è.è.           	
[20/02/2026 12:24:45] Written data (COM4)	
    50 00 81 44 00 00 00 00 00 00 00 00 00 00 00 00   P.ÅD............	
    00 00 00 00 00 00 00 00 00 00 00 00 00 00 00 00   ................	
    00 00 00 00 15                                    .....           	
[20/02/2026 12:24:45] Read data (COM4)	
    50 00 81 44 08 00 00 00 01 14 1a 02 14 0c 12 1c   P.ÅD............	
    c4 94 98 00 00 00 00 00 00 00 00 00 00 00 00 00   ƒîò.............	
    00 00 00 00 8c                                    ....å           	
[20/02/2026 12:24:45] Written data (COM4)	
    50 00 81 64 00 00 00 00 00 00 00 00 00 00 00 00   P.Åd............	
    00 00 00 00 00 00 00 00 00 00 00 00 00 00 00 00   ................	
    00 00 00 00 35                                    ....5           	
[20/02/2026 12:24:45] Read data (COM4)	
    50 00 81 64 00 00 80 00 00 00 00 00 00 00 00 00   P.Åd..Ä.........	
    00 00 00 00 00 00 00 00 00 00 00 00 00 00 00 00   ................	
    00 00 00 00 b5                                    ....µ           	
[20/02/2026 12:24:45] Written data (COM4)	
    50 00 81 84 00 00 00 00 00 00 00 00 00 00 00 00   P.ÅÑ............	
    00 00 00 00 00 00 00 00 00 00 00 00 00 00 00 00   ................	
    00 00 00 00 55                                    ....U           	
[20/02/2026 12:24:45] Read data (COM4)	
    50 00 81 84 00 00 00 00 00 00 00 00 00 00 00 00   P.ÅÑ............	
    00 00 00 00 00 00 09 00 00 00 00 09 00 00 00 00   ................	
    09 00 00 00 70                                    ....p           	
[20/02/2026 12:24:45] Written data (COM4)	
    50 00 81 95 00 00 00 00 00 00 00 00 00 00 00 00   P.Åï............	
    00 00 00 00 00 00 00 00 00 00 00 00 00 00 00 00   ................	
    00 00 00 00 66                                    ....f           	
[20/02/2026 12:24:45] Read data (COM4)	
    50 00 81 95 00 09 00 00 00 00 09 00 00 00 00 09   P.Åï............	
    00 00 00 00 09 00 00 00 04 93 02 b5 01 93 02 8f   .........ì.µ.ì.è	
    02 8f 02 8f 1f                                    .è.è.           	
[20/02/2026 12:24:46] Written data (COM4)	
    50 00 81 44 00 00 00 00 00 00 00 00 00 00 00 00   P.ÅD............	
    00 00 00 00 00 00 00 00 00 00 00 00 00 00 00 00   ................	
    00 00 00 00 15                                    .....           	
[20/02/2026 12:24:46] Read data (COM4)	
    50 00 81 44 08 00 00 00 01 14 1a 02 14 0c 12 1d   P.ÅD............	
    c4 94 98 00 00 00 00 00 00 00 00 00 00 00 00 00   ƒîò.............	
    00 00 00 00 8d                                    ....ç           	
[20/02/2026 12:24:46] Written data (COM4)	
    50 00 81 64 00 00 00 00 00 00 00 00 00 00 00 00   P.Åd............	
    00 00 00 00 00 00 00 00 00 00 00 00 00 00 00 00   ................	
    00 00 00 00 35                                    ....5           	
[20/02/2026 12:24:46] Read data (COM4)	
    50 00 81 64 00 00 80 00 00 00 00 00 00 00 00 00   P.Åd..Ä.........	
    00 00 00 00 00 00 00 00 00 00 00 00 00 00 00 00   ................	
    00 00 00 00 b5                                    ....µ           	
[20/02/2026 12:24:46] Written data (COM4)	
    50 00 81 84 00 00 00 00 00 00 00 00 00 00 00 00   P.ÅÑ............	
    00 00 00 00 00 00 00 00 00 00 00 00 00 00 00 00   ................	
    00 00 00 00 55                                    ....U           	
[20/02/2026 12:24:46] Read data (COM4)	
    50 00 81 84 00 00 00 00 00 00 00 00 00 00 00 00   P.ÅÑ............	
    00 00 00 00 00 00 09 00 00 00 00 09 00 00 00 00   ................	
    09 00 00 00 70                                    ....p           	
[20/02/2026 12:24:46] Written data (COM4)	
    50 00 81 95 00 00 00 00 00 00 00 00 00 00 00 00   P.Åï............	
    00 00 00 00 00 00 00 00 00 00 00 00 00 00 00 00   ................	
    00 00 00 00 66                                    ....f           	
[20/02/2026 12:24:46] Read data (COM4)	
    50 00 81 95 00 09 00 00 00 00 09 00 00 00 00 09   P.Åï............	
    00 00 00 00 09 00 00 00 04 93 02 b5 01 93 02 8f   .........ì.µ.ì.è	
    02 8f 02 8f 1f                                    .è.è.           	
[20/02/2026 12:24:46] Written data (COM4)	
    50 00 81 44 00 00 00 00 00 00 00 00 00 00 00 00   P.ÅD............	
    00 00 00 00 00 00 00 00 00 00 00 00 00 00 00 00   ................	
    00 00 00 00 15                                    .....           	
[20/02/2026 12:24:46] Read data (COM4)	
    50 00 81 44 08 00 00 00 01 14 1a 02 14 0c 12 1e   P.ÅD............	
    c4 94 98 00 00 00 00 00 00 00 00 00 00 00 00 00   ƒîò.............	
    00 00 00 00 8e                                    ....é           	
[20/02/2026 12:24:47] Written data (COM4)	
    50 00 81 64 00 00 00 00 00 00 00 00 00 00 00 00   P.Åd............	
    00 00 00 00 00 00 00 00 00 00 00 00 00 00 00 00   ................	
    00 00 00 00 35                                    ....5           	
[20/02/2026 12:24:47] Read data (COM4)	
    50 00 81 64 00 00 80 00 00 00 00 00 00 00 00 00   P.Åd..Ä.........	
    00 00 00 00 00 00 00 00 00 00 00 00 00 00 00 00   ................	
    00 00 00 00 b5                                    ....µ           	
[20/02/2026 12:24:47] Written data (COM4)	
    50 00 81 84 00 00 00 00 00 00 00 00 00 00 00 00   P.ÅÑ............	
    00 00 00 00 00 00 00 00 00 00 00 00 00 00 00 00   ................	
    00 00 00 00 55                                    ....U           	
[20/02/2026 12:24:47] Read data (COM4)	
    50 00 81 84 00 00 00 00 00 00 00 00 00 00 00 00   P.ÅÑ............	
    00 00 00 00 00 00 09 00 00 00 00 09 00 00 00 00   ................	
    09 00 00 00 70                                    ....p           	
[20/02/2026 12:24:47] Written data (COM4)	
    50 00 81 95 00 00 00 00 00 00 00 00 00 00 00 00   P.Åï............	
    00 00 00 00 00 00 00 00 00 00 00 00 00 00 00 00   ................	
    00 00 00 00 66                                    ....f           	
[20/02/2026 12:24:47] Read data (COM4)	
    50 00 81 95 00 09 00 00 00 00 09 00 00 00 00 09   P.Åï............	
    00 00 00 00 09 00 00 00 04 93 02 b5 01 93 02 8f   .........ì.µ.ì.è	
    02 8f 02 8f 1f                                    .è.è.           	
[20/02/2026 12:24:47] Written data (COM4)	
    50 00 81 44 00 00 00 00 00 00 00 00 00 00 00 00   P.ÅD............	
    00 00 00 00 00 00 00 00 00 00 00 00 00 00 00 00   ................	
    00 00 00 00 15                                    .....           	
[20/02/2026 12:24:47] Read data (COM4)	
    50 00 81 44 08 00 00 00 01 14 1a 02 14 0c 12 1f   P.ÅD............	
    c4 94 98 00 00 00 00 00 00 00 00 00 00 00 00 00   ƒîò.............	
    00 00 00 00 8f                                    ....è           	
[20/02/2026 12:24:47] Written data (COM4)	
    50 00 81 64 00 00 00 00 00 00 00 00 00 00 00 00   P.Åd............	
    00 00 00 00 00 00 00 00 00 00 00 00 00 00 00 00   ................	
    00 00 00 00 35                                    ....5           	
[20/02/2026 12:24:48] Read data (COM4)	
    50 00 81 64 00 00 80 00 00 00 00 00 00 00 00 00   P.Åd..Ä.........	
    00 00 00 00 00 00 00 00 00 00 00 00 00 00 00 00   ................	
    00 00 00 00 b5                                    ....µ           	
[20/02/2026 12:24:48] Written data (COM4)	
    50 00 81 84 00 00 00 00 00 00 00 00 00 00 00 00   P.ÅÑ............	
    00 00 00 00 00 00 00 00 00 00 00 00 00 00 00 00   ................	
    00 00 00 00 55                                    ....U           	
[20/02/2026 12:24:48] Read data (COM4)	
    50 00 81 84 00 00 00 00 00 00 00 00 00 00 00 00   P.ÅÑ............	
    00 00 00 00 00 00 09 00 00 00 00 09 00 00 00 00   ................	
    09 00 00 00 70                                    ....p           	
[20/02/2026 12:24:48] Written data (COM4)	
    50 00 81 95 00 00 00 00 00 00 00 00 00 00 00 00   P.Åï............	
    00 00 00 00 00 00 00 00 00 00 00 00 00 00 00 00   ................	
    00 00 00 00 66                                    ....f           	
[20/02/2026 12:24:48] Read data (COM4)	
    50 00 81 95 00 09 00 00 00 00 09 00 00 00 00 09   P.Åï............	
    00 00 00 00 09 00 00 00 04 93 02 b5 01 93 02 8f   .........ì.µ.ì.è	
    02 8f 02 8f 1f                                    .è.è.           	
[20/02/2026 12:24:48] Written data (COM4)	
    50 00 81 44 00 00 00 00 00 00 00 00 00 00 00 00   P.ÅD............	
    00 00 00 00 00 00 00 00 00 00 00 00 00 00 00 00   ................	
    00 00 00 00 15                                    .....           	
[20/02/2026 12:24:48] Read data (COM4)	
    50 00 81 44 08 00 00 00 01 14 1a 02 14 0c 12 1f   P.ÅD............	
    c4 94 98 00 00 00 00 00 00 00 00 00 00 00 00 00   ƒîò.............	
    00 00 00 00 8f                                    ....è           	
[20/02/2026 12:24:48] Written data (COM4)	
    50 00 81 64 00 00 00 00 00 00 00 00 00 00 00 00   P.Åd............	
    00 00 00 00 00 00 00 00 00 00 00 00 00 00 00 00   ................	
    00 00 00 00 35                                    ....5           	
[20/02/2026 12:24:48] Read data (COM4)	
    50 00 81 64 00 00 80 00 00 00 00 00 00 00 00 00   P.Åd..Ä.........	
    00 00 00 00 00 00 00 00 00 00 00 00 00 00 00 00   ................	
    00 00 00 00 b5                                    ....µ           	
[20/02/2026 12:24:49] Written data (COM4)	
    50 00 81 84 00 00 00 00 00 00 00 00 00 00 00 00   P.ÅÑ............	
    00 00 00 00 00 00 00 00 00 00 00 00 00 00 00 00   ................	
    00 00 00 00 55                                    ....U           	
[20/02/2026 12:24:49] Read data (COM4)	
    50 00 81 84 00 00 00 00 00 00 00 00 00 00 00 00   P.ÅÑ............	
    00 00 00 00 00 00 09 00 00 00 00 09 00 00 00 00   ................	
    09 00 00 00 70                                    ....p           	
[20/02/2026 12:24:49] Written data (COM4)	
    50 00 81 95 00 00 00 00 00 00 00 00 00 00 00 00   P.Åï............	
    00 00 00 00 00 00 00 00 00 00 00 00 00 00 00 00   ................	
    00 00 00 00 66                                    ....f           	
[20/02/2026 12:24:49] Read data (COM4)	
    50 00 81 95 00 09 00 00 00 00 09 00 00 00 00 08   P.Åï............	
    00 00 00 00 09 00 00 00 04 93 02 b5 01 93 02 8f   .........ì.µ.ì.è	
    02 8f 02 8f 1e                                    .è.è.           	
[20/02/2026 12:24:49] Written data (COM4)	
    50 00 81 44 00 00 00 00 00 00 00 00 00 00 00 00   P.ÅD............	
    00 00 00 00 00 00 00 00 00 00 00 00 00 00 00 00   ................	
    00 00 00 00 15                                    .....           	
[20/02/2026 12:24:49] Read data (COM4)	
    50 00 81 44 08 00 00 00 01 14 1a 02 14 0c 12 20   P.ÅD........... 	
    c4 94 98 00 10 00 00 00 00 00 00 00 00 00 00 00   ƒîò.............	
    00 00 00 00 a0                                    ....†           	
[20/02/2026 12:24:49] Written data (COM4)	
    50 00 81 64 00 00 00 00 00 00 00 00 00 00 00 00   P.Åd............	
    00 00 00 00 00 00 00 00 00 00 00 00 00 00 00 00   ................	
    00 00 00 00 35                                    ....5           	
[20/02/2026 12:24:49] Read data (COM4)	
    50 00 81 64 00 00 80 00 00 00 00 00 00 00 00 00   P.Åd..Ä.........	
    00 00 00 00 00 00 00 00 00 00 00 00 00 00 00 00   ................	
    00 00 00 00 b5                                    ....µ           	
[20/02/2026 12:24:49] Written data (COM4)	
    50 00 81 84 00 00 00 00 00 00 00 00 00 00 00 00   P.ÅÑ............	
    00 00 00 00 00 00 00 00 00 00 00 00 00 00 00 00   ................	
    00 00 00 00 55                                    ....U           	
[20/02/2026 12:24:49] Read data (COM4)	
    50 00 81 84 00 00 00 00 00 00 00 00 00 00 00 00   P.ÅÑ............	
    00 00 00 00 00 00 09 00 00 00 00 09 00 00 00 00   ................	
    08 00 00 00 6f                                    ....o           	
[20/02/2026 12:24:50] Written data (COM4)	
    50 00 81 95 00 00 00 00 00 00 00 00 00 00 00 00   P.Åï............	
    00 00 00 00 00 00 00 00 00 00 00 00 00 00 00 00   ................	
    00 00 00 00 66                                    ....f           	
[20/02/2026 12:24:50] Read data (COM4)	
    50 00 81 95 00 09 00 00 00 00 09 00 00 00 00 08   P.Åï............	
    00 00 00 00 09 00 00 00 04 93 02 b5 01 93 02 8f   .........ì.µ.ì.è	
    02 8f 02 8f 1e                                    .è.è.           	
[20/02/2026 12:24:50] Written data (COM4)	
    50 00 81 44 00 00 00 00 00 00 00 00 00 00 00 00   P.ÅD............	
    00 00 00 00 00 00 00 00 00 00 00 00 00 00 00 00   ................	
    00 00 00 00 15                                    .....           	
[20/02/2026 12:24:50] Read data (COM4)	
    50 00 81 44 08 00 00 00 01 14 1a 02 14 0c 12 21   P.ÅD...........!	
    c4 94 98 00 10 00 00 00 00 00 00 00 00 00 00 00   ƒîò.............	
    00 00 00 00 a1                                    ....°           	
[20/02/2026 12:24:50] Written data (COM4)	
    50 00 81 64 00 00 00 00 00 00 00 00 00 00 00 00   P.Åd............	
    00 00 00 00 00 00 00 00 00 00 00 00 00 00 00 00   ................	
    00 00 00 00 35                                    ....5           	
[20/02/2026 12:24:50] Read data (COM4)	
    50 00 81 64 00 00 80 00 00 00 00 00 00 00 00 00   P.Åd..Ä.........	
    00 00 00 00 00 00 00 00 00 00 00 00 00 00 00 00   ................	
    00 00 00 00 b5                                    ....µ           	
[20/02/2026 12:24:50] Written data (COM4)	
    50 00 81 84 00 00 00 00 00 00 00 00 00 00 00 00   P.ÅÑ............	
    00 00 00 00 00 00 00 00 00 00 00 00 00 00 00 00   ................	
    00 00 00 00 55                                    ....U           	
[20/02/2026 12:24:50] Read data (COM4)	
    50 00 81 84 00 00 00 00 00 00 00 00 00 00 00 00   P.ÅÑ............	
    00 00 00 00 00 00 09 00 00 00 00 09 00 00 00 00   ................	
    08 00 00 00 6f                                    ....o           	
[20/02/2026 12:24:50] Written data (COM4)	
    50 00 81 95 00 00 00 00 00 00 00 00 00 00 00 00   P.Åï............	
    00 00 00 00 00 00 00 00 00 00 00 00 00 00 00 00   ................	
    00 00 00 00 66                                    ....f           	
[20/02/2026 12:24:50] Read data (COM4)	
    50 00 81 95 00 09 00 00 00 00 09 00 00 00 00 08   P.Åï............	
    00 00 00 00 09 00 00 00 04 93 02 b5 01 93 02 8f   .........ì.µ.ì.è	
    02 8f 02 8f 1e                                    .è.è.           	
[20/02/2026 12:24:51] Written data (COM4)	
    50 00 81 44 00 00 00 00 00 00 00 00 00 00 00 00   P.ÅD............	
    00 00 00 00 00 00 00 00 00 00 00 00 00 00 00 00   ................	
    00 00 00 00 15                                    .....           	
[20/02/2026 12:24:51] Read data (COM4)	
    50 00 81 44 08 00 00 00 01 14 1a 02 14 0c 12 22   P.ÅD..........."	
    c4 94 98 00 10 00 00 00 00 00 00 00 00 00 00 00   ƒîò.............	
    00 00 00 00 a2                                    ....¢           	
[20/02/2026 12:24:51] Written data (COM4)	
    50 00 81 64 00 00 00 00 00 00 00 00 00 00 00 00   P.Åd............	
    00 00 00 00 00 00 00 00 00 00 00 00 00 00 00 00   ................	
    00 00 00 00 35                                    ....5           	
[20/02/2026 12:24:51] Read data (COM4)	
    50 00 81 64 00 00 80 00 00 00 00 00 00 00 00 00   P.Åd..Ä.........	
    00 00 00 00 00 00 00 00 00 00 00 00 00 00 00 00   ................	
    00 00 00 00 b5                                    ....µ           	
[20/02/2026 12:24:51] Written data (COM4)	
    50 00 81 84 00 00 00 00 00 00 00 00 00 00 00 00   P.ÅÑ............	
    00 00 00 00 00 00 00 00 00 00 00 00 00 00 00 00   ................	
    00 00 00 00 55                                    ....U           	
[20/02/2026 12:24:51] Read data (COM4)	
    50 00 81 84 00 00 00 00 00 00 00 00 00 00 00 00   P.ÅÑ............	
    00 00 00 00 00 00 09 00 00 00 00 09 00 00 00 00   ................	
    08 00 00 00 6f                                    ....o           	
[20/02/2026 12:24:51] Written data (COM4)	
    50 00 81 95 00 00 00 00 00 00 00 00 00 00 00 00   P.Åï............	
    00 00 00 00 00 00 00 00 00 00 00 00 00 00 00 00   ................	
    00 00 00 00 66                                    ....f           	
[20/02/2026 12:24:51] Read data (COM4)	
    50 00 81 95 00 09 00 00 00 00 09 00 00 00 00 09   P.Åï............	
    00 00 00 00 09 00 00 00 04 93 02 b5 01 93 02 8f   .........ì.µ.ì.è	
    02 8f 02 8f 1f                                    .è.è.           	
[20/02/2026 12:24:51] Written data (COM4)	
    50 00 81 44 00 00 00 00 00 00 00 00 00 00 00 00   P.ÅD............	
    00 00 00 00 00 00 00 00 00 00 00 00 00 00 00 00   ................	
    00 00 00 00 15                                    .....           	
[20/02/2026 12:24:52] Read data (COM4)	
    50 00 81 44 08 00 00 00 01 14 1a 02 14 0c 12 23   P.ÅD...........#	
    c4 94 97 00 00 00 00 00 00 00 00 00 00 00 00 00   ƒîó.............	
    00 00 00 00 92                                    ....í           	
[20/02/2026 12:24:52] Written data (COM4)	
    50 00 81 64 00 00 00 00 00 00 00 00 00 00 00 00   P.Åd............	
    00 00 00 00 00 00 00 00 00 00 00 00 00 00 00 00   ................	
    00 00 00 00 35                                    ....5           	
[20/02/2026 12:24:52] Read data (COM4)	
    50 00 81 64 00 00 80 00 00 00 00 00 00 00 00 00   P.Åd..Ä.........	
    00 00 00 00 00 00 00 00 00 00 00 00 00 00 00 00   ................	
    00 00 00 00 b5                                    ....µ           	
[20/02/2026 12:24:52] Written data (COM4)	
    50 00 81 84 00 00 00 00 00 00 00 00 00 00 00 00   P.ÅÑ............	
    00 00 00 00 00 00 00 00 00 00 00 00 00 00 00 00   ................	
    00 00 00 00 55                                    ....U           	
[20/02/2026 12:24:52] Read data (COM4)	
    50 00 81 84 00 00 00 00 00 00 00 00 00 00 00 00   P.ÅÑ............	
    00 00 00 00 00 00 09 00 00 00 00 09 00 00 00 00   ................	
    09 00 00 00 70                                    ....p           	
[20/02/2026 12:24:52] Written data (COM4)	
    50 00 81 95 00 00 00 00 00 00 00 00 00 00 00 00   P.Åï............	
    00 00 00 00 00 00 00 00 00 00 00 00 00 00 00 00   ................	
    00 00 00 00 66                                    ....f           	
[20/02/2026 12:24:52] Read data (COM4)	
    50 00 81 95 00 09 00 00 00 00 09 00 00 00 00 09   P.Åï............	
    00 00 00 00 09 00 00 00 04 93 02 b5 01 93 02 8f   .........ì.µ.ì.è	
    02 8f 02 8f 1f                                    .è.è.           	
[20/02/2026 12:24:52] Written data (COM4)	
    50 00 81 44 00 00 00 00 00 00 00 00 00 00 00 00   P.ÅD............	
    00 00 00 00 00 00 00 00 00 00 00 00 00 00 00 00   ................	
    00 00 00 00 15                                    .....           	
[20/02/2026 12:24:52] Read data (COM4)	
    50 00 81 44 08 00 00 00 01 14 1a 02 14 0c 12 24   P.ÅD...........$	
    c4 94 98 00 00 00 00 00 00 00 00 00 00 00 00 00   ƒîò.............	
    00 00 00 00 94                                    ....î           	
[20/02/2026 12:24:53] Written data (COM4)	
    50 00 81 64 00 00 00 00 00 00 00 00 00 00 00 00   P.Åd............	
    00 00 00 00 00 00 00 00 00 00 00 00 00 00 00 00   ................	
    00 00 00 00 35                                    ....5           	
[20/02/2026 12:24:53] Read data (COM4)	
    50 00 81 64 00 00 80 00 00 00 00 00 00 00 00 00   P.Åd..Ä.........	
    00 00 00 00 00 00 00 00 00 00 00 00 00 00 00 00   ................	
    00 00 00 00 b5                                    ....µ           	
[20/02/2026 12:24:53] Written data (COM4)	
    50 00 81 84 00 00 00 00 00 00 00 00 00 00 00 00   P.ÅÑ............	
    00 00 00 00 00 00 00 00 00 00 00 00 00 00 00 00   ................	
    00 00 00 00 55                                    ....U           	
[20/02/2026 12:24:53] Read data (COM4)	
    50 00 81 84 00 00 00 00 00 00 00 00 00 00 00 00   P.ÅÑ............	
    00 00 00 00 00 00 09 00 00 00 00 09 00 00 00 00   ................	
    09 00 00 00 70                                    ....p           	
[20/02/2026 12:24:53] Written data (COM4)	
    50 00 81 95 00 00 00 00 00 00 00 00 00 00 00 00   P.Åï............	
    00 00 00 00 00 00 00 00 00 00 00 00 00 00 00 00   ................	
    00 00 00 00 66                                    ....f           	
[20/02/2026 12:24:53] Read data (COM4)	
    50 00 81 95 00 09 00 00 00 00 09 00 00 00 00 09   P.Åï............	
    00 00 00 00 09 00 00 00 04 93 02 b5 01 93 02 8f   .........ì.µ.ì.è	
    02 8f 02 8f 1f                                    .è.è.           	
[20/02/2026 12:24:53] Written data (COM4)	
    50 00 81 44 00 00 00 00 00 00 00 00 00 00 00 00   P.ÅD............	
    00 00 00 00 00 00 00 00 00 00 00 00 00 00 00 00   ................	
    00 00 00 00 15                                    .....           	
[20/02/2026 12:24:53] Read data (COM4)	
    50 00 81 44 08 00 00 00 01 14 1a 02 14 0c 12 24   P.ÅD...........$	
    c4 94 98 00 00 00 00 00 00 00 00 00 00 00 00 00   ƒîò.............	
    00 00 00 00 94                                    ....î           	
[20/02/2026 12:24:53] Written data (COM4)	
    50 00 81 64 00 00 00 00 00 00 00 00 00 00 00 00   P.Åd............	
    00 00 00 00 00 00 00 00 00 00 00 00 00 00 00 00   ................	
    00 00 00 00 35                                    ....5           	
[20/02/2026 12:24:53] Read data (COM4)	
    50 00 81 64 00 00 80 00 00 00 00 00 00 00 00 00   P.Åd..Ä.........	
    00 00 00 00 00 00 00 00 00 00 00 00 00 00 00 00   ................	
    00 00 00 00 b5                                    ....µ           	
[20/02/2026 12:24:54] Written data (COM4)	
    50 00 81 84 00 00 00 00 00 00 00 00 00 00 00 00   P.ÅÑ............	
    00 00 00 00 00 00 00 00 00 00 00 00 00 00 00 00   ................	
    00 00 00 00 55                                    ....U           	
[20/02/2026 12:24:54] Read data (COM4)	
    50 00 81 84 00 00 00 00 00 00 00 00 00 00 00 00   P.ÅÑ............	
    00 00 00 00 00 00 09 00 00 00 00 09 00 00 00 00   ................	
    09 00 00 00 70                                    ....p           	
[20/02/2026 12:24:54] Written data (COM4)	
    50 00 81 95 00 00 00 00 00 00 00 00 00 00 00 00   P.Åï............	
    00 00 00 00 00 00 00 00 00 00 00 00 00 00 00 00   ................	
    00 00 00 00 66                                    ....f           	
[20/02/2026 12:24:54] Read data (COM4)	
    50 00 81 95 00 09 00 00 00 00 09 00 00 00 00 09   P.Åï............	
    00 00 00 00 09 00 00 00 04 93 02 b5 01 93 02 8f   .........ì.µ.ì.è	
    02 8f 02 8f 1f                                    .è.è.           	
[20/02/2026 12:24:54] Written data (COM4)	
    50 00 81 44 00 00 00 00 00 00 00 00 00 00 00 00   P.ÅD............	
    00 00 00 00 00 00 00 00 00 00 00 00 00 00 00 00   ................	
    00 00 00 00 15                                    .....           	
[20/02/2026 12:24:54] Read data (COM4)	
    50 00 81 44 08 00 00 00 01 14 1a 02 14 0c 12 25   P.ÅD...........%	
    c4 94 98 00 00 00 00 00 00 00 00 00 00 00 00 00   ƒîò.............	
    00 00 00 00 95                                    ....ï           	
[20/02/2026 12:24:54] Written data (COM4)	
    50 00 81 64 00 00 00 00 00 00 00 00 00 00 00 00   P.Åd............	
    00 00 00 00 00 00 00 00 00 00 00 00 00 00 00 00   ................	
    00 00 00 00 35                                    ....5           	
[20/02/2026 12:24:54] Read data (COM4)	
    50 00 81 64 00 00 80 00 00 00 00 00 00 00 00 00   P.Åd..Ä.........	
    00 00 00 00 00 00 00 00 00 00 00 00 00 00 00 00   ................	
    00 00 00 00 b5                                    ....µ           	
[20/02/2026 12:24:54] Written data (COM4)	
    50 00 81 84 00 00 00 00 00 00 00 00 00 00 00 00   P.ÅÑ............	
    00 00 00 00 00 00 00 00 00 00 00 00 00 00 00 00   ................	
    00 00 00 00 55                                    ....U           	
[20/02/2026 12:24:54] Read data (COM4)	
    50 00 81 84 00 00 00 00 00 00 00 00 00 00 00 00   P.ÅÑ............	
    00 00 00 00 00 00 09 00 00 00 00 09 00 00 00 00   ................	
    09 00 00 00 70                                    ....p           	
[20/02/2026 12:24:55] Written data (COM4)	
    50 00 81 95 00 00 00 00 00 00 00 00 00 00 00 00   P.Åï............	
    00 00 00 00 00 00 00 00 00 00 00 00 00 00 00 00   ................	
    00 00 00 00 66                                    ....f           	
[20/02/2026 12:24:55] Read data (COM4)	
    50 00 81 95 00 09 00 00 00 00 09 00 00 00 00 09   P.Åï............	
    00 00 00 00 09 00 00 00 04 93 02 b5 01 93 02 8f   .........ì.µ.ì.è	
    02 8f 02 8f 1f                                    .è.è.           	
[20/02/2026 12:24:55] Written data (COM4)	
    50 00 81 44 00 00 00 00 00 00 00 00 00 00 00 00   P.ÅD............	
    00 00 00 00 00 00 00 00 00 00 00 00 00 00 00 00   ................	
    00 00 00 00 15                                    .....           	
[20/02/2026 12:24:55] Read data (COM4)	
    50 00 81 44 08 00 00 00 01 14 1a 02 14 0c 12 26   P.ÅD...........&	
    c4 94 97 00 00 00 00 00 00 00 00 00 00 00 00 00   ƒîó.............	
    00 00 00 00 95                                    ....ï           	
[20/02/2026 12:24:55] Written data (COM4)	
    50 00 81 64 00 00 00 00 00 00 00 00 00 00 00 00   P.Åd............	
    00 00 00 00 00 00 00 00 00 00 00 00 00 00 00 00   ................	
    00 00 00 00 35                                    ....5           	
[20/02/2026 12:24:55] Read data (COM4)	
    50 00 81 64 00 00 80 00 00 00 00 00 00 00 00 00   P.Åd..Ä.........	
    00 00 00 00 00 00 00 00 00 00 00 00 00 00 00 00   ................	
    00 00 00 00 b5                                    ....µ           	
[20/02/2026 12:24:55] Written data (COM4)	
    50 00 81 84 00 00 00 00 00 00 00 00 00 00 00 00   P.ÅÑ............	
    00 00 00 00 00 00 00 00 00 00 00 00 00 00 00 00   ................	
    00 00 00 00 55                                    ....U           	
[20/02/2026 12:24:55] Read data (COM4)	
    50 00 81 84 00 00 00 00 00 00 00 00 00 00 00 00   P.ÅÑ............	
    00 00 00 00 00 00 09 00 00 00 00 09 00 00 00 00   ................	
    09 00 00 00 70                                    ....p           	
[20/02/2026 12:24:55] Written data (COM4)	
    50 00 81 95 00 00 00 00 00 00 00 00 00 00 00 00   P.Åï............	
    00 00 00 00 00 00 00 00 00 00 00 00 00 00 00 00   ................	
    00 00 00 00 66                                    ....f           	
[20/02/2026 12:24:56] Read data (COM4)	
    50 00 81 95 00 09 00 00 00 00 09 00 00 00 00 09   P.Åï............	
    00 00 00 00 09 00 00 00 04 93 02 b5 01 93 02 8f   .........ì.µ.ì.è	
    02 8f 02 8f 1f                                    .è.è.           	
[20/02/2026 12:24:56] Written data (COM4)	
    50 00 81 44 00 00 00 00 00 00 00 00 00 00 00 00   P.ÅD............	
    00 00 00 00 00 00 00 00 00 00 00 00 00 00 00 00   ................	
    00 00 00 00 15                                    .....           	
[20/02/2026 12:24:56] Read data (COM4)	
    50 00 81 44 08 00 00 00 01 14 1a 02 14 0c 12 27   P.ÅD...........'	
    c4 94 98 00 00 00 00 00 00 00 00 00 00 00 00 00   ƒîò.............	
    00 00 00 00 97                                    ....ó           	
[20/02/2026 12:24:56] Written data (COM4)	
    50 00 81 64 00 00 00 00 00 00 00 00 00 00 00 00   P.Åd............	
    00 00 00 00 00 00 00 00 00 00 00 00 00 00 00 00   ................	
    00 00 00 00 35                                    ....5           	
[20/02/2026 12:24:56] Read data (COM4)	
    50 00 81 64 00 00 80 00 00 00 00 00 00 00 00 00   P.Åd..Ä.........	
    00 00 00 00 00 00 00 00 00 00 00 00 00 00 00 00   ................	
    00 00 00 00 b5                                    ....µ           	
[20/02/2026 12:24:56] Written data (COM4)	
    50 00 81 84 00 00 00 00 00 00 00 00 00 00 00 00   P.ÅÑ............	
    00 00 00 00 00 00 00 00 00 00 00 00 00 00 00 00   ................	
    00 00 00 00 55                                    ....U           	
[20/02/2026 12:24:56] Read data (COM4)	
    50 00 81 84 00 00 00 00 00 00 00 00 00 00 00 00   P.ÅÑ............	
    00 00 00 00 00 00 09 00 00 00 00 09 00 00 00 00   ................	
    09 00 00 00 70                                    ....p           	
[20/02/2026 12:24:56] Written data (COM4)	
    50 00 81 95 00 00 00 00 00 00 00 00 00 00 00 00   P.Åï............	
    00 00 00 00 00 00 00 00 00 00 00 00 00 00 00 00   ................	
    00 00 00 00 66                                    ....f           	
[20/02/2026 12:24:56] Read data (COM4)	
    50 00 81 95 00 09 00 00 00 00 09 00 00 00 00 09   P.Åï............	
    00 00 00 00 09 00 00 00 04 93 02 b5 01 93 02 8f   .........ì.µ.ì.è	
    02 8f 02 8f 1f                                    .è.è.           	
[20/02/2026 12:24:56] Written data (COM4)	
    50 00 81 44 00 00 00 00 00 00 00 00 00 00 00 00   P.ÅD............	
    00 00 00 00 00 00 00 00 00 00 00 00 00 00 00 00   ................	
    00 00 00 00 15                                    .....           	
[20/02/2026 12:24:57] Read data (COM4)	
    50 00 81 44 08 00 00 00 01 14 1a 02 14 0c 12 28   P.ÅD...........(	
    c4 94 99 00 00 00 00 00 00 00 00 00 00 00 00 00   ƒîô.............	
    00 00 00 00 99                                    ....ô           	
[20/02/2026 12:24:57] Written data (COM4)	
    50 00 81 64 00 00 00 00 00 00 00 00 00 00 00 00   P.Åd............	
    00 00 00 00 00 00 00 00 00 00 00 00 00 00 00 00   ................	
    00 00 00 00 35                                    ....5           	
[20/02/2026 12:24:57] Read data (COM4)	
    50 00 81 64 00 00 80 00 00 00 00 00 00 00 00 00   P.Åd..Ä.........	
    00 00 00 00 00 00 00 00 00 00 00 00 00 00 00 00   ................	
    00 00 00 00 b5                                    ....µ           	
[20/02/2026 12:24:57] Written data (COM4)	
    50 00 81 84 00 00 00 00 00 00 00 00 00 00 00 00   P.ÅÑ............	
    00 00 00 00 00 00 00 00 00 00 00 00 00 00 00 00   ................	
    00 00 00 00 55                                    ....U           	
[20/02/2026 12:24:57] Read data (COM4)	
    50 00 81 84 00 00 00 00 00 00 00 00 00 00 00 00   P.ÅÑ............	
    00 00 00 00 00 00 09 00 00 00 00 09 00 00 00 00   ................	
    09 00 00 00 70                                    ....p           	
[20/02/2026 12:24:57] Written data (COM4)	
    50 00 81 95 00 00 00 00 00 00 00 00 00 00 00 00   P.Åï............	
    00 00 00 00 00 00 00 00 00 00 00 00 00 00 00 00   ................	
    00 00 00 00 66                                    ....f           	
[20/02/2026 12:24:57] Read data (COM4)	
    50 00 81 95 00 09 00 00 00 00 09 00 00 00 00 09   P.Åï............	
    00 00 00 00 09 00 00 00 04 93 02 b5 01 93 02 8f   .........ì.µ.ì.è	
    02 8f 02 8f 1f                                    .è.è.           	
[20/02/2026 12:24:57] Written data (COM4)	
    50 00 81 44 00 00 00 00 00 00 00 00 00 00 00 00   P.ÅD............	
    00 00 00 00 00 00 00 00 00 00 00 00 00 00 00 00   ................	
    00 00 00 00 15                                    .....           	
[20/02/2026 12:24:57] Read data (COM4)	
    50 00 81 44 08 00 00 00 01 14 1a 02 14 0c 12 29   P.ÅD...........)	
    c4 94 98 00 00 00 00 00 00 00 00 00 00 00 00 00   ƒîò.............	
    00 00 00 00 99                                    ....ô           	
[20/02/2026 12:24:58] Written data (COM4)	
    50 00 81 64 00 00 00 00 00 00 00 00 00 00 00 00   P.Åd............	
    00 00 00 00 00 00 00 00 00 00 00 00 00 00 00 00   ................	
    00 00 00 00 35                                    ....5           	
[20/02/2026 12:24:58] Read data (COM4)	
    50 00 81 64 00 00 80 00 00 00 00 00 00 00 00 00   P.Åd..Ä.........	
    00 00 00 00 00 00 00 00 00 00 00 00 00 00 00 00   ................	
    00 00 00 00 b5                                    ....µ           	
[20/02/2026 12:24:58] Written data (COM4)	
    50 00 81 84 00 00 00 00 00 00 00 00 00 00 00 00   P.ÅÑ............	
    00 00 00 00 00 00 00 00 00 00 00 00 00 00 00 00   ................	
    00 00 00 00 55                                    ....U           	
[20/02/2026 12:24:58] Read data (COM4)	
    50 00 81 84 00 00 00 00 00 00 00 00 00 00 00 00   P.ÅÑ............	
    00 00 00 00 00 00 09 00 00 00 00 09 00 00 00 00   ................	
    09 00 00 00 70                                    ....p           	
[20/02/2026 12:24:58] Written data (COM4)	
    50 00 81 95 00 00 00 00 00 00 00 00 00 00 00 00   P.Åï............	
    00 00 00 00 00 00 00 00 00 00 00 00 00 00 00 00   ................	
    00 00 00 00 66                                    ....f           	
[20/02/2026 12:24:58] Read data (COM4)	
    50 00 81 95 00 09 00 00 00 00 09 00 00 00 00 09   P.Åï............	
    00 00 00 00 09 00 00 00 04 93 02 b5 01 93 02 8f   .........ì.µ.ì.è	
    02 8f 02 8f 1f                                    .è.è.           	
[20/02/2026 12:24:58] Written data (COM4)	
    50 00 81 44 00 00 00 00 00 00 00 00 00 00 00 00   P.ÅD............	
    00 00 00 00 00 00 00 00 00 00 00 00 00 00 00 00   ................	
    00 00 00 00 15                                    .....           	
[20/02/2026 12:24:58] Read data (COM4)	
    50 00 81 44 08 00 00 00 01 14 1a 02 14 0c 12 29   P.ÅD...........)	
    c4 94 97 00 00 00 00 00 00 00 00 00 00 00 00 00   ƒîó.............	
    00 00 00 00 98                                    ....ò           	
[20/02/2026 12:24:58] Written data (COM4)	
    50 00 81 64 00 00 00 00 00 00 00 00 00 00 00 00   P.Åd............	
    00 00 00 00 00 00 00 00 00 00 00 00 00 00 00 00   ................	
    00 00 00 00 35                                    ....5           	
[20/02/2026 12:24:58] Read data (COM4)	
    50 00 81 64 00 00 80 00 00 00 00 00 00 00 00 00   P.Åd..Ä.........	
    00 00 00 00 00 00 00 00 00 00 00 00 00 00 00 00   ................	
    00 00 00 00 b5                                    ....µ           	
[20/02/2026 12:24:59] Written data (COM4)	
    50 00 81 84 00 00 00 00 00 00 00 00 00 00 00 00   P.ÅÑ............	
    00 00 00 00 00 00 00 00 00 00 00 00 00 00 00 00   ................	
    00 00 00 00 55                                    ....U           	
[20/02/2026 12:24:59] Read data (COM4)	
    50 00 81 84 00 00 00 00 00 00 00 00 00 00 00 00   P.ÅÑ............	
    00 00 00 00 00 00 09 00 00 00 00 09 00 00 00 00   ................	
    09 00 00 00 70                                    ....p           	
[20/02/2026 12:24:59] Written data (COM4)	
    50 00 81 95 00 00 00 00 00 00 00 00 00 00 00 00   P.Åï............	
    00 00 00 00 00 00 00 00 00 00 00 00 00 00 00 00   ................	
    00 00 00 00 66                                    ....f           	
[20/02/2026 12:24:59] Read data (COM4)	
    50 00 81 95 00 09 00 00 00 00 09 00 00 00 00 09   P.Åï............	
    00 00 00 00 09 00 00 00 04 93 02 b5 01 93 02 8f   .........ì.µ.ì.è	
    02 8f 02 8f 1f                                    .è.è.           	
[20/02/2026 12:24:59] Written data (COM4)	
    50 00 81 44 00 00 00 00 00 00 00 00 00 00 00 00   P.ÅD............	
    00 00 00 00 00 00 00 00 00 00 00 00 00 00 00 00   ................	
    00 00 00 00 15                                    .....           	
[20/02/2026 12:24:59] Read data (COM4)	
    50 00 81 44 08 00 00 00 01 14 1a 02 14 0c 12 2a   P.ÅD...........*	
    c4 94 98 00 00 00 00 00 00 00 00 00 00 00 00 00   ƒîò.............	
    00 00 00 00 9a                                    ....ö           	
[20/02/2026 12:24:59] Written data (COM4)	
    50 00 81 64 00 00 00 00 00 00 00 00 00 00 00 00   P.Åd............	
    00 00 00 00 00 00 00 00 00 00 00 00 00 00 00 00   ................	
    00 00 00 00 35                                    ....5           	
[20/02/2026 12:24:59] Read data (COM4)	
    50 00 81 64 00 00 80 00 00 00 00 00 00 00 00 00   P.Åd..Ä.........	
    00 00 00 00 00 00 00 00 00 00 00 00 00 00 00 00   ................	
    00 00 00 00 b5                                    ....µ           	
[20/02/2026 12:24:59] Written data (COM4)	
    50 00 81 84 00 00 00 00 00 00 00 00 00 00 00 00   P.ÅÑ............	
    00 00 00 00 00 00 00 00 00 00 00 00 00 00 00 00   ................	
    00 00 00 00 55                                    ....U           	
[20/02/2026 12:24:59] Read data (COM4)	
    50 00 81 84 00 00 00 00 00 00 00 00 00 00 00 00   P.ÅÑ............	
    00 00 00 00 00 00 09 00 00 00 00 09 00 00 00 00   ................	
    09 00 00 00 70                                    ....p           	
[20/02/2026 12:25:00] Written data (COM4)	
    50 00 81 95 00 00 00 00 00 00 00 00 00 00 00 00   P.Åï............	
    00 00 00 00 00 00 00 00 00 00 00 00 00 00 00 00   ................	
    00 00 00 00 66                                    ....f           	
[20/02/2026 12:25:00] Read data (COM4)	
    50 00 81 95 00 09 00 00 00 00 09 00 00 00 00 09   P.Åï............	
    00 00 00 00 09 00 00 00 04 93 02 b5 01 93 02 8f   .........ì.µ.ì.è	
    02 8f 02 8f 1f                                    .è.è.           	
[20/02/2026 12:25:00] Written data (COM4)	
    50 00 81 44 00 00 00 00 00 00 00 00 00 00 00 00   P.ÅD............	
    00 00 00 00 00 00 00 00 00 00 00 00 00 00 00 00   ................	
    00 00 00 00 15                                    .....           	
[20/02/2026 12:25:00] Read data (COM4)	
    50 00 81 44 08 00 00 00 01 14 1a 02 14 0c 12 2b   P.ÅD...........+	
    c4 94 98 00 00 00 00 00 00 00 00 00 00 00 00 00   ƒîò.............	
    00 00 00 00 9b                                    ....õ           	
[20/02/2026 12:25:00] Written data (COM4)	
    50 00 81 64 00 00 00 00 00 00 00 00 00 00 00 00   P.Åd............	
    00 00 00 00 00 00 00 00 00 00 00 00 00 00 00 00   ................	
    00 00 00 00 35                                    ....5           	
[20/02/2026 12:25:00] Read data (COM4)	
    50 00 81 64 00 00 80 00 00 00 00 00 00 00 00 00   P.Åd..Ä.........	
    00 00 00 00 00 00 00 00 00 00 00 00 00 00 00 00   ................	
    00 00 00 00 b5                                    ....µ           	
[20/02/2026 12:25:00] Written data (COM4)	
    50 00 81 84 00 00 00 00 00 00 00 00 00 00 00 00   P.ÅÑ............	
    00 00 00 00 00 00 00 00 00 00 00 00 00 00 00 00   ................	
    00 00 00 00 55                                    ....U           	
[20/02/2026 12:25:00] Read data (COM4)	
    50 00 81 84 00 00 00 00 00 00 00 00 00 00 00 00   P.ÅÑ............	
    00 00 00 00 00 00 09 00 00 00 00 09 00 00 00 00   ................	
    09 00 00 00 70                                    ....p           	
[20/02/2026 12:25:00] Written data (COM4)	
    50 00 81 95 00 00 00 00 00 00 00 00 00 00 00 00   P.Åï............	
    00 00 00 00 00 00 00 00 00 00 00 00 00 00 00 00   ................	
    00 00 00 00 66                                    ....f           	
[20/02/2026 12:25:00] Read data (COM4)	
    50 00 81 95 00 09 00 00 00 00 09 00 00 00 00 09   P.Åï............	
    00 00 00 00 09 00 00 00 04 93 02 b5 01 93 02 8f   .........ì.µ.ì.è	
    02 8f 02 8f 1f                                    .è.è.           	
[20/02/2026 12:25:01] Written data (COM4)	
    50 00 81 44 00 00 00 00 00 00 00 00 00 00 00 00   P.ÅD............	
    00 00 00 00 00 00 00 00 00 00 00 00 00 00 00 00   ................	
    00 00 00 00 15                                    .....           	
[20/02/2026 12:25:01] Read data (COM4)	
    50 00 81 44 08 00 00 00 01 14 1a 02 14 0c 12 2c   P.ÅD...........,	
    c4 94 99 00 00 00 00 00 00 00 00 00 00 00 00 00   ƒîô.............	
    00 00 00 00 9d                                    ....ù           	
[20/02/2026 12:25:01] Written data (COM4)	
    50 00 81 64 00 00 00 00 00 00 00 00 00 00 00 00   P.Åd............	
    00 00 00 00 00 00 00 00 00 00 00 00 00 00 00 00   ................	
    00 00 00 00 35                                    ....5           	
[20/02/2026 12:25:01] Read data (COM4)	
    50 00 81 64 00 00 80 00 00 00 00 00 00 00 00 00   P.Åd..Ä.........	
    00 00 00 00 00 00 00 00 00 00 00 00 00 00 00 00   ................	
    00 00 00 00 b5                                    ....µ           	
[20/02/2026 12:25:01] Written data (COM4)	
    50 00 81 84 00 00 00 00 00 00 00 00 00 00 00 00   P.ÅÑ............	
    00 00 00 00 00 00 00 00 00 00 00 00 00 00 00 00   ................	
    00 00 00 00 55                                    ....U           	
[20/02/2026 12:25:01] Read data (COM4)	
    50 00 81 84 00 00 00 00 00 00 00 00 00 00 00 00   P.ÅÑ............	
    00 00 00 00 00 00 09 00 00 00 00 09 00 00 00 00   ................	
    09 00 00 00 70                                    ....p           	
[20/02/2026 12:25:01] Written data (COM4)	
    50 00 81 95 00 00 00 00 00 00 00 00 00 00 00 00   P.Åï............	
    00 00 00 00 00 00 00 00 00 00 00 00 00 00 00 00   ................	
    00 00 00 00 66                                    ....f           	
[20/02/2026 12:25:01] Read data (COM4)	
    50 00 81 95 00 09 00 00 00 00 09 00 00 00 00 09   P.Åï............	
    00 00 00 00 09 00 00 00 04 93 02 b5 01 93 02 8f   .........ì.µ.ì.è	
    02 8f 02 8f 1f                                    .è.è.           	
[20/02/2026 12:25:01] Written data (COM4)	
    50 00 81 44 00 00 00 00 00 00 00 00 00 00 00 00   P.ÅD............	
    00 00 00 00 00 00 00 00 00 00 00 00 00 00 00 00   ................	
    00 00 00 00 15                                    .....           	
[20/02/2026 12:25:01] Read data (COM4)	
    50 00 81 44 08 00 00 00 01 14 1a 02 14 0c 12 2d   P.ÅD...........-	
    c4 94 98 00 00 00 00 00 00 00 00 00 00 00 00 00   ƒîò.............	
    00 00 00 00 9d                                    ....ù           	
[20/02/2026 12:25:02] Written data (COM4)	
    50 00 81 64 00 00 00 00 00 00 00 00 00 00 00 00   P.Åd............	
    00 00 00 00 00 00 00 00 00 00 00 00 00 00 00 00   ................	
    00 00 00 00 35                                    ....5           	
[20/02/2026 12:25:02] Read data (COM4)	
    50 00 81 64 00 00 80 00 00 00 00 00 00 00 00 00   P.Åd..Ä.........	
    00 00 00 00 00 00 00 00 00 00 00 00 00 00 00 00   ................	
    00 00 00 00 b5                                    ....µ           	
[20/02/2026 12:25:02] Written data (COM4)	
    50 00 81 84 00 00 00 00 00 00 00 00 00 00 00 00   P.ÅÑ............	
    00 00 00 00 00 00 00 00 00 00 00 00 00 00 00 00   ................	
    00 00 00 00 55                                    ....U           	
[20/02/2026 12:25:02] Read data (COM4)	
    50 00 81 84 00 00 00 00 00 00 00 00 00 00 00 00   P.ÅÑ............	
    00 00 00 00 00 00 09 00 00 00 00 09 00 00 00 00   ................	
    09 00 00 00 70                                    ....p           	
[20/02/2026 12:25:02] Written data (COM4)	
    50 00 81 95 00 00 00 00 00 00 00 00 00 00 00 00   P.Åï............	
    00 00 00 00 00 00 00 00 00 00 00 00 00 00 00 00   ................	
    00 00 00 00 66                                    ....f           	
[20/02/2026 12:25:02] Read data (COM4)	
    50 00 81 95 00 09 00 00 00 00 09 00 00 00 00 09   P.Åï............	
    00 00 00 00 09 00 00 00 04 93 02 b5 01 93 02 8f   .........ì.µ.ì.è	
    02 8f 02 8f 1f                                    .è.è.           	
[20/02/2026 12:25:02] Written data (COM4)	
    50 00 81 44 00 00 00 00 00 00 00 00 00 00 00 00   P.ÅD............	
    00 00 00 00 00 00 00 00 00 00 00 00 00 00 00 00   ................	
    00 00 00 00 15                                    .....           	
[20/02/2026 12:25:02] Read data (COM4)	
    50 00 81 44 08 00 00 00 01 14 1a 02 14 0c 12 2d   P.ÅD...........-	
    c4 94 98 00 00 00 00 00 00 00 00 00 00 00 00 00   ƒîò.............	
    00 00 00 00 9d                                    ....ù           	
[20/02/2026 12:25:02] Written data (COM4)	
    50 00 81 64 00 00 00 00 00 00 00 00 00 00 00 00   P.Åd............	
    00 00 00 00 00 00 00 00 00 00 00 00 00 00 00 00   ................	
    00 00 00 00 35                                    ....5           	
[20/02/2026 12:25:02] Read data (COM4)	
    50 00 81 64 00 00 80 00 00 00 00 00 00 00 00 00   P.Åd..Ä.........	
    00 00 00 00 00 00 00 00 00 00 00 00 00 00 00 00   ................	
    00 00 00 00 b5                                    ....µ           	
[20/02/2026 12:25:03] Written data (COM4)	
    50 00 81 84 00 00 00 00 00 00 00 00 00 00 00 00   P.ÅÑ............	
    00 00 00 00 00 00 00 00 00 00 00 00 00 00 00 00   ................	
    00 00 00 00 55                                    ....U           	
[20/02/2026 12:25:03] Read data (COM4)	
    50 00 81 84 00 00 00 00 00 00 00 00 00 00 00 00   P.ÅÑ............	
    00 00 00 00 00 00 09 00 00 00 00 09 00 00 00 00   ................	
    09 00 00 00 70                                    ....p           	
[20/02/2026 12:25:03] Written data (COM4)	
    50 00 81 95 00 00 00 00 00 00 00 00 00 00 00 00   P.Åï............	
    00 00 00 00 00 00 00 00 00 00 00 00 00 00 00 00   ................	
    00 00 00 00 66                                    ....f           	
[20/02/2026 12:25:03] Read data (COM4)	
    50 00 81 95 00 09 00 00 00 00 09 00 00 00 00 09   P.Åï............	
    00 00 00 00 09 00 00 00 04 93 02 b5 01 93 02 8f   .........ì.µ.ì.è	
    02 8f 02 8f 1f                                    .è.è.           	
[20/02/2026 12:25:03] Written data (COM4)	
    50 00 81 44 00 00 00 00 00 00 00 00 00 00 00 00   P.ÅD............	
    00 00 00 00 00 00 00 00 00 00 00 00 00 00 00 00   ................	
    00 00 00 00 15                                    .....           	
[20/02/2026 12:25:03] Read data (COM4)	
    50 00 81 44 08 00 00 00 01 14 1a 02 14 0c 12 2e   P.ÅD............	
    c4 94 98 00 00 00 00 00 00 00 00 00 00 00 00 00   ƒîò.............	
    00 00 00 00 9e                                    ....û           	
[20/02/2026 12:25:03] Written data (COM4)	
    50 00 81 64 00 00 00 00 00 00 00 00 00 00 00 00   P.Åd............	
    00 00 00 00 00 00 00 00 00 00 00 00 00 00 00 00   ................	
    00 00 00 00 35                                    ....5           	
[20/02/2026 12:25:03] Read data (COM4)	
    50 00 81 64 00 00 80 00 00 00 00 00 00 00 00 00   P.Åd..Ä.........	
    00 00 00 00 00 00 00 00 00 00 00 00 00 00 00 00   ................	
    00 00 00 00 b5                                    ....µ           	
[20/02/2026 12:25:03] Written data (COM4)	
    50 00 81 84 00 00 00 00 00 00 00 00 00 00 00 00   P.ÅÑ............	
    00 00 00 00 00 00 00 00 00 00 00 00 00 00 00 00   ................	
    00 00 00 00 55                                    ....U           	
[20/02/2026 12:25:04] Read data (COM4)	
    50 00 81 84 00 00 00 00 00 00 00 00 00 00 00 00   P.ÅÑ............	
    00 00 00 00 00 00 09 00 00 00 00 09 00 00 00 00   ................	
    09 00 00 00 70                                    ....p           	
[20/02/2026 12:25:04] Written data (COM4)	
    50 00 81 95 00 00 00 00 00 00 00 00 00 00 00 00   P.Åï............	
    00 00 00 00 00 00 00 00 00 00 00 00 00 00 00 00   ................	
    00 00 00 00 66                                    ....f           	
[20/02/2026 12:25:04] Read data (COM4)	
    50 00 81 95 00 09 00 00 00 00 09 00 00 00 00 09   P.Åï............	
    00 00 00 00 09 00 00 00 04 93 02 b5 01 93 02 8f   .........ì.µ.ì.è	
    02 8f 02 8f 1f                                    .è.è.           	
[20/02/2026 12:25:04] Written data (COM4)	
    50 00 81 44 00 00 00 00 00 00 00 00 00 00 00 00   P.ÅD............	
    00 00 00 00 00 00 00 00 00 00 00 00 00 00 00 00   ................	
    00 00 00 00 15                                    .....           	
[20/02/2026 12:25:04] Read data (COM4)	
    50 00 81 44 08 00 00 00 01 14 1a 02 14 0c 12 2f   P.ÅD.........../	
    c4 94 98 00 00 00 00 00 00 00 00 00 00 00 00 00   ƒîò.............	
    00 00 00 00 9f                                    ....ü           	
[20/02/2026 12:25:04] Written data (COM4)	
    50 00 81 64 00 00 00 00 00 00 00 00 00 00 00 00   P.Åd............	
    00 00 00 00 00 00 00 00 00 00 00 00 00 00 00 00   ................	
    00 00 00 00 35                                    ....5           	
[20/02/2026 12:25:04] Read data (COM4)	
    50 00 81 64 00 00 80 00 00 00 00 00 00 00 00 00   P.Åd..Ä.........	
    00 00 00 00 00 00 00 00 00 00 00 00 00 00 00 00   ................	
    00 00 00 00 b5                                    ....µ           	
[20/02/2026 12:25:04] Written data (COM4)	
    50 00 81 84 00 00 00 00 00 00 00 00 00 00 00 00   P.ÅÑ............	
    00 00 00 00 00 00 00 00 00 00 00 00 00 00 00 00   ................	
    00 00 00 00 55                                    ....U           	
[20/02/2026 12:25:04] Read data (COM4)	
    50 00 81 84 00 00 00 00 00 00 00 00 00 00 00 00   P.ÅÑ............	
    00 00 00 00 00 00 09 00 00 00 00 09 00 00 00 00   ................	
    09 00 00 00 70                                    ....p           	
[20/02/2026 12:25:04] Written data (COM4)	
    50 00 81 95 00 00 00 00 00 00 00 00 00 00 00 00   P.Åï............	
    00 00 00 00 00 00 00 00 00 00 00 00 00 00 00 00   ................	
    00 00 00 00 66                                    ....f           	
[20/02/2026 12:25:05] Read data (COM4)	
    50 00 81 95 00 09 00 00 00 00 09 00 00 00 00 09   P.Åï............	
    00 00 00 00 09 00 00 00 04 93 02 b5 01 93 02 8f   .........ì.µ.ì.è	
    02 8f 02 8f 1f                                    .è.è.           	
[20/02/2026 12:25:05] Written data (COM4)	
    50 00 81 44 00 00 00 00 00 00 00 00 00 00 00 00   P.ÅD............	
    00 00 00 00 00 00 00 00 00 00 00 00 00 00 00 00   ................	
    00 00 00 00 15                                    .....           	
[20/02/2026 12:25:05] Read data (COM4)	
    50 00 81 44 08 00 00 00 01 14 1a 02 14 0c 12 30   P.ÅD...........0	
    c4 94 98 00 00 00 00 00 00 00 00 00 00 00 00 00   ƒîò.............	
    00 00 00 00 a0                                    ....†           	
[20/02/2026 12:25:05] Written data (COM4)	
    50 00 81 64 00 00 00 00 00 00 00 00 00 00 00 00   P.Åd............	
    00 00 00 00 00 00 00 00 00 00 00 00 00 00 00 00   ................	
    00 00 00 00 35                                    ....5           	
[20/02/2026 12:25:05] Read data (COM4)	
    50 00 81 64 00 00 80 00 00 00 00 00 00 00 00 00   P.Åd..Ä.........	
    00 00 00 00 00 00 00 00 00 00 00 00 00 00 00 00   ................	
    00 00 00 00 b5                                    ....µ           	
[20/02/2026 12:25:05] Written data (COM4)	
    50 00 81 84 00 00 00 00 00 00 00 00 00 00 00 00   P.ÅÑ............	
    00 00 00 00 00 00 00 00 00 00 00 00 00 00 00 00   ................	
    00 00 00 00 55                                    ....U           	
[20/02/2026 12:25:05] Read data (COM4)	
    50 00 81 84 00 00 00 00 00 00 00 00 00 00 00 00   P.ÅÑ............	
    00 00 00 00 00 00 09 00 00 00 00 09 00 00 00 00   ................	
    09 00 00 00 70                                    ....p           	
[20/02/2026 12:25:05] Written data (COM4)	
    50 00 81 95 00 00 00 00 00 00 00 00 00 00 00 00   P.Åï............	
    00 00 00 00 00 00 00 00 00 00 00 00 00 00 00 00   ................	
    00 00 00 00 66                                    ....f           	
[20/02/2026 12:25:05] Read data (COM4)	
    50 00 81 95 00 09 00 00 00 00 09 00 00 00 00 09   P.Åï............	
    00 00 00 00 09 00 00 00 04 93 02 b5 01 93 02 8f   .........ì.µ.ì.è	
    02 8f 02 8f 1f                                    .è.è.           	
[20/02/2026 12:25:06] Written data (COM4)	
    50 00 81 44 00 00 00 00 00 00 00 00 00 00 00 00   P.ÅD............	
    00 00 00 00 00 00 00 00 00 00 00 00 00 00 00 00   ................	
    00 00 00 00 15                                    .....           	
[20/02/2026 12:25:06] Read data (COM4)	
    50 00 81 44 08 00 00 00 01 14 1a 02 14 0c 12 31   P.ÅD...........1	
    c4 94 98 00 00 00 00 00 00 00 00 00 00 00 00 00   ƒîò.............	
    00 00 00 00 a1                                    ....°           	
[20/02/2026 12:25:06] Written data (COM4)	
    50 00 81 64 00 00 00 00 00 00 00 00 00 00 00 00   P.Åd............	
    00 00 00 00 00 00 00 00 00 00 00 00 00 00 00 00   ................	
    00 00 00 00 35                                    ....5           	
[20/02/2026 12:25:06] Read data (COM4)	
    50 00 81 64 00 00 80 00 00 00 00 00 00 00 00 00   P.Åd..Ä.........	
    00 00 00 00 00 00 00 00 00 00 00 00 00 00 00 00   ................	
    00 00 00 00 b5                                    ....µ           	
[20/02/2026 12:25:06] Written data (COM4)	
    50 00 81 84 00 00 00 00 00 00 00 00 00 00 00 00   P.ÅÑ............	
    00 00 00 00 00 00 00 00 00 00 00 00 00 00 00 00   ................	
    00 00 00 00 55                                    ....U           	
[20/02/2026 12:25:06] Read data (COM4)	
    50 00 81 84 00 00 00 00 00 00 00 00 00 00 00 00   P.ÅÑ............	
    00 00 00 00 00 00 09 00 00 00 00 09 00 00 00 00   ................	
    09 00 00 00 70                                    ....p           	
[20/02/2026 12:25:06] Written data (COM4)	
    50 00 81 95 00 00 00 00 00 00 00 00 00 00 00 00   P.Åï............	
    00 00 00 00 00 00 00 00 00 00 00 00 00 00 00 00   ................	
    00 00 00 00 66                                    ....f           	
[20/02/2026 12:25:06] Read data (COM4)	
    50 00 81 95 00 09 00 00 00 00 09 00 00 00 00 09   P.Åï............	
    00 00 00 00 09 00 00 00 04 93 02 b5 01 93 02 8f   .........ì.µ.ì.è	
    02 8f 02 8f 1f                                    .è.è.           	
[20/02/2026 12:25:06] Written data (COM4)	
    50 00 81 44 00 00 00 00 00 00 00 00 00 00 00 00   P.ÅD............	
    00 00 00 00 00 00 00 00 00 00 00 00 00 00 00 00   ................	
    00 00 00 00 15                                    .....           	
[20/02/2026 12:25:06] Read data (COM4)	
    50 00 81 44 08 00 00 00 01 14 1a 02 14 0c 12 32   P.ÅD...........2	
    c4 94 98 00 00 00 00 00 00 00 00 00 00 00 00 00   ƒîò.............	
    00 00 00 00 a2                                    ....¢           	
[20/02/2026 12:25:07] Written data (COM4)	
    50 00 81 64 00 00 00 00 00 00 00 00 00 00 00 00   P.Åd............	
    00 00 00 00 00 00 00 00 00 00 00 00 00 00 00 00   ................	
    00 00 00 00 35                                    ....5           	
[20/02/2026 12:25:07] Read data (COM4)	
    50 00 81 64 00 00 80 00 00 00 00 00 00 00 00 00   P.Åd..Ä.........	
    00 00 00 00 00 00 00 00 00 00 00 00 00 00 00 00   ................	
    00 00 00 00 b5                                    ....µ           	
[20/02/2026 12:25:07] Written data (COM4)	
    50 00 81 84 00 00 00 00 00 00 00 00 00 00 00 00   P.ÅÑ............	
    00 00 00 00 00 00 00 00 00 00 00 00 00 00 00 00   ................	
    00 00 00 00 55                                    ....U           	
[20/02/2026 12:25:07] Read data (COM4)	
    50 00 81 84 00 00 00 00 00 00 00 00 00 00 00 00   P.ÅÑ............	
    00 00 00 00 00 00 09 00 00 00 00 09 00 00 00 00   ................	
    09 00 00 00 70                                    ....p           	
[20/02/2026 12:25:07] Written data (COM4)	
    50 00 81 95 00 00 00 00 00 00 00 00 00 00 00 00   P.Åï............	
    00 00 00 00 00 00 00 00 00 00 00 00 00 00 00 00   ................	
    00 00 00 00 66                                    ....f           	
[20/02/2026 12:25:07] Read data (COM4)	
    50 00 81 95 00 09 00 00 00 00 09 00 00 00 00 09   P.Åï............	
    00 00 00 00 09 00 00 00 04 93 02 b5 01 93 02 8f   .........ì.µ.ì.è	
    02 8f 02 8f 1f                                    .è.è.           	
[20/02/2026 12:25:07] Written data (COM4)	
    50 00 81 44 00 00 00 00 00 00 00 00 00 00 00 00   P.ÅD............	
    00 00 00 00 00 00 00 00 00 00 00 00 00 00 00 00   ................	
    00 00 00 00 15                                    .....           	
[20/02/2026 12:25:07] Read data (COM4)	
    50 00 81 44 08 00 00 00 01 14 1a 02 14 0c 12 32   P.ÅD...........2	
    c4 94 98 00 00 00 00 00 00 00 00 00 00 00 00 00   ƒîò.............	
    00 00 00 00 a2                                    ....¢           	
[20/02/2026 12:25:07] Written data (COM4)	
    50 00 81 64 00 00 00 00 00 00 00 00 00 00 00 00   P.Åd............	
    00 00 00 00 00 00 00 00 00 00 00 00 00 00 00 00   ................	
    00 00 00 00 35                                    ....5           	
[20/02/2026 12:25:07] Read data (COM4)	
    50 00 81 64 00 00 80 00 00 00 00 00 00 00 00 00   P.Åd..Ä.........	
    00 00 00 00 00 00 00 00 00 00 00 00 00 00 00 00   ................	
    00 00 00 00 b5                                    ....µ           	
[20/02/2026 12:25:08] Written data (COM4)	
    50 00 81 84 00 00 00 00 00 00 00 00 00 00 00 00   P.ÅÑ............	
    00 00 00 00 00 00 00 00 00 00 00 00 00 00 00 00   ................	
    00 00 00 00 55                                    ....U           	
[20/02/2026 12:25:08] Read data (COM4)	
    50 00 81 84 00 00 00 00 00 00 00 00 00 00 00 00   P.ÅÑ............	
    00 00 00 00 00 00 09 00 00 00 00 09 00 00 00 00   ................	
    09 00 00 00 70                                    ....p           	
[20/02/2026 12:25:08] Written data (COM4)	
    50 00 81 95 00 00 00 00 00 00 00 00 00 00 00 00   P.Åï............	
    00 00 00 00 00 00 00 00 00 00 00 00 00 00 00 00   ................	
    00 00 00 00 66                                    ....f           	
[20/02/2026 12:25:08] Read data (COM4)	
    50 00 81 95 00 09 00 00 00 00 09 00 00 00 00 09   P.Åï............	
    00 00 00 00 09 00 00 00 04 93 02 b5 01 93 02 8f   .........ì.µ.ì.è	
    02 8f 02 8f 1f                                    .è.è.           	
[20/02/2026 12:25:08] Written data (COM4)	
    50 00 81 44 00 00 00 00 00 00 00 00 00 00 00 00   P.ÅD............	
    00 00 00 00 00 00 00 00 00 00 00 00 00 00 00 00   ................	
    00 00 00 00 15                                    .....           	
[20/02/2026 12:25:08] Read data (COM4)	
    50 00 81 44 08 00 00 00 01 14 1a 02 14 0c 12 33   P.ÅD...........3	
    c4 94 98 00 00 00 00 00 00 00 00 00 00 00 00 00   ƒîò.............	
    00 00 00 00 a3                                    ....£           	
[20/02/2026 12:25:08] Written data (COM4)	
    50 00 81 64 00 00 00 00 00 00 00 00 00 00 00 00   P.Åd............	
    00 00 00 00 00 00 00 00 00 00 00 00 00 00 00 00   ................	
    00 00 00 00 35                                    ....5           	
[20/02/2026 12:25:08] Read data (COM4)	
    50 00 81 64 00 00 80 00 00 00 00 00 00 00 00 00   P.Åd..Ä.........	
    00 00 00 00 00 00 00 00 00 00 00 00 00 00 00 00   ................	
    00 00 00 00 b5                                    ....µ           	
[20/02/2026 12:25:08] Written data (COM4)	
    50 00 81 84 00 00 00 00 00 00 00 00 00 00 00 00   P.ÅÑ............	
    00 00 00 00 00 00 00 00 00 00 00 00 00 00 00 00   ................	
    00 00 00 00 55                                    ....U           	
[20/02/2026 12:25:08] Read data (COM4)	
    50 00 81 84 00 00 00 00 00 00 00 00 00 00 00 00   P.ÅÑ............	
    00 00 00 00 00 00 09 00 00 00 00 09 00 00 00 00   ................	
    09 00 00 00 70                                    ....p           	
[20/02/2026 12:25:09] Written data (COM4)	
    50 00 81 95 00 00 00 00 00 00 00 00 00 00 00 00   P.Åï............	
    00 00 00 00 00 00 00 00 00 00 00 00 00 00 00 00   ................	
    00 00 00 00 66                                    ....f           	
[20/02/2026 12:25:09] Read data (COM4)	
    50 00 81 95 00 09 00 00 00 00 09 00 00 00 00 09   P.Åï............	
    00 00 00 00 09 00 00 00 04 93 02 b5 01 93 02 8f   .........ì.µ.ì.è	
    02 8f 02 8f 1f                                    .è.è.           	
[20/02/2026 12:25:09] Written data (COM4)	
    50 00 81 44 00 00 00 00 00 00 00 00 00 00 00 00   P.ÅD............	
    00 00 00 00 00 00 00 00 00 00 00 00 00 00 00 00   ................	
    00 00 00 00 15                                    .....           	
[20/02/2026 12:25:09] Read data (COM4)	
    50 00 81 44 08 00 00 00 01 14 1a 02 14 0c 12 34   P.ÅD...........4	
    c4 94 98 00 00 00 00 00 00 00 00 00 00 00 00 00   ƒîò.............	
    00 00 00 00 a4                                    ....§           	
[20/02/2026 12:25:09] Written data (COM4)	
    50 00 81 64 00 00 00 00 00 00 00 00 00 00 00 00   P.Åd............	
    00 00 00 00 00 00 00 00 00 00 00 00 00 00 00 00   ................	
    00 00 00 00 35                                    ....5           	
[20/02/2026 12:25:09] Read data (COM4)	
    50 00 81 64 00 00 80 00 00 00 00 00 00 00 00 00   P.Åd..Ä.........	
    00 00 00 00 00 00 00 00 00 00 00 00 00 00 00 00   ................	
    00 00 00 00 b5                                    ....µ           	
[20/02/2026 12:25:09] Written data (COM4)	
    50 00 81 84 00 00 00 00 00 00 00 00 00 00 00 00   P.ÅÑ............	
    00 00 00 00 00 00 00 00 00 00 00 00 00 00 00 00   ................	
    00 00 00 00 55                                    ....U           	
[20/02/2026 12:25:09] Read data (COM4)	
    50 00 81 84 00 00 00 00 00 00 00 00 00 00 00 00   P.ÅÑ............	
    00 00 00 00 00 00 09 00 00 00 00 09 00 00 00 00   ................	
    09 00 00 00 70                                    ....p           	
[20/02/2026 12:25:09] Written data (COM4)	
    50 00 81 95 00 00 00 00 00 00 00 00 00 00 00 00   P.Åï............	
    00 00 00 00 00 00 00 00 00 00 00 00 00 00 00 00   ................	
    00 00 00 00 66                                    ....f           	
[20/02/2026 12:25:09] Read data (COM4)	
    50 00 81 95 00 09 00 00 00 00 09 00 00 00 00 09   P.Åï............	
    00 00 00 00 09 00 00 00 04 93 02 b5 01 93 02 8f   .........ì.µ.ì.è	
    02 8f 02 8f 1f                                    .è.è.           	
[20/02/2026 12:25:10] Written data (COM4)	
    50 00 81 44 00 00 00 00 00 00 00 00 00 00 00 00   P.ÅD............	
    00 00 00 00 00 00 00 00 00 00 00 00 00 00 00 00   ................	
    00 00 00 00 15                                    .....           	
[20/02/2026 12:25:10] Read data (COM4)	
    50 00 81 44 08 00 00 00 01 14 1a 02 14 0c 12 35   P.ÅD...........5	
    c4 94 98 00 00 00 00 00 00 00 00 00 00 00 00 00   ƒîò.............	
    00 00 00 00 a5                                    ....•           	
[20/02/2026 12:25:10] Written data (COM4)	
    50 00 81 64 00 00 00 00 00 00 00 00 00 00 00 00   P.Åd............	
    00 00 00 00 00 00 00 00 00 00 00 00 00 00 00 00   ................	
    00 00 00 00 35                                    ....5           	
[20/02/2026 12:25:10] Read data (COM4)	
    50 00 81 64 00 00 80 00 00 00 00 00 00 00 00 00   P.Åd..Ä.........	
    00 00 00 00 00 00 00 00 00 00 00 00 00 00 00 00   ................	
    00 00 00 00 b5                                    ....µ           	
[20/02/2026 12:25:10] Written data (COM4)	
    50 00 81 84 00 00 00 00 00 00 00 00 00 00 00 00   P.ÅÑ............	
    00 00 00 00 00 00 00 00 00 00 00 00 00 00 00 00   ................	
    00 00 00 00 55                                    ....U           	
[20/02/2026 12:25:10] Read data (COM4)	
    50 00 81 84 00 00 00 00 00 00 00 00 00 00 00 00   P.ÅÑ............	
    00 00 00 00 00 00 09 00 00 00 00 09 00 00 00 00   ................	
    09 00 00 00 70                                    ....p           	
[20/02/2026 12:25:10] Written data (COM4)	
    50 00 81 95 00 00 00 00 00 00 00 00 00 00 00 00   P.Åï............	
    00 00 00 00 00 00 00 00 00 00 00 00 00 00 00 00   ................	
    00 00 00 00 66                                    ....f           	
[20/02/2026 12:25:10] Read data (COM4)	
    50 00 81 95 00 09 00 00 00 00 09 00 00 00 00 09   P.Åï............	
    00 00 00 00 09 00 00 00 04 93 02 b5 01 93 02 8f   .........ì.µ.ì.è	
    02 8f 02 8f 1f                                    .è.è.           	
[20/02/2026 12:25:11] Written data (COM4)	
    50 00 81 44 00 00 00 00 00 00 00 00 00 00 00 00   P.ÅD............	
    00 00 00 00 00 00 00 00 00 00 00 00 00 00 00 00   ................	
    00 00 00 00 15                                    .....           	
[20/02/2026 12:25:11] Read data (COM4)	
    50 00 81 44 08 00 00 00 01 14 1a 02 14 0c 12 36   P.ÅD...........6	
    c4 94 98 00 00 00 00 00 00 00 00 00 00 00 00 00   ƒîò.............	
    00 00 00 00 a6                                    ....¶           	
[20/02/2026 12:25:11] Written data (COM4)	
    50 00 81 64 00 00 00 00 00 00 00 00 00 00 00 00   P.Åd............	
    00 00 00 00 00 00 00 00 00 00 00 00 00 00 00 00   ................	
    00 00 00 00 35                                    ....5           	
[20/02/2026 12:25:11] Read data (COM4)	
    50 00 81 64 00 00 80 00 00 00 00 00 00 00 00 00   P.Åd..Ä.........	
    00 00 00 00 00 00 00 00 00 00 00 00 00 00 00 00   ................	
    00 00 00 00 b5                                    ....µ           	
[20/02/2026 12:25:11] Written data (COM4)	
    50 00 81 84 00 00 00 00 00 00 00 00 00 00 00 00   P.ÅÑ............	
    00 00 00 00 00 00 00 00 00 00 00 00 00 00 00 00   ................	
    00 00 00 00 55                                    ....U           	
[20/02/2026 12:25:11] Read data (COM4)	
    50 00 81 84 00 00 00 00 00 00 00 00 00 00 00 00   P.ÅÑ............	
    00 00 00 00 00 00 09 00 00 00 00 09 00 00 00 00   ................	
    09 00 00 00 70                                    ....p           	
[20/02/2026 12:25:11] Written data (COM4)	
    50 00 81 95 00 00 00 00 00 00 00 00 00 00 00 00   P.Åï............	
    00 00 00 00 00 00 00 00 00 00 00 00 00 00 00 00   ................	
    00 00 00 00 66                                    ....f           	
[20/02/2026 12:25:11] Read data (COM4)	
    50 00 81 95 00 09 00 00 00 00 09 00 00 00 00 09   P.Åï............	
    00 00 00 00 09 00 00 00 04 93 02 b5 01 93 02 8f   .........ì.µ.ì.è	
    02 8f 02 8f 1f                                    .è.è.           	
[20/02/2026 12:25:11] Written data (COM4)	
    50 00 81 44 00 00 00 00 00 00 00 00 00 00 00 00   P.ÅD............	
    00 00 00 00 00 00 00 00 00 00 00 00 00 00 00 00   ................	
    00 00 00 00 15                                    .....           	
[20/02/2026 12:25:11] Read data (COM4)	
    50 00 81 44 08 00 00 00 01 14 1a 02 14 0c 12 37   P.ÅD...........7	
    c4 94 98 00 00 00 00 00 00 00 00 00 00 00 00 00   ƒîò.............	
    00 00 00 00 a7                                    ....ß           	
[20/02/2026 12:25:12] Written data (COM4)	
    50 00 81 64 00 00 00 00 00 00 00 00 00 00 00 00   P.Åd............	
    00 00 00 00 00 00 00 00 00 00 00 00 00 00 00 00   ................	
    00 00 00 00 35                                    ....5           	
[20/02/2026 12:25:12] Read data (COM4)	
    50 00 81 64 00 00 80 00 00 00 00 00 00 00 00 00   P.Åd..Ä.........	
    00 00 00 00 00 00 00 00 00 00 00 00 00 00 00 00   ................	
    00 00 00 00 b5                                    ....µ           	
[20/02/2026 12:25:12] Written data (COM4)	
    50 00 81 84 00 00 00 00 00 00 00 00 00 00 00 00   P.ÅÑ............	
    00 00 00 00 00 00 00 00 00 00 00 00 00 00 00 00   ................	
    00 00 00 00 55                                    ....U           	
[20/02/2026 12:25:12] Read data (COM4)	
    50 00 81 84 00 00 00 00 00 00 00 00 00 00 00 00   P.ÅÑ............	
    00 00 00 00 00 00 09 00 00 00 00 09 00 00 00 00   ................	
    08 00 00 00 6f                                    ....o           	
[20/02/2026 12:25:12] Written data (COM4)	
    50 00 81 95 00 00 00 00 00 00 00 00 00 00 00 00   P.Åï............	
    00 00 00 00 00 00 00 00 00 00 00 00 00 00 00 00   ................	
    00 00 00 00 66                                    ....f           	
[20/02/2026 12:25:12] Read data (COM4)	
    50 00 81 95 00 09 00 00 00 00 09 00 00 00 00 08   P.Åï............	
    00 00 00 00 09 00 00 00 04 93 02 b5 01 93 02 8f   .........ì.µ.ì.è	
    02 8f 02 8f 1e                                    .è.è.           	
[20/02/2026 12:25:12] Written data (COM4)	
    50 00 81 44 00 00 00 00 00 00 00 00 00 00 00 00   P.ÅD............	
    00 00 00 00 00 00 00 00 00 00 00 00 00 00 00 00   ................	
    00 00 00 00 15                                    .....           	
[20/02/2026 12:25:12] Read data (COM4)	
    50 00 81 44 08 00 00 00 01 14 1a 02 14 0c 12 37   P.ÅD...........7	
    c4 94 98 00 10 00 00 00 00 00 00 00 00 00 00 00   ƒîò.............	
    00 00 00 00 b7                                    ....∑           	
[20/02/2026 12:25:12] Written data (COM4)	
    50 00 81 64 00 00 00 00 00 00 00 00 00 00 00 00   P.Åd............	
    00 00 00 00 00 00 00 00 00 00 00 00 00 00 00 00   ................	
    00 00 00 00 35                                    ....5           	
[20/02/2026 12:25:12] Read data (COM4)	
    50 00 81 64 00 00 80 00 00 00 00 00 00 00 00 00   P.Åd..Ä.........	
    00 00 00 00 00 00 00 00 00 00 00 00 00 00 00 00   ................	
    00 00 00 00 b5                                    ....µ           	
[20/02/2026 12:25:13] Written data (COM4)	
    50 00 81 84 00 00 00 00 00 00 00 00 00 00 00 00   P.ÅÑ............	
    00 00 00 00 00 00 00 00 00 00 00 00 00 00 00 00   ................	
    00 00 00 00 55                                    ....U           	
[20/02/2026 12:25:13] Read data (COM4)	
    50 00 81 84 00 00 00 00 00 00 00 00 00 00 00 00   P.ÅÑ............	
    00 00 00 00 00 00 09 00 00 00 00 09 00 00 00 00   ................	
    08 00 00 00 6f                                    ....o           	
[20/02/2026 12:25:13] Written data (COM4)	
    50 00 81 95 00 00 00 00 00 00 00 00 00 00 00 00   P.Åï............	
    00 00 00 00 00 00 00 00 00 00 00 00 00 00 00 00   ................	
    00 00 00 00 66                                    ....f           	
[20/02/2026 12:25:13] Read data (COM4)	
    50 00 81 95 00 09 00 00 00 00 09 00 00 00 00 08   P.Åï............	
    00 00 00 00 09 00 00 00 04 93 02 b5 01 93 02 8f   .........ì.µ.ì.è	
    02 8f 02 8f 1e                                    .è.è.           	
[20/02/2026 12:25:13] Written data (COM4)	
    50 00 81 44 00 00 00 00 00 00 00 00 00 00 00 00   P.ÅD............	
    00 00 00 00 00 00 00 00 00 00 00 00 00 00 00 00   ................	
    00 00 00 00 15                                    .....           	
[20/02/2026 12:25:13] Read data (COM4)	
    50 00 81 44 08 00 00 00 01 14 1a 02 14 0c 12 38   P.ÅD...........8	
    c4 94 98 00 10 00 00 00 00 00 00 00 00 00 00 00   ƒîò.............	
    00 00 00 00 b8                                    ....∏           	
[20/02/2026 12:25:13] Written data (COM4)	
    50 00 81 64 00 00 00 00 00 00 00 00 00 00 00 00   P.Åd............	
    00 00 00 00 00 00 00 00 00 00 00 00 00 00 00 00   ................	
    00 00 00 00 35                                    ....5           	
[20/02/2026 12:25:13] Read data (COM4)	
    50 00 81 64 00 00 80 00 00 00 00 00 00 00 00 00   P.Åd..Ä.........	
    00 00 00 00 00 00 00 00 00 00 00 00 00 00 00 00   ................	
    00 00 00 00 b5                                    ....µ           	
[20/02/2026 12:25:13] Written data (COM4)	
    50 00 81 84 00 00 00 00 00 00 00 00 00 00 00 00   P.ÅÑ............	
    00 00 00 00 00 00 00 00 00 00 00 00 00 00 00 00   ................	
    00 00 00 00 55                                    ....U           	
[20/02/2026 12:25:13] Read data (COM4)	
    50 00 81 84 00 00 00 00 00 00 00 00 00 00 00 00   P.ÅÑ............	
    00 00 00 00 00 00 09 00 00 00 00 09 00 00 00 00   ................	
    08 00 00 00 6f                                    ....o           	
[20/02/2026 12:25:14] Written data (COM4)	
    50 00 81 95 00 00 00 00 00 00 00 00 00 00 00 00   P.Åï............	
    00 00 00 00 00 00 00 00 00 00 00 00 00 00 00 00   ................	
    00 00 00 00 66                                    ....f           	
[20/02/2026 12:25:14] Read data (COM4)	
    50 00 81 95 00 09 00 00 00 00 09 00 00 00 00 08   P.Åï............	
    00 00 00 00 09 00 00 00 04 93 02 b5 01 93 02 8f   .........ì.µ.ì.è	
    02 8f 02 8f 1e                                    .è.è.           	
[20/02/2026 12:25:14] Written data (COM4)	
    50 00 81 44 00 00 00 00 00 00 00 00 00 00 00 00   P.ÅD............	
    00 00 00 00 00 00 00 00 00 00 00 00 00 00 00 00   ................	
    00 00 00 00 15                                    .....           	
[20/02/2026 12:25:14] Read data (COM4)	
    50 00 81 44 08 00 00 00 01 14 1a 02 14 0c 12 39   P.ÅD...........9	
    c4 94 98 00 10 00 00 00 00 00 00 00 00 00 00 00   ƒîò.............	
    00 00 00 00 b9                                    ....π           	
[20/02/2026 12:25:14] Written data (COM4)	
    50 00 81 64 00 00 00 00 00 00 00 00 00 00 00 00   P.Åd............	
    00 00 00 00 00 00 00 00 00 00 00 00 00 00 00 00   ................	
    00 00 00 00 35                                    ....5           	
[20/02/2026 12:25:14] Read data (COM4)	
    50 00 81 64 00 00 80 00 00 00 00 00 00 00 00 00   P.Åd..Ä.........	
    00 00 00 00 00 00 00 00 00 00 00 00 00 00 00 00   ................	
    00 00 00 00 b5                                    ....µ           	
[20/02/2026 12:25:14] Written data (COM4)	
    50 00 81 84 00 00 00 00 00 00 00 00 00 00 00 00   P.ÅÑ............	
    00 00 00 00 00 00 00 00 00 00 00 00 00 00 00 00   ................	
    00 00 00 00 55                                    ....U           	
[20/02/2026 12:25:14] Read data (COM4)	
    50 00 81 84 00 00 00 00 00 00 00 00 00 00 00 00   P.ÅÑ............	
    00 00 00 00 00 00 09 00 00 00 00 09 00 00 00 00   ................	
    08 00 00 00 6f                                    ....o           	
[20/02/2026 12:25:14] Written data (COM4)	
    50 00 81 95 00 00 00 00 00 00 00 00 00 00 00 00   P.Åï............	
    00 00 00 00 00 00 00 00 00 00 00 00 00 00 00 00   ................	
    00 00 00 00 66                                    ....f           	
[20/02/2026 12:25:14] Read data (COM4)	
    50 00 81 95 00 09 00 00 00 00 09 00 00 00 00 08   P.Åï............	
    00 00 00 00 09 00 00 00 04 93 02 b5 01 93 02 8f   .........ì.µ.ì.è	
    02 8f 02 8f 1e                                    .è.è.           	
[20/02/2026 12:25:15] Written data (COM4)	
    50 00 81 44 00 00 00 00 00 00 00 00 00 00 00 00   P.ÅD............	
    00 00 00 00 00 00 00 00 00 00 00 00 00 00 00 00   ................	
    00 00 00 00 15                                    .....           	
[20/02/2026 12:25:15] Read data (COM4)	
    50 00 81 44 08 00 00 00 01 14 1a 02 14 0c 12 3a   P.ÅD...........:	
    c4 94 97 00 10 00 00 00 00 00 00 00 00 00 00 00   ƒîó.............	
    00 00 00 00 b9                                    ....π           	
[20/02/2026 12:25:15] Written data (COM4)	
    50 00 81 64 00 00 00 00 00 00 00 00 00 00 00 00   P.Åd............	
    00 00 00 00 00 00 00 00 00 00 00 00 00 00 00 00   ................	
    00 00 00 00 35                                    ....5           	
[20/02/2026 12:25:15] Read data (COM4)	
    50 00 81 64 00 00 80 00 00 00 00 00 00 00 00 00   P.Åd..Ä.........	
    00 00 00 00 00 00 00 00 00 00 00 00 00 00 00 00   ................	
    00 00 00 00 b5                                    ....µ           	
[20/02/2026 12:25:15] Written data (COM4)	
    50 00 81 84 00 00 00 00 00 00 00 00 00 00 00 00   P.ÅÑ............	
    00 00 00 00 00 00 00 00 00 00 00 00 00 00 00 00   ................	
    00 00 00 00 55                                    ....U           	
[20/02/2026 12:25:15] Read data (COM4)	
    50 00 81 84 00 00 00 00 00 00 00 00 00 00 00 00   P.ÅÑ............	
    00 00 00 00 00 00 09 00 00 00 00 09 00 00 00 00   ................	
    08 00 00 00 6f                                    ....o           	
[20/02/2026 12:25:15] Written data (COM4)	
    50 00 81 95 00 00 00 00 00 00 00 00 00 00 00 00   P.Åï............	
    00 00 00 00 00 00 00 00 00 00 00 00 00 00 00 00   ................	
    00 00 00 00 66                                    ....f           	
[20/02/2026 12:25:15] Read data (COM4)	
    50 00 81 95 00 09 00 00 00 00 09 00 00 00 00 08   P.Åï............	
    00 00 00 00 09 00 00 00 04 93 02 b5 01 93 02 8f   .........ì.µ.ì.è	
    02 8f 02 8f 1e                                    .è.è.           	
[20/02/2026 12:25:15] Written data (COM4)	
    50 00 81 44 00 00 00 00 00 00 00 00 00 00 00 00   P.ÅD............	
    00 00 00 00 00 00 00 00 00 00 00 00 00 00 00 00   ................	
    00 00 00 00 15                                    .....           	
[20/02/2026 12:25:15] Read data (COM4)	
    50 00 81 44 08 00 00 00 01 14 1a 02 14 0c 12 3b   P.ÅD...........;	
    c4 94 98 00 00 00 00 00 00 00 00 00 00 00 00 00   ƒîò.............	
    00 00 00 00 ab                                    ....´           	
[20/02/2026 12:25:16] Written data (COM4)	
    50 00 81 64 00 00 00 00 00 00 00 00 00 00 00 00   P.Åd............	
    00 00 00 00 00 00 00 00 00 00 00 00 00 00 00 00   ................	
    00 00 00 00 35                                    ....5           	
[20/02/2026 12:25:16] Read data (COM4)	
    50 00 81 64 00 00 80 00 00 00 00 00 00 00 00 00   P.Åd..Ä.........	
    00 00 00 00 00 00 00 00 00 00 00 00 00 00 00 00   ................	
    00 00 00 00 b5                                    ....µ           	
[20/02/2026 12:25:16] Written data (COM4)	
    50 00 81 84 00 00 00 00 00 00 00 00 00 00 00 00   P.ÅÑ............	
    00 00 00 00 00 00 00 00 00 00 00 00 00 00 00 00   ................	
    00 00 00 00 55                                    ....U           	
[20/02/2026 12:25:16] Read data (COM4)	
    50 00 81 84 00 00 00 00 00 00 00 00 00 00 00 00   P.ÅÑ............	
    00 00 00 00 00 00 09 00 00 00 00 09 00 00 00 00   ................	
    09 00 00 00 70                                    ....p           	
[20/02/2026 12:25:16] Written data (COM4)	
    50 00 81 95 00 00 00 00 00 00 00 00 00 00 00 00   P.Åï............	
    00 00 00 00 00 00 00 00 00 00 00 00 00 00 00 00   ................	
    00 00 00 00 66                                    ....f           	
[20/02/2026 12:25:16] Read data (COM4)	
    50 00 81 95 00 09 00 00 00 00 09 00 00 00 00 09   P.Åï............	
    00 00 00 00 09 00 00 00 04 93 02 b5 01 93 02 8f   .........ì.µ.ì.è	
    02 8f 02 8f 1f                                    .è.è.           	
[20/02/2026 12:25:16] Written data (COM4)	
    50 00 81 44 00 00 00 00 00 00 00 00 00 00 00 00   P.ÅD............	
    00 00 00 00 00 00 00 00 00 00 00 00 00 00 00 00   ................	
    00 00 00 00 15                                    .....           	
[20/02/2026 12:25:16] Read data (COM4)	
    50 00 81 44 08 00 00 00 01 14 1a 02 14 0c 13 00   P.ÅD............	
    c4 94 98 00 00 00 00 00 00 00 00 00 00 00 00 00   ƒîò.............	
    00 00 00 00 71                                    ....q           	
[20/02/2026 12:25:17] Written data (COM4)	
    50 00 81 64 00 00 00 00 00 00 00 00 00 00 00 00   P.Åd............	
    00 00 00 00 00 00 00 00 00 00 00 00 00 00 00 00   ................	
    00 00 00 00 35                                    ....5           	
[20/02/2026 12:25:17] Read data (COM4)	
    50 00 81 64 00 00 80 00 00 00 00 00 00 00 00 00   P.Åd..Ä.........	
    00 00 00 00 00 00 00 00 00 00 00 00 00 00 00 00   ................	
    00 00 00 00 b5                                    ....µ           	
[20/02/2026 12:25:17] Written data (COM4)	
    50 00 81 84 00 00 00 00 00 00 00 00 00 00 00 00   P.ÅÑ............	
    00 00 00 00 00 00 00 00 00 00 00 00 00 00 00 00   ................	
    00 00 00 00 55                                    ....U           	
[20/02/2026 12:25:17] Read data (COM4)	
    50 00 81 84 00 00 00 00 00 00 00 00 00 00 00 00   P.ÅÑ............	
    00 00 00 00 00 00 09 00 00 00 00 09 00 00 00 00   ................	
    09 00 00 00 70                                    ....p           	
[20/02/2026 12:25:17] Written data (COM4)	
    50 00 81 95 00 00 00 00 00 00 00 00 00 00 00 00   P.Åï............	
    00 00 00 00 00 00 00 00 00 00 00 00 00 00 00 00   ................	
    00 00 00 00 66                                    ....f           	
[20/02/2026 12:25:17] Read data (COM4)	
    50 00 81 95 00 09 00 00 00 00 09 00 00 00 00 09   P.Åï............	
    00 00 00 00 09 00 00 00 04 93 02 b5 01 93 02 8f   .........ì.µ.ì.è	
    02 8f 02 8f 1f                                    .è.è.           	
[20/02/2026 12:25:17] Written data (COM4)	
    50 00 81 44 00 00 00 00 00 00 00 00 00 00 00 00   P.ÅD............	
    00 00 00 00 00 00 00 00 00 00 00 00 00 00 00 00   ................	
    00 00 00 00 15                                    .....           	
[20/02/2026 12:25:17] Read data (COM4)	
    50 00 81 44 08 00 00 00 01 14 1a 02 14 0c 13 00   P.ÅD............	
    c4 94 98 00 00 00 00 00 00 00 00 00 00 00 00 00   ƒîò.............	
    00 00 00 00 71                                    ....q           	
[20/02/2026 12:25:17] Written data (COM4)	
    50 00 81 64 00 00 00 00 00 00 00 00 00 00 00 00   P.Åd............	
    00 00 00 00 00 00 00 00 00 00 00 00 00 00 00 00   ................	
    00 00 00 00 35                                    ....5           	
[20/02/2026 12:25:17] Read data (COM4)	
    50 00 81 64 00 00 80 00 00 00 00 00 00 00 00 00   P.Åd..Ä.........	
    00 00 00 00 00 00 00 00 00 00 00 00 00 00 00 00   ................	
    00 00 00 00 b5                                    ....µ           	
[20/02/2026 12:25:18] Written data (COM4)	
    50 00 81 84 00 00 00 00 00 00 00 00 00 00 00 00   P.ÅÑ............	
    00 00 00 00 00 00 00 00 00 00 00 00 00 00 00 00   ................	
    00 00 00 00 55                                    ....U           	
[20/02/2026 12:25:18] Read data (COM4)	
    50 00 81 84 00 00 00 00 00 00 00 00 00 00 00 00   P.ÅÑ............	
    00 00 00 00 00 00 09 00 00 00 00 09 00 00 00 00   ................	
    09 00 00 00 70                                    ....p           	
[20/02/2026 12:25:18] Written data (COM4)	
    50 00 81 95 00 00 00 00 00 00 00 00 00 00 00 00   P.Åï............	
    00 00 00 00 00 00 00 00 00 00 00 00 00 00 00 00   ................	
    00 00 00 00 66                                    ....f           	
[20/02/2026 12:25:18] Read data (COM4)	
    50 00 81 95 00 09 00 00 00 00 09 00 00 00 00 09   P.Åï............	
    00 00 00 00 09 00 00 00 04 93 02 b5 01 93 02 8f   .........ì.µ.ì.è	
    02 8f 02 8f 1f                                    .è.è.           	
[20/02/2026 12:25:18] Written data (COM4)	
    50 00 81 44 00 00 00 00 00 00 00 00 00 00 00 00   P.ÅD............	
    00 00 00 00 00 00 00 00 00 00 00 00 00 00 00 00   ................	
    00 00 00 00 15                                    .....           	
[20/02/2026 12:25:18] Read data (COM4)	
    50 00 81 44 08 00 00 00 01 14 1a 02 14 0c 13 01   P.ÅD............	
    c4 94 98 00 00 00 00 00 00 00 00 00 00 00 00 00   ƒîò.............	
    00 00 00 00 72                                    ....r           	
[20/02/2026 12:25:18] Written data (COM4)	
    50 00 81 64 00 00 00 00 00 00 00 00 00 00 00 00   P.Åd............	
    00 00 00 00 00 00 00 00 00 00 00 00 00 00 00 00   ................	
    00 00 00 00 35                                    ....5           	
[20/02/2026 12:25:18] Read data (COM4)	
    50 00 81 64 00 00 80 00 00 00 00 00 00 00 00 00   P.Åd..Ä.........	
    00 00 00 00 00 00 00 00 00 00 00 00 00 00 00 00   ................	
    00 00 00 00 b5                                    ....µ           	
[20/02/2026 12:25:19] Written data (COM4)	
    50 00 81 84 00 00 00 00 00 00 00 00 00 00 00 00   P.ÅÑ............	
    00 00 00 00 00 00 00 00 00 00 00 00 00 00 00 00   ................	
    00 00 00 00 55                                    ....U           	
[20/02/2026 12:25:19] Read data (COM4)	
    50 00 81 84 00 00 00 00 00 00 00 00 00 00 00 00   P.ÅÑ............	
    00 00 00 00 00 00 09 00 00 00 00 09 00 00 00 00   ................	
    09 00 00 00 70                                    ....p           	
[20/02/2026 12:25:19] Written data (COM4)	
    50 00 81 95 00 00 00 00 00 00 00 00 00 00 00 00   P.Åï............	
    00 00 00 00 00 00 00 00 00 00 00 00 00 00 00 00   ................	
    00 00 00 00 66                                    ....f           	
[20/02/2026 12:25:19] Read data (COM4)	
    50 00 81 95 00 09 00 00 00 00 09 00 00 00 00 09   P.Åï............	
    00 00 00 00 09 00 00 00 04 93 02 b5 01 93 02 8f   .........ì.µ.ì.è	
    02 8f 02 8f 1f                                    .è.è.           	
[20/02/2026 12:25:19] Written data (COM4)	
    50 00 81 44 00 00 00 00 00 00 00 00 00 00 00 00   P.ÅD............	
    00 00 00 00 00 00 00 00 00 00 00 00 00 00 00 00   ................	
    00 00 00 00 15                                    .....           	
[20/02/2026 12:25:19] Read data (COM4)	
    50 00 81 44 08 00 00 00 01 14 1a 02 14 0c 13 02   P.ÅD............	
    c4 94 99 00 00 00 00 00 00 00 00 00 00 00 00 00   ƒîô.............	
    00 00 00 00 74                                    ....t           	
[20/02/2026 12:25:19] Written data (COM4)	
    50 00 81 64 00 00 00 00 00 00 00 00 00 00 00 00   P.Åd............	
    00 00 00 00 00 00 00 00 00 00 00 00 00 00 00 00   ................	
    00 00 00 00 35                                    ....5           	
[20/02/2026 12:25:19] Read data (COM4)	
    50 00 81 64 00 00 80 00 00 00 00 00 00 00 00 00   P.Åd..Ä.........	
    00 00 00 00 00 00 00 00 00 00 00 00 00 00 00 00   ................	
    00 00 00 00 b5                                    ....µ           	
[20/02/2026 12:25:19] Written data (COM4)	
    50 00 81 84 00 00 00 00 00 00 00 00 00 00 00 00   P.ÅÑ............	
    00 00 00 00 00 00 00 00 00 00 00 00 00 00 00 00   ................	
    00 00 00 00 55                                    ....U           	
[20/02/2026 12:25:19] Read data (COM4)	
    50 00 81 84 00 00 00 00 00 00 00 00 00 00 00 00   P.ÅÑ............	
    00 00 00 00 00 00 09 00 00 00 00 09 00 00 00 00   ................	
    09 00 00 00 70                                    ....p           	
[20/02/2026 12:25:20] Written data (COM4)	
    50 00 81 95 00 00 00 00 00 00 00 00 00 00 00 00   P.Åï............	
    00 00 00 00 00 00 00 00 00 00 00 00 00 00 00 00   ................	
    00 00 00 00 66                                    ....f           	
[20/02/2026 12:25:20] Read data (COM4)	
    50 00 81 95 00 09 00 00 00 00 09 00 00 00 00 09   P.Åï............	
    00 00 00 00 09 00 00 00 04 93 02 b5 01 93 02 8f   .........ì.µ.ì.è	
    02 8f 02 8f 1f                                    .è.è.           	
[20/02/2026 12:25:20] Written data (COM4)	
    50 00 81 44 00 00 00 00 00 00 00 00 00 00 00 00   P.ÅD............	
    00 00 00 00 00 00 00 00 00 00 00 00 00 00 00 00   ................	
    00 00 00 00 15                                    .....           	
[20/02/2026 12:25:20] Read data (COM4)	
    50 00 81 44 08 00 00 00 01 14 1a 02 14 0c 13 03   P.ÅD............	
    c4 94 98 00 00 00 00 00 00 00 00 00 00 00 00 00   ƒîò.............	
    00 00 00 00 74                                    ....t           	
[20/02/2026 12:25:21] Written data (COM4)	
    50 00 81 64 00 00 00 00 00 00 00 00 00 00 00 00   P.Åd............	
    00 00 00 00 00 00 00 00 00 00 00 00 00 00 00 00   ................	
    00 00 00 00 35                                    ....5           	
[20/02/2026 12:25:21] Read data (COM4)	
    50 00 81 64 00 00 80 00 00 00 00 00 00 00 00 00   P.Åd..Ä.........	
    00 00 00 00 00 00 00 00 00 00 00 00 00 00 00 00   ................	
    00 00 00 00 b5                                    ....µ           	
[20/02/2026 12:25:21] Written data (COM4)	
    50 00 81 84 00 00 00 00 00 00 00 00 00 00 00 00   P.ÅÑ............	
    00 00 00 00 00 00 00 00 00 00 00 00 00 00 00 00   ................	
    00 00 00 00 55                                    ....U           	
[20/02/2026 12:25:21] Read data (COM4)	
    50 00 81 84 00 00 00 00 00 00 00 00 00 00 00 00   P.ÅÑ............	
    00 00 00 00 00 00 09 00 00 00 00 09 00 00 00 00   ................	
    09 00 00 00 70                                    ....p           	
[20/02/2026 12:25:22] Written data (COM4)	
    50 00 81 95 00 00 00 00 00 00 00 00 00 00 00 00   P.Åï............	
    00 00 00 00 00 00 00 00 00 00 00 00 00 00 00 00   ................	
    00 00 00 00 66                                    ....f           	
[20/02/2026 12:25:22] Read data (COM4)	
    50 00 81 95 00 09 00 00 00 00 09 00 00 00 00 09   P.Åï............	
    00 00 00 00 09 00 00 00 04 93 02 b5 01 93 02 8f   .........ì.µ.ì.è	
    02 8f 02 8f 1f                                    .è.è.           	
[20/02/2026 12:25:22] Written data (COM4)	
    50 00 81 44 00 00 00 00 00 00 00 00 00 00 00 00   P.ÅD............	
    00 00 00 00 00 00 00 00 00 00 00 00 00 00 00 00   ................	
    00 00 00 00 15                                    .....           	
[20/02/2026 12:25:22] Read data (COM4)	
    50 00 81 44 08 00 00 00 01 14 1a 02 14 0c 13 05   P.ÅD............	
    c4 94 98 00 00 00 00 00 00 00 00 00 00 00 00 00   ƒîò.............	
    00 00 00 00 76                                    ....v           	
[20/02/2026 12:25:22] Written data (COM4)	
    50 00 81 64 00 00 00 00 00 00 00 00 00 00 00 00   P.Åd............	
    00 00 00 00 00 00 00 00 00 00 00 00 00 00 00 00   ................	
    00 00 00 00 35                                    ....5           	
[20/02/2026 12:25:22] Read data (COM4)	
    50 00 81 64 00 00 80 00 00 00 00 00 00 00 00 00   P.Åd..Ä.........	
    00 00 00 00 00 00 00 00 00 00 00 00 00 00 00 00   ................	
    00 00 00 00 b5                                    ....µ           	
[20/02/2026 12:25:22] Written data (COM4)	
    50 00 81 84 00 00 00 00 00 00 00 00 00 00 00 00   P.ÅÑ............	
    00 00 00 00 00 00 00 00 00 00 00 00 00 00 00 00   ................	
    00 00 00 00 55                                    ....U           	
[20/02/2026 12:25:22] Read data (COM4)	
    50 00 81 84 00 00 00 00 00 00 00 00 00 00 00 00   P.ÅÑ............	
    00 00 00 00 00 00 09 00 00 00 00 09 00 00 00 00   ................	
    09 00 00 00 70                                    ....p           	
[20/02/2026 12:25:23] Written data (COM4)	
    50 00 81 95 00 00 00 00 00 00 00 00 00 00 00 00   P.Åï............	
    00 00 00 00 00 00 00 00 00 00 00 00 00 00 00 00   ................	
    00 00 00 00 66                                    ....f           	
[20/02/2026 12:25:23] Read data (COM4)	
    50 00 81 95 00 09 00 00 00 00 09 00 00 00 00 09   P.Åï............	
    00 00 00 00 09 00 00 00 04 93 02 b5 01 93 02 8f   .........ì.µ.ì.è	
    02 8f 02 8f 1f                                    .è.è.           	
[20/02/2026 12:25:23] Written data (COM4)	
    50 00 81 44 00 00 00 00 00 00 00 00 00 00 00 00   P.ÅD............	
    00 00 00 00 00 00 00 00 00 00 00 00 00 00 00 00   ................	
    00 00 00 00 15                                    .....           	
[20/02/2026 12:25:23] Read data (COM4)	
    50 00 81 44 08 00 00 00 01 14 1a 02 14 0c 13 06   P.ÅD............	
    c4 94 98 00 00 00 00 00 00 00 00 00 00 00 00 00   ƒîò.............	
    00 00 00 00 77                                    ....w           	
[20/02/2026 12:25:23] Written data (COM4)	
    50 00 81 64 00 00 00 00 00 00 00 00 00 00 00 00   P.Åd............	
    00 00 00 00 00 00 00 00 00 00 00 00 00 00 00 00   ................	
    00 00 00 00 35                                    ....5           	
[20/02/2026 12:25:23] Read data (COM4)	
    50 00 81 64 00 00 80 00 00 00 00 00 00 00 00 00   P.Åd..Ä.........	
    00 00 00 00 00 00 00 00 00 00 00 00 00 00 00 00   ................	
    00 00 00 00 b5                                    ....µ           	
[20/02/2026 12:25:23] Written data (COM4)	
    50 00 81 84 00 00 00 00 00 00 00 00 00 00 00 00   P.ÅÑ............	
    00 00 00 00 00 00 00 00 00 00 00 00 00 00 00 00   ................	
    00 00 00 00 55                                    ....U           	
[20/02/2026 12:25:23] Read data (COM4)	
    50 00 81 84 00 00 00 00 00 00 00 00 00 00 00 00   P.ÅÑ............	
    00 00 00 00 00 00 09 00 00 00 00 09 00 00 00 00   ................	
    09 00 00 00 70                                    ....p           	
[20/02/2026 12:25:23] Written data (COM4)	
    50 00 81 95 00 00 00 00 00 00 00 00 00 00 00 00   P.Åï............	
    00 00 00 00 00 00 00 00 00 00 00 00 00 00 00 00   ................	
    00 00 00 00 66                                    ....f           	
[20/02/2026 12:25:23] Read data (COM4)	
    50 00 81 95 00 09 00 00 00 00 09 00 00 00 00 09   P.Åï............	
    00 00 00 00 09 00 00 00 04 93 02 b5 01 93 02 8f   .........ì.µ.ì.è	
    02 8f 02 8f 1f                                    .è.è.           	
[20/02/2026 12:25:24] Written data (COM4)	
    50 00 81 44 00 00 00 00 00 00 00 00 00 00 00 00   P.ÅD............	
    00 00 00 00 00 00 00 00 00 00 00 00 00 00 00 00   ................	
    00 00 00 00 15                                    .....           	
[20/02/2026 12:25:24] Read data (COM4)	
    50 00 81 44 08 00 00 00 01 14 1a 02 14 0c 13 07   P.ÅD............	
    c4 94 98 00 00 00 00 00 00 00 00 00 00 00 00 00   ƒîò.............	
    00 00 00 00 78                                    ....x           	
[20/02/2026 12:25:24] Written data (COM4)	
    50 00 81 64 00 00 00 00 00 00 00 00 00 00 00 00   P.Åd............	
    00 00 00 00 00 00 00 00 00 00 00 00 00 00 00 00   ................	
    00 00 00 00 35                                    ....5           	
[20/02/2026 12:25:24] Read data (COM4)	
    50 00 81 64 00 00 80 00 00 00 00 00 00 00 00 00   P.Åd..Ä.........	
    00 00 00 00 00 00 00 00 00 00 00 00 00 00 00 00   ................	
    00 00 00 00 b5                                    ....µ           	
[20/02/2026 12:25:24] Written data (COM4)	
    50 00 81 84 00 00 00 00 00 00 00 00 00 00 00 00   P.ÅÑ............	
    00 00 00 00 00 00 00 00 00 00 00 00 00 00 00 00   ................	
    00 00 00 00 55                                    ....U           	
[20/02/2026 12:25:24] Read data (COM4)	
    50 00 81 84 00 00 00 00 00 00 00 00 00 00 00 00   P.ÅÑ............	
    00 00 00 00 00 00 09 00 00 00 00 09 00 00 00 00   ................	
    09 00 00 00 70                                    ....p           	
[20/02/2026 12:25:24] Written data (COM4)	
    50 00 81 95 00 00 00 00 00 00 00 00 00 00 00 00   P.Åï............	
    00 00 00 00 00 00 00 00 00 00 00 00 00 00 00 00   ................	
    00 00 00 00 66                                    ....f           	
[20/02/2026 12:25:24] Read data (COM4)	
    50 00 81 95 00 09 00 00 00 00 09 00 00 00 00 09   P.Åï............	
    00 00 00 00 09 00 00 00 04 93 02 b5 01 93 02 8f   .........ì.µ.ì.è	
    02 8f 02 8f 1f                                    .è.è.           	
[20/02/2026 12:25:24] Written data (COM4)	
    50 00 81 44 00 00 00 00 00 00 00 00 00 00 00 00   P.ÅD............	
    00 00 00 00 00 00 00 00 00 00 00 00 00 00 00 00   ................	
    00 00 00 00 15                                    .....           	
[20/02/2026 12:25:24] Read data (COM4)	
    50 00 81 44 08 00 00 00 01 14 1a 02 14 0c 13 08   P.ÅD............	
    c4 94 98 00 00 00 00 00 00 00 00 00 00 00 00 00   ƒîò.............	
    00 00 00 00 79                                    ....y           	
[20/02/2026 12:25:25] Written data (COM4)	
    50 00 81 64 00 00 00 00 00 00 00 00 00 00 00 00   P.Åd............	
    00 00 00 00 00 00 00 00 00 00 00 00 00 00 00 00   ................	
    00 00 00 00 35                                    ....5           	
[20/02/2026 12:25:25] Read data (COM4)	
    50 00 81 64 00 00 80 00 00 00 00 00 00 00 00 00   P.Åd..Ä.........	
    00 00 00 00 00 00 00 00 00 00 00 00 00 00 00 00   ................	
    00 00 00 00 b5                                    ....µ           	
[20/02/2026 12:25:25] Written data (COM4)	
    50 00 81 84 00 00 00 00 00 00 00 00 00 00 00 00   P.ÅÑ............	
    00 00 00 00 00 00 00 00 00 00 00 00 00 00 00 00   ................	
    00 00 00 00 55                                    ....U           	
[20/02/2026 12:25:25] Read data (COM4)	
    50 00 81 84 00 00 00 00 00 00 00 00 00 00 00 00   P.ÅÑ............	
    00 00 00 00 00 00 09 00 00 00 00 09 00 00 00 00   ................	
    09 00 00 00 70                                    ....p           	
[20/02/2026 12:25:25] Written data (COM4)	
    50 00 81 95 00 00 00 00 00 00 00 00 00 00 00 00   P.Åï............	
    00 00 00 00 00 00 00 00 00 00 00 00 00 00 00 00   ................	
    00 00 00 00 66                                    ....f           	
[20/02/2026 12:25:25] Read data (COM4)	
    50 00 81 95 00 09 00 00 00 00 09 00 00 00 00 09   P.Åï............	
    00 00 00 00 09 00 00 00 04 93 02 b5 01 93 02 8f   .........ì.µ.ì.è	
    02 8f 02 8f 1f                                    .è.è.           	
[20/02/2026 12:25:25] Written data (COM4)	
    50 00 81 44 00 00 00 00 00 00 00 00 00 00 00 00   P.ÅD............	
    00 00 00 00 00 00 00 00 00 00 00 00 00 00 00 00   ................	
    00 00 00 00 15                                    .....           	
[20/02/2026 12:25:25] Read data (COM4)	
    50 00 81 44 08 00 00 00 01 14 1a 02 14 0c 13 09   P.ÅD............	
    c4 94 98 00 00 00 00 00 00 00 00 00 00 00 00 00   ƒîò.............	
    00 00 00 00 7a                                    ....z           	
[20/02/2026 12:25:25] Written data (COM4)	
    50 00 81 64 00 00 00 00 00 00 00 00 00 00 00 00   P.Åd............	
    00 00 00 00 00 00 00 00 00 00 00 00 00 00 00 00   ................	
    00 00 00 00 35                                    ....5           	
[20/02/2026 12:25:26] Read data (COM4)	
    50 00 81 64 00 00 80 00 00 00 00 00 00 00 00 00   P.Åd..Ä.........	
    00 00 00 00 00 00 00 00 00 00 00 00 00 00 00 00   ................	
    00 00 00 00 b5                                    ....µ           	
[20/02/2026 12:25:26] Written data (COM4)	
    50 00 81 84 00 00 00 00 00 00 00 00 00 00 00 00   P.ÅÑ............	
    00 00 00 00 00 00 00 00 00 00 00 00 00 00 00 00   ................	
    00 00 00 00 55                                    ....U           	
[20/02/2026 12:25:26] Read data (COM4)	
    50 00 81 84 00 00 00 00 00 00 00 00 00 00 00 00   P.ÅÑ............	
    00 00 00 00 00 00 09 00 00 00 00 09 00 00 00 00   ................	
    09 00 00 00 70                                    ....p           	
[20/02/2026 12:25:26] Written data (COM4)	
    50 00 81 95 00 00 00 00 00 00 00 00 00 00 00 00   P.Åï............	
    00 00 00 00 00 00 00 00 00 00 00 00 00 00 00 00   ................	
    00 00 00 00 66                                    ....f           	
[20/02/2026 12:25:26] Read data (COM4)	
    50 00 81 95 00 09 00 00 00 00 09 00 00 00 00 09   P.Åï............	
    00 00 00 00 09 00 00 00 04 93 02 b5 01 93 02 8f   .........ì.µ.ì.è	
    02 8f 02 8f 1f                                    .è.è.           	
[20/02/2026 12:25:26] Written data (COM4)	
    50 00 81 44 00 00 00 00 00 00 00 00 00 00 00 00   P.ÅD............	
    00 00 00 00 00 00 00 00 00 00 00 00 00 00 00 00   ................	
    00 00 00 00 15                                    .....           	
[20/02/2026 12:25:26] Read data (COM4)	
    50 00 81 44 08 00 00 00 01 14 1a 02 14 0c 13 09   P.ÅD............	
    c4 94 98 00 00 00 00 00 00 00 00 00 00 00 00 00   ƒîò.............	
    00 00 00 00 7a                                    ....z           	
[20/02/2026 12:25:26] Written data (COM4)	
    50 00 81 64 00 00 00 00 00 00 00 00 00 00 00 00   P.Åd............	
    00 00 00 00 00 00 00 00 00 00 00 00 00 00 00 00   ................	
    00 00 00 00 35                                    ....5           	
[20/02/2026 12:25:26] Read data (COM4)	
    50 00 81 64 00 00 80 00 00 00 00 00 00 00 00 00   P.Åd..Ä.........	
    00 00 00 00 00 00 00 00 00 00 00 00 00 00 00 00   ................	
    00 00 00 00 b5                                    ....µ           	
[20/02/2026 12:25:27] Written data (COM4)	
    50 00 81 84 00 00 00 00 00 00 00 00 00 00 00 00   P.ÅÑ............	
    00 00 00 00 00 00 00 00 00 00 00 00 00 00 00 00   ................	
    00 00 00 00 55                                    ....U           	
[20/02/2026 12:25:27] Read data (COM4)	
    50 00 81 84 00 00 00 00 00 00 00 00 00 00 00 00   P.ÅÑ............	
    00 00 00 00 00 00 09 00 00 00 00 09 00 00 00 00   ................	
    09 00 00 00 70                                    ....p           	
[20/02/2026 12:25:27] Written data (COM4)	
    50 00 81 95 00 00 00 00 00 00 00 00 00 00 00 00   P.Åï............	
    00 00 00 00 00 00 00 00 00 00 00 00 00 00 00 00   ................	
    00 00 00 00 66                                    ....f           	
[20/02/2026 12:25:27] Read data (COM4)	
    50 00 81 95 00 09 00 00 00 00 09 00 00 00 00 09   P.Åï............	
    00 00 00 00 09 00 00 00 04 93 02 b5 01 93 02 8f   .........ì.µ.ì.è	
    02 8f 02 8f 1f                                    .è.è.           	
[20/02/2026 12:25:27] Written data (COM4)	
    50 00 81 44 00 00 00 00 00 00 00 00 00 00 00 00   P.ÅD............	
    00 00 00 00 00 00 00 00 00 00 00 00 00 00 00 00   ................	
    00 00 00 00 15                                    .....           	
[20/02/2026 12:25:27] Read data (COM4)	
    50 00 81 44 08 00 00 00 01 14 1a 02 14 0c 13 0a   P.ÅD............	
    c4 94 98 00 00 00 00 00 00 00 00 00 00 00 00 00   ƒîò.............	
    00 00 00 00 7b                                    ....{           	
[20/02/2026 12:25:27] Written data (COM4)	
    50 00 81 64 00 00 00 00 00 00 00 00 00 00 00 00   P.Åd............	
    00 00 00 00 00 00 00 00 00 00 00 00 00 00 00 00   ................	
    00 00 00 00 35                                    ....5           	
[20/02/2026 12:25:27] Read data (COM4)	
    50 00 81 64 00 00 80 00 00 00 00 00 00 00 00 00   P.Åd..Ä.........	
    00 00 00 00 00 00 00 00 00 00 00 00 00 00 00 00   ................	
    00 00 00 00 b5                                    ....µ           	
[20/02/2026 12:25:27] Written data (COM4)	
    50 00 81 84 00 00 00 00 00 00 00 00 00 00 00 00   P.ÅÑ............	
    00 00 00 00 00 00 00 00 00 00 00 00 00 00 00 00   ................	
    00 00 00 00 55                                    ....U           	
[20/02/2026 12:25:27] Read data (COM4)	
    50 00 81 84 00 00 00 00 00 00 00 00 00 00 00 00   P.ÅÑ............	
    00 00 00 00 00 00 09 00 00 00 00 09 00 00 00 00   ................	
    09 00 00 00 70                                    ....p           	
[20/02/2026 12:25:28] Written data (COM4)	
    50 00 81 95 00 00 00 00 00 00 00 00 00 00 00 00   P.Åï............	
    00 00 00 00 00 00 00 00 00 00 00 00 00 00 00 00   ................	
    00 00 00 00 66                                    ....f           	
[20/02/2026 12:25:28] Read data (COM4)	
    50 00 81 95 00 09 00 00 00 00 09 00 00 00 00 09   P.Åï............	
    00 00 00 00 09 00 00 00 04 93 02 b5 01 93 02 8f   .........ì.µ.ì.è	
    02 8f 02 8f 1f                                    .è.è.           	
[20/02/2026 12:25:28] Written data (COM4)	
    50 00 81 44 00 00 00 00 00 00 00 00 00 00 00 00   P.ÅD............	
    00 00 00 00 00 00 00 00 00 00 00 00 00 00 00 00   ................	
    00 00 00 00 15                                    .....           	
[20/02/2026 12:25:28] Read data (COM4)	
    50 00 81 44 08 00 00 00 01 14 1a 02 14 0c 13 0b   P.ÅD............	
    c4 94 98 00 00 00 00 00 00 00 00 00 00 00 00 00   ƒîò.............	
    00 00 00 00 7c                                    ....|           	
[20/02/2026 12:25:28] Written data (COM4)	
    50 00 81 64 00 00 00 00 00 00 00 00 00 00 00 00   P.Åd............	
    00 00 00 00 00 00 00 00 00 00 00 00 00 00 00 00   ................	
    00 00 00 00 35                                    ....5           	
[20/02/2026 12:25:28] Read data (COM4)	
    50 00 81 64 00 00 80 00 00 00 00 00 00 00 00 00   P.Åd..Ä.........	
    00 00 00 00 00 00 00 00 00 00 00 00 00 00 00 00   ................	
    00 00 00 00 b5                                    ....µ           	
[20/02/2026 12:25:28] Written data (COM4)	
    50 00 81 84 00 00 00 00 00 00 00 00 00 00 00 00   P.ÅÑ............	
    00 00 00 00 00 00 00 00 00 00 00 00 00 00 00 00   ................	
    00 00 00 00 55                                    ....U           	
[20/02/2026 12:25:28] Read data (COM4)	
    50 00 81 84 00 00 00 00 00 00 00 00 00 00 00 00   P.ÅÑ............	
    00 00 00 00 00 00 09 00 00 00 00 09 00 00 00 00   ................	
    09 00 00 00 70                                    ....p           	
[20/02/2026 12:25:28] Written data (COM4)	
    50 00 81 95 00 00 00 00 00 00 00 00 00 00 00 00   P.Åï............	
    00 00 00 00 00 00 00 00 00 00 00 00 00 00 00 00   ................	
    00 00 00 00 66                                    ....f           	
[20/02/2026 12:25:29] Read data (COM4)	
    50 00 81 95 00 09 00 00 00 00 09 00 00 00 00 09   P.Åï............	
    00 00 00 00 09 00 00 00 04 93 02 b5 01 93 02 8f   .........ì.µ.ì.è	
    02 8f 02 8f 1f                                    .è.è.           	
[20/02/2026 12:25:29] Written data (COM4)	
    50 00 81 44 00 00 00 00 00 00 00 00 00 00 00 00   P.ÅD............	
    00 00 00 00 00 00 00 00 00 00 00 00 00 00 00 00   ................	
    00 00 00 00 15                                    .....           	
[20/02/2026 12:25:29] Read data (COM4)	
    50 00 81 44 08 00 00 00 01 14 1a 02 14 0c 13 0c   P.ÅD............	
    c4 94 98 00 00 00 00 00 00 00 00 00 00 00 00 00   ƒîò.............	
    00 00 00 00 7d                                    ....}           	
[20/02/2026 12:25:29] Written data (COM4)	
    50 00 81 64 00 00 00 00 00 00 00 00 00 00 00 00   P.Åd............	
    00 00 00 00 00 00 00 00 00 00 00 00 00 00 00 00   ................	
    00 00 00 00 35                                    ....5           	
[20/02/2026 12:25:29] Read data (COM4)	
    50 00 81 64 00 00 80 00 00 00 00 00 00 00 00 00   P.Åd..Ä.........	
    00 00 00 00 00 00 00 00 00 00 00 00 00 00 00 00   ................	
    00 00 00 00 b5                                    ....µ           	
[20/02/2026 12:25:29] Written data (COM4)	
    50 00 81 84 00 00 00 00 00 00 00 00 00 00 00 00   P.ÅÑ............	
    00 00 00 00 00 00 00 00 00 00 00 00 00 00 00 00   ................	
    00 00 00 00 55                                    ....U           	
[20/02/2026 12:25:29] Read data (COM4)	
    50 00 81 84 00 00 00 00 00 00 00 00 00 00 00 00   P.ÅÑ............	
    00 00 00 00 00 00 09 00 00 00 00 09 00 00 00 00   ................	
    09 00 00 00 70                                    ....p           	
[20/02/2026 12:25:29] Written data (COM4)	
    50 00 81 95 00 00 00 00 00 00 00 00 00 00 00 00   P.Åï............	
    00 00 00 00 00 00 00 00 00 00 00 00 00 00 00 00   ................	
    00 00 00 00 66                                    ....f           	
[20/02/2026 12:25:29] Read data (COM4)	
    50 00 81 95 00 09 00 00 00 00 09 00 00 00 00 09   P.Åï............	
    00 00 00 00 09 00 00 00 04 93 02 b5 01 93 02 8f   .........ì.µ.ì.è	
    02 8f 02 8f 1f                                    .è.è.           	
[20/02/2026 12:25:30] Written data (COM4)	
    50 00 81 44 00 00 00 00 00 00 00 00 00 00 00 00   P.ÅD............	
    00 00 00 00 00 00 00 00 00 00 00 00 00 00 00 00   ................	
    00 00 00 00 15                                    .....           	
[20/02/2026 12:25:30] Read data (COM4)	
    50 00 81 44 08 00 00 00 01 14 1a 02 14 0c 13 0d   P.ÅD............	
    c4 94 98 00 00 00 00 00 00 00 00 00 00 00 00 00   ƒîò.............	
    00 00 00 00 7e                                    ....~           	
[20/02/2026 12:25:30] Written data (COM4)	
    50 00 81 64 00 00 00 00 00 00 00 00 00 00 00 00   P.Åd............	
    00 00 00 00 00 00 00 00 00 00 00 00 00 00 00 00   ................	
    00 00 00 00 35                                    ....5           	
[20/02/2026 12:25:30] Read data (COM4)	
    50 00 81 64 00 00 80 00 00 00 00 00 00 00 00 00   P.Åd..Ä.........	
    00 00 00 00 00 00 00 00 00 00 00 00 00 00 00 00   ................	
    00 00 00 00 b5                                    ....µ           	
[20/02/2026 12:25:30] Written data (COM4)	
    50 00 81 84 00 00 00 00 00 00 00 00 00 00 00 00   P.ÅÑ............	
    00 00 00 00 00 00 00 00 00 00 00 00 00 00 00 00   ................	
    00 00 00 00 55                                    ....U           	
[20/02/2026 12:25:30] Read data (COM4)	
    50 00 81 84 00 00 00 00 00 00 00 00 00 00 00 00   P.ÅÑ............	
    00 00 00 00 00 00 09 00 00 00 00 09 00 00 00 00   ................	
    09 00 00 00 70                                    ....p           	
[20/02/2026 12:25:30] Written data (COM4)	
    50 00 81 95 00 00 00 00 00 00 00 00 00 00 00 00   P.Åï............	
    00 00 00 00 00 00 00 00 00 00 00 00 00 00 00 00   ................	
    00 00 00 00 66                                    ....f           	
[20/02/2026 12:25:30] Read data (COM4)	
    50 00 81 95 00 09 00 00 00 00 09 00 00 00 00 09   P.Åï............	
    00 00 00 00 09 00 00 00 04 93 02 b5 01 93 02 8f   .........ì.µ.ì.è	
    02 8f 02 8f 1f                                    .è.è.           	
[20/02/2026 12:25:30] Written data (COM4)	
    50 00 81 44 00 00 00 00 00 00 00 00 00 00 00 00   P.ÅD............	
    00 00 00 00 00 00 00 00 00 00 00 00 00 00 00 00   ................	
    00 00 00 00 15                                    .....           	
[20/02/2026 12:25:30] Read data (COM4)	
    50 00 81 44 08 00 00 00 01 14 1a 02 14 0c 13 0e   P.ÅD............	
    c4 94 98 00 00 00 00 00 00 00 00 00 00 00 00 00   ƒîò.............	
    00 00 00 00 7f                                    ....           	
[20/02/2026 12:25:31] Written data (COM4)	
    50 00 81 64 00 00 00 00 00 00 00 00 00 00 00 00   P.Åd............	
    00 00 00 00 00 00 00 00 00 00 00 00 00 00 00 00   ................	
    00 00 00 00 35                                    ....5           	
[20/02/2026 12:25:31] Read data (COM4)	
    50 00 81 64 00 00 80 00 00 00 00 00 00 00 00 00   P.Åd..Ä.........	
    00 00 00 00 00 00 00 00 00 00 00 00 00 00 00 00   ................	
    00 00 00 00 b5                                    ....µ           	
[20/02/2026 12:25:31] Written data (COM4)	
    50 00 81 84 00 00 00 00 00 00 00 00 00 00 00 00   P.ÅÑ............	
    00 00 00 00 00 00 00 00 00 00 00 00 00 00 00 00   ................	
    00 00 00 00 55                                    ....U           	
[20/02/2026 12:25:31] Read data (COM4)	
    50 00 81 84 00 00 00 00 00 00 00 00 00 00 00 00   P.ÅÑ............	
    00 00 00 00 00 00 09 00 00 00 00 09 00 00 00 00   ................	
    09 00 00 00 70                                    ....p           	
[20/02/2026 12:25:31] Written data (COM4)	
    50 00 81 95 00 00 00 00 00 00 00 00 00 00 00 00   P.Åï............	
    00 00 00 00 00 00 00 00 00 00 00 00 00 00 00 00   ................	
    00 00 00 00 66                                    ....f           	
[20/02/2026 12:25:31] Read data (COM4)	
    50 00 81 95 00 09 00 00 00 00 09 00 00 00 00 09   P.Åï............	
    00 00 00 00 09 00 00 00 04 93 02 b5 01 93 02 8f   .........ì.µ.ì.è	
    02 8f 02 8f 1f                                    .è.è.           	
[20/02/2026 12:25:31] Written data (COM4)	
    50 00 81 44 00 00 00 00 00 00 00 00 00 00 00 00   P.ÅD............	
    00 00 00 00 00 00 00 00 00 00 00 00 00 00 00 00   ................	
    00 00 00 00 15                                    .....           	
[20/02/2026 12:25:31] Read data (COM4)	
    50 00 81 44 08 00 00 00 01 14 1a 02 14 0c 13 0e   P.ÅD............	
    c4 94 98 00 00 00 00 00 00 00 00 00 00 00 00 00   ƒîò.............	
    00 00 00 00 7f                                    ....           	
[20/02/2026 12:25:31] Written data (COM4)	
    50 00 81 64 00 00 00 00 00 00 00 00 00 00 00 00   P.Åd............	
    00 00 00 00 00 00 00 00 00 00 00 00 00 00 00 00   ................	
    00 00 00 00 35                                    ....5           	
[20/02/2026 12:25:31] Read data (COM4)	
    50 00 81 64 00 00 80 00 00 00 00 00 00 00 00 00   P.Åd..Ä.........	
    00 00 00 00 00 00 00 00 00 00 00 00 00 00 00 00   ................	
    00 00 00 00 b5                                    ....µ           	
[20/02/2026 12:25:32] Written data (COM4)	
    50 00 81 84 00 00 00 00 00 00 00 00 00 00 00 00   P.ÅÑ............	
    00 00 00 00 00 00 00 00 00 00 00 00 00 00 00 00   ................	
    00 00 00 00 55                                    ....U           	
[20/02/2026 12:25:32] Read data (COM4)	
    50 00 81 84 00 00 00 00 00 00 00 00 00 00 00 00   P.ÅÑ............	
    00 00 00 00 00 00 09 00 00 00 00 09 00 00 00 00   ................	
    09 00 00 00 70                                    ....p           	
[20/02/2026 12:25:32] Written data (COM4)	
    50 00 81 95 00 00 00 00 00 00 00 00 00 00 00 00   P.Åï............	
    00 00 00 00 00 00 00 00 00 00 00 00 00 00 00 00   ................	
    00 00 00 00 66                                    ....f           	
[20/02/2026 12:25:32] Read data (COM4)	
    50 00 81 95 00 09 00 00 00 00 09 00 00 00 00 09   P.Åï............	
    00 00 00 00 09 00 00 00 04 93 02 b5 01 93 02 8f   .........ì.µ.ì.è	
    02 8f 02 8f 1f                                    .è.è.           	
[20/02/2026 12:25:32] Written data (COM4)	
    50 00 81 44 00 00 00 00 00 00 00 00 00 00 00 00   P.ÅD............	
    00 00 00 00 00 00 00 00 00 00 00 00 00 00 00 00   ................	
    00 00 00 00 15                                    .....           	
[20/02/2026 12:25:32] Read data (COM4)	
    50 00 81 44 08 00 00 00 01 14 1a 02 14 0c 13 0f   P.ÅD............	
    c4 94 97 00 00 00 00 00 00 00 00 00 00 00 00 00   ƒîó.............	
    00 00 00 00 7f                                    ....           	
[20/02/2026 12:25:32] Written data (COM4)	
    50 00 81 64 00 00 00 00 00 00 00 00 00 00 00 00   P.Åd............	
    00 00 00 00 00 00 00 00 00 00 00 00 00 00 00 00   ................	
    00 00 00 00 35                                    ....5           	
[20/02/2026 12:25:32] Read data (COM4)	
    50 00 81 64 00 00 80 00 00 00 00 00 00 00 00 00   P.Åd..Ä.........	
    00 00 00 00 00 00 00 00 00 00 00 00 00 00 00 00   ................	
    00 00 00 00 b5                                    ....µ           	
[20/02/2026 12:25:33] Written data (COM4)	
    50 00 81 84 00 00 00 00 00 00 00 00 00 00 00 00   P.ÅÑ............	
    00 00 00 00 00 00 00 00 00 00 00 00 00 00 00 00   ................	
    00 00 00 00 55                                    ....U           	
[20/02/2026 12:25:33] Read data (COM4)	
    50 00 81 84 00 00 00 00 00 00 00 00 00 00 00 00   P.ÅÑ............	
    00 00 00 00 00 00 09 00 00 00 00 09 00 00 00 00   ................	
    09 00 00 00 70                                    ....p           	
[20/02/2026 12:25:33] Written data (COM4)	
    50 00 81 95 00 00 00 00 00 00 00 00 00 00 00 00   P.Åï............	
    00 00 00 00 00 00 00 00 00 00 00 00 00 00 00 00   ................	
    00 00 00 00 66                                    ....f           	
[20/02/2026 12:25:33] Read data (COM4)	
    50 00 81 95 00 09 00 00 00 00 09 00 00 00 00 09   P.Åï............	
    00 00 00 00 09 00 00 00 04 93 02 b5 01 93 02 8f   .........ì.µ.ì.è	
    02 8f 02 8f 1f                                    .è.è.           	
[20/02/2026 12:25:33] Written data (COM4)	
    50 00 81 44 00 00 00 00 00 00 00 00 00 00 00 00   P.ÅD............	
    00 00 00 00 00 00 00 00 00 00 00 00 00 00 00 00   ................	
    00 00 00 00 15                                    .....           	
[20/02/2026 12:25:33] Read data (COM4)	
    50 00 81 44 08 00 00 00 01 14 1a 02 14 0c 13 10   P.ÅD............	
    c4 94 98 00 00 00 00 00 00 00 00 00 00 00 00 00   ƒîò.............	
    00 00 00 00 81                                    ....Å           	
[20/02/2026 12:25:33] Written data (COM4)	
    50 00 81 64 00 00 00 00 00 00 00 00 00 00 00 00   P.Åd............	
    00 00 00 00 00 00 00 00 00 00 00 00 00 00 00 00   ................	
    00 00 00 00 35                                    ....5           	
[20/02/2026 12:25:33] Read data (COM4)	
    50 00 81 64 00 00 80 00 00 00 00 00 00 00 00 00   P.Åd..Ä.........	
    00 00 00 00 00 00 00 00 00 00 00 00 00 00 00 00   ................	
    00 00 00 00 b5                                    ....µ           	
[20/02/2026 12:25:33] Written data (COM4)	
    50 00 81 84 00 00 00 00 00 00 00 00 00 00 00 00   P.ÅÑ............	
    00 00 00 00 00 00 00 00 00 00 00 00 00 00 00 00   ................	
    00 00 00 00 55                                    ....U           	
[20/02/2026 12:25:33] Read data (COM4)	
    50 00 81 84 00 00 00 00 00 00 00 00 00 00 00 00   P.ÅÑ............	
    00 00 00 00 00 00 09 00 00 00 00 09 00 00 00 00   ................	
    09 00 00 00 70                                    ....p           	
[20/02/2026 12:25:34] Written data (COM4)	
    50 00 81 95 00 00 00 00 00 00 00 00 00 00 00 00   P.Åï............	
    00 00 00 00 00 00 00 00 00 00 00 00 00 00 00 00   ................	
    00 00 00 00 66                                    ....f           	
[20/02/2026 12:25:34] Read data (COM4)	
    50 00 81 95 00 09 00 00 00 00 09 00 00 00 00 09   P.Åï............	
    00 00 00 00 09 00 00 00 04 93 02 b5 01 93 02 8f   .........ì.µ.ì.è	
    02 8f 02 8f 1f                                    .è.è.           	
[20/02/2026 12:25:34] Written data (COM4)	
    50 00 81 44 00 00 00 00 00 00 00 00 00 00 00 00   P.ÅD............	
    00 00 00 00 00 00 00 00 00 00 00 00 00 00 00 00   ................	
    00 00 00 00 15                                    .....           	
[20/02/2026 12:25:34] Read data (COM4)	
    50 00 81 44 08 00 00 00 01 14 1a 02 14 0c 13 11   P.ÅD............	
    c4 94 98 00 00 00 00 00 00 00 00 00 00 00 00 00   ƒîò.............	
    00 00 00 00 82                                    ....Ç           	
[20/02/2026 12:25:34] Written data (COM4)	
    50 00 81 64 00 00 00 00 00 00 00 00 00 00 00 00   P.Åd............	
    00 00 00 00 00 00 00 00 00 00 00 00 00 00 00 00   ................	
    00 00 00 00 35                                    ....5           	
[20/02/2026 12:25:34] Read data (COM4)	
    50 00 81 64 00 00 80 00 00 00 00 00 00 00 00 00   P.Åd..Ä.........	
    00 00 00 00 00 00 00 00 00 00 00 00 00 00 00 00   ................	
    00 00 00 00 b5                                    ....µ           	
[20/02/2026 12:25:34] Written data (COM4)	
    50 00 81 84 00 00 00 00 00 00 00 00 00 00 00 00   P.ÅÑ............	
    00 00 00 00 00 00 00 00 00 00 00 00 00 00 00 00   ................	
    00 00 00 00 55                                    ....U           	
[20/02/2026 12:25:34] Read data (COM4)	
    50 00 81 84 00 00 00 00 00 00 00 00 00 00 00 00   P.ÅÑ............	
    00 00 00 00 00 00 09 00 00 00 00 09 00 00 00 00   ................	
    09 00 00 00 70                                    ....p           	
[20/02/2026 12:25:34] Written data (COM4)	
    50 00 81 95 00 00 00 00 00 00 00 00 00 00 00 00   P.Åï............	
    00 00 00 00 00 00 00 00 00 00 00 00 00 00 00 00   ................	
    00 00 00 00 66                                    ....f           	
[20/02/2026 12:25:34] Read data (COM4)	
    50 00 81 95 00 09 00 00 00 00 09 00 00 00 00 09   P.Åï............	
    00 00 00 00 09 00 00 00 04 93 02 b5 01 93 02 8f   .........ì.µ.ì.è	
    02 8f 02 8f 1f                                    .è.è.           	
[20/02/2026 12:25:35] Written data (COM4)	
    50 00 81 44 00 00 00 00 00 00 00 00 00 00 00 00   P.ÅD............	
    00 00 00 00 00 00 00 00 00 00 00 00 00 00 00 00   ................	
    00 00 00 00 15                                    .....           	
[20/02/2026 12:25:35] Read data (COM4)	
    50 00 81 44 08 00 00 00 01 14 1a 02 14 0c 13 12   P.ÅD............	
    c4 94 98 00 00 00 00 00 00 00 00 00 00 00 00 00   ƒîò.............	
    00 00 00 00 83                                    ....É           	
[20/02/2026 12:25:35] Written data (COM4)	
    50 00 81 64 00 00 00 00 00 00 00 00 00 00 00 00   P.Åd............	
    00 00 00 00 00 00 00 00 00 00 00 00 00 00 00 00   ................	
    00 00 00 00 35                                    ....5           	
[20/02/2026 12:25:35] Read data (COM4)	
    50 00 81 64 00 00 80 00 00 00 00 00 00 00 00 00   P.Åd..Ä.........	
    00 00 00 00 00 00 00 00 00 00 00 00 00 00 00 00   ................	
    00 00 00 00 b5                                    ....µ           	
[20/02/2026 12:25:35] Written data (COM4)	
    50 00 81 84 00 00 00 00 00 00 00 00 00 00 00 00   P.ÅÑ............	
    00 00 00 00 00 00 00 00 00 00 00 00 00 00 00 00   ................	
    00 00 00 00 55                                    ....U           	
[20/02/2026 12:25:35] Read data (COM4)	
    50 00 81 84 00 00 00 00 00 00 00 00 00 00 00 00   P.ÅÑ............	
    00 00 00 00 00 00 09 00 00 00 00 09 00 00 00 00   ................	
    09 00 00 00 70                                    ....p           	
[20/02/2026 12:25:35] Written data (COM4)	
    50 00 81 95 00 00 00 00 00 00 00 00 00 00 00 00   P.Åï............	
    00 00 00 00 00 00 00 00 00 00 00 00 00 00 00 00   ................	
    00 00 00 00 66                                    ....f           	
[20/02/2026 12:25:35] Read data (COM4)	
    50 00 81 95 00 09 00 00 00 00 09 00 00 00 00 09   P.Åï............	
    00 00 00 00 09 00 00 00 04 93 02 b5 01 93 02 8f   .........ì.µ.ì.è	
    02 8f 02 8f 1f                                    .è.è.           	
[20/02/2026 12:25:35] Written data (COM4)	
    50 00 81 44 00 00 00 00 00 00 00 00 00 00 00 00   P.ÅD............	
    00 00 00 00 00 00 00 00 00 00 00 00 00 00 00 00   ................	
    00 00 00 00 15                                    .....           	
[20/02/2026 12:25:35] Read data (COM4)	
    50 00 81 44 08 00 00 00 01 14 1a 02 14 0c 13 13   P.ÅD............	
    c4 94 98 00 00 00 00 00 00 00 00 00 00 00 00 00   ƒîò.............	
    00 00 00 00 84                                    ....Ñ           	
[20/02/2026 12:25:36] Written data (COM4)	
    50 00 81 64 00 00 00 00 00 00 00 00 00 00 00 00   P.Åd............	
    00 00 00 00 00 00 00 00 00 00 00 00 00 00 00 00   ................	
    00 00 00 00 35                                    ....5           	
[20/02/2026 12:25:36] Read data (COM4)	
    50 00 81 64 00 00 80 00 00 00 00 00 00 00 00 00   P.Åd..Ä.........	
    00 00 00 00 00 00 00 00 00 00 00 00 00 00 00 00   ................	
    00 00 00 00 b5                                    ....µ           	
[20/02/2026 12:25:36] Written data (COM4)	
    50 00 81 84 00 00 00 00 00 00 00 00 00 00 00 00   P.ÅÑ............	
    00 00 00 00 00 00 00 00 00 00 00 00 00 00 00 00   ................	
    00 00 00 00 55                                    ....U           	
[20/02/2026 12:25:36] Read data (COM4)	
    50 00 81 84 00 00 00 00 00 00 00 00 00 00 00 00   P.ÅÑ............	
    00 00 00 00 00 00 09 00 00 00 00 09 00 00 00 00   ................	
    09 00 00 00 70                                    ....p           	
[20/02/2026 12:25:36] Written data (COM4)	
    50 00 81 95 00 00 00 00 00 00 00 00 00 00 00 00   P.Åï............	
    00 00 00 00 00 00 00 00 00 00 00 00 00 00 00 00   ................	
    00 00 00 00 66                                    ....f           	
[20/02/2026 12:25:36] Read data (COM4)	
    50 00 81 95 00 09 00 00 00 00 09 00 00 00 00 09   P.Åï............	
    00 00 00 00 09 00 00 00 04 93 02 b5 01 93 02 8f   .........ì.µ.ì.è	
    02 8f 02 8f 1f                                    .è.è.           	
[20/02/2026 12:25:36] Written data (COM4)	
    50 00 81 44 00 00 00 00 00 00 00 00 00 00 00 00   P.ÅD............	
    00 00 00 00 00 00 00 00 00 00 00 00 00 00 00 00   ................	
    00 00 00 00 15                                    .....           	
[20/02/2026 12:25:36] Read data (COM4)	
    50 00 81 44 08 00 00 00 01 14 1a 02 14 0c 13 13   P.ÅD............	
    c4 94 98 00 00 00 00 00 00 00 00 00 00 00 00 00   ƒîò.............	
    00 00 00 00 84                                    ....Ñ           	
[20/02/2026 12:25:36] Written data (COM4)	
    50 00 81 64 00 00 00 00 00 00 00 00 00 00 00 00   P.Åd............	
    00 00 00 00 00 00 00 00 00 00 00 00 00 00 00 00   ................	
    00 00 00 00 35                                    ....5           	
[20/02/2026 12:25:36] Read data (COM4)	
    50 00 81 64 00 00 80 00 00 00 00 00 00 00 00 00   P.Åd..Ä.........	
    00 00 00 00 00 00 00 00 00 00 00 00 00 00 00 00   ................	
    00 00 00 00 b5                                    ....µ           	
[20/02/2026 12:25:37] Written data (COM4)	
    50 00 81 84 00 00 00 00 00 00 00 00 00 00 00 00   P.ÅÑ............	
    00 00 00 00 00 00 00 00 00 00 00 00 00 00 00 00   ................	
    00 00 00 00 55                                    ....U           	
[20/02/2026 12:25:37] Read data (COM4)	
    50 00 81 84 00 00 00 00 00 00 00 00 00 00 00 00   P.ÅÑ............	
    00 00 00 00 00 00 09 00 00 00 00 09 00 00 00 00   ................	
    09 00 00 00 70                                    ....p           	
[20/02/2026 12:25:37] Written data (COM4)	
    50 00 81 95 00 00 00 00 00 00 00 00 00 00 00 00   P.Åï............	
    00 00 00 00 00 00 00 00 00 00 00 00 00 00 00 00   ................	
    00 00 00 00 66                                    ....f           	
[20/02/2026 12:25:37] Read data (COM4)	
    50 00 81 95 00 09 00 00 00 00 09 00 00 00 00 09   P.Åï............	
    00 00 00 00 09 00 00 00 04 93 02 b5 01 93 02 8f   .........ì.µ.ì.è	
    02 8f 02 8f 1f                                    .è.è.           	
[20/02/2026 12:25:37] Written data (COM4)	
    50 00 81 44 00 00 00 00 00 00 00 00 00 00 00 00   P.ÅD............	
    00 00 00 00 00 00 00 00 00 00 00 00 00 00 00 00   ................	
    00 00 00 00 15                                    .....           	
[20/02/2026 12:25:38] Read data (COM4)	
    50 00 81 44 08 00 00 00 01 14 1a 02 14 0c 13 15   P.ÅD............	
    c4 94 98 00 00 00 00 00 00 00 00 00 00 00 00 00   ƒîò.............	
    00 00 00 00 86                                    ....Ü           	
[20/02/2026 12:25:38] Written data (COM4)	
    50 00 81 64 00 00 00 00 00 00 00 00 00 00 00 00   P.Åd............	
    00 00 00 00 00 00 00 00 00 00 00 00 00 00 00 00   ................	
    00 00 00 00 35                                    ....5           	
[20/02/2026 12:25:38] Read data (COM4)	
    50 00 81 64 00 00 80 00 00 00 00 00 00 00 00 00   P.Åd..Ä.........	
    00 00 00 00 00 00 00 00 00 00 00 00 00 00 00 00   ................	
    00 00 00 00 b5                                    ....µ           	
[20/02/2026 12:25:38] Written data (COM4)	
    50 00 81 84 00 00 00 00 00 00 00 00 00 00 00 00   P.ÅÑ............	
    00 00 00 00 00 00 00 00 00 00 00 00 00 00 00 00   ................	
    00 00 00 00 55                                    ....U           	
[20/02/2026 12:25:38] Read data (COM4)	
    50 00 81 84 00 00 00 00 00 00 00 00 00 00 00 00   P.ÅÑ............	
    00 00 00 00 00 00 09 00 00 00 00 09 00 00 00 00   ................	
    09 00 00 00 70                                    ....p           	
[20/02/2026 12:25:38] Written data (COM4)	
    50 00 81 95 00 00 00 00 00 00 00 00 00 00 00 00   P.Åï............	
    00 00 00 00 00 00 00 00 00 00 00 00 00 00 00 00   ................	
    00 00 00 00 66                                    ....f           	
[20/02/2026 12:25:38] Read data (COM4)	
    50 00 81 95 00 09 00 00 00 00 09 00 00 00 00 09   P.Åï............	
    00 00 00 00 09 00 00 00 04 93 02 b5 01 93 02 8f   .........ì.µ.ì.è	
    02 8f 02 8f 1f                                    .è.è.           	
[20/02/2026 12:25:38] Written data (COM4)	
    50 00 81 44 00 00 00 00 00 00 00 00 00 00 00 00   P.ÅD............	
    00 00 00 00 00 00 00 00 00 00 00 00 00 00 00 00   ................	
    00 00 00 00 15                                    .....           	
[20/02/2026 12:25:38] Read data (COM4)	
    50 00 81 44 08 00 00 00 01 14 1a 02 14 0c 13 16   P.ÅD............	
    c4 94 98 00 00 00 00 00 00 00 00 00 00 00 00 00   ƒîò.............	
    00 00 00 00 87                                    ....á           	
[20/02/2026 12:25:38] Written data (COM4)	
    50 00 81 64 00 00 00 00 00 00 00 00 00 00 00 00   P.Åd............	
    00 00 00 00 00 00 00 00 00 00 00 00 00 00 00 00   ................	
    00 00 00 00 35                                    ....5           	
[20/02/2026 12:25:39] Read data (COM4)	
    50 00 81 64 00 00 80 00 00 00 00 00 00 00 00 00   P.Åd..Ä.........	
    00 00 00 00 00 00 00 00 00 00 00 00 00 00 00 00   ................	
    00 00 00 00 b5                                    ....µ           	
[20/02/2026 12:25:39] Written data (COM4)	
    50 00 81 84 00 00 00 00 00 00 00 00 00 00 00 00   P.ÅÑ............	
    00 00 00 00 00 00 00 00 00 00 00 00 00 00 00 00   ................	
    00 00 00 00 55                                    ....U           	
[20/02/2026 12:25:39] Read data (COM4)	
    50 00 81 84 00 00 00 00 00 00 00 00 00 00 00 00   P.ÅÑ............	
    00 00 00 00 00 00 09 00 00 00 00 09 00 00 00 00   ................	
    09 00 00 00 70                                    ....p           	
[20/02/2026 12:25:39] Written data (COM4)	
    50 00 81 95 00 00 00 00 00 00 00 00 00 00 00 00   P.Åï............	
    00 00 00 00 00 00 00 00 00 00 00 00 00 00 00 00   ................	
    00 00 00 00 66                                    ....f           	
[20/02/2026 12:25:39] Read data (COM4)	
    50 00 81 95 00 09 00 00 00 00 09 00 00 00 00 09   P.Åï............	
    00 00 00 00 09 00 00 00 04 93 02 b5 01 93 02 8f   .........ì.µ.ì.è	
    02 8f 02 8f 1f                                    .è.è.           	
[20/02/2026 12:25:39] Written data (COM4)	
    50 00 81 44 00 00 00 00 00 00 00 00 00 00 00 00   P.ÅD............	
    00 00 00 00 00 00 00 00 00 00 00 00 00 00 00 00   ................	
    00 00 00 00 15                                    .....           	
[20/02/2026 12:25:39] Read data (COM4)	
    50 00 81 44 08 00 00 00 01 14 1a 02 14 0c 13 16   P.ÅD............	
    c4 94 98 00 00 00 00 00 00 00 00 00 00 00 00 00   ƒîò.............	
    00 00 00 00 87                                    ....á           	
[20/02/2026 12:25:39] Written data (COM4)	
    50 00 81 64 00 00 00 00 00 00 00 00 00 00 00 00   P.Åd............	
    00 00 00 00 00 00 00 00 00 00 00 00 00 00 00 00   ................	
    00 00 00 00 35                                    ....5           	
[20/02/2026 12:25:39] Read data (COM4)	
    50 00 81 64 00 00 80 00 00 00 00 00 00 00 00 00   P.Åd..Ä.........	
    00 00 00 00 00 00 00 00 00 00 00 00 00 00 00 00   ................	
    00 00 00 00 b5                                    ....µ           	
[20/02/2026 12:25:40] Written data (COM4)	
    50 00 81 84 00 00 00 00 00 00 00 00 00 00 00 00   P.ÅÑ............	
    00 00 00 00 00 00 00 00 00 00 00 00 00 00 00 00   ................	
    00 00 00 00 55                                    ....U           	
[20/02/2026 12:25:40] Read data (COM4)	
    50 00 81 84 00 00 00 00 00 00 00 00 00 00 00 00   P.ÅÑ............	
    00 00 00 00 00 00 09 00 00 00 00 09 00 00 00 00   ................	
    09 00 00 00 70                                    ....p           	
[20/02/2026 12:25:40] Written data (COM4)	
    50 00 81 95 00 00 00 00 00 00 00 00 00 00 00 00   P.Åï............	
    00 00 00 00 00 00 00 00 00 00 00 00 00 00 00 00   ................	
    00 00 00 00 66                                    ....f           	
[20/02/2026 12:25:40] Read data (COM4)	
    50 00 81 95 00 09 00 00 00 00 09 00 00 00 00 09   P.Åï............	
    00 00 00 00 09 00 00 00 04 93 02 b5 01 93 02 8f   .........ì.µ.ì.è	
    02 8f 02 8f 1f                                    .è.è.           	
[20/02/2026 12:25:40] Written data (COM4)	
    50 00 81 44 00 00 00 00 00 00 00 00 00 00 00 00   P.ÅD............	
    00 00 00 00 00 00 00 00 00 00 00 00 00 00 00 00   ................	
    00 00 00 00 15                                    .....           	
[20/02/2026 12:25:40] Read data (COM4)	
    50 00 81 44 08 00 00 00 01 14 1a 02 14 0c 13 17   P.ÅD............	
    c4 94 98 00 00 00 00 00 00 00 00 00 00 00 00 00   ƒîò.............	
    00 00 00 00 88                                    ....à           	
[20/02/2026 12:25:40] Written data (COM4)	
    50 00 81 64 00 00 00 00 00 00 00 00 00 00 00 00   P.Åd............	
    00 00 00 00 00 00 00 00 00 00 00 00 00 00 00 00   ................	
    00 00 00 00 35                                    ....5           	
[20/02/2026 12:25:40] Read data (COM4)	
    50 00 81 64 00 00 80 00 00 00 00 00 00 00 00 00   P.Åd..Ä.........	
    00 00 00 00 00 00 00 00 00 00 00 00 00 00 00 00   ................	
    00 00 00 00 b5                                    ....µ           	
[20/02/2026 12:25:40] Written data (COM4)	
    50 00 81 84 00 00 00 00 00 00 00 00 00 00 00 00   P.ÅÑ............	
    00 00 00 00 00 00 00 00 00 00 00 00 00 00 00 00   ................	
    00 00 00 00 55                                    ....U           	
[20/02/2026 12:25:40] Read data (COM4)	
    50 00 81 84 00 00 00 00 00 00 00 00 00 00 00 00   P.ÅÑ............	
    00 00 00 00 00 00 09 00 00 00 00 09 00 00 00 00   ................	
    09 00 00 00 70                                    ....p           	
[20/02/2026 12:25:41] Written data (COM4)	
    50 00 81 95 00 00 00 00 00 00 00 00 00 00 00 00   P.Åï............	
    00 00 00 00 00 00 00 00 00 00 00 00 00 00 00 00   ................	
    00 00 00 00 66                                    ....f           	
[20/02/2026 12:25:41] Read data (COM4)	
    50 00 81 95 00 09 00 00 00 00 09 00 00 00 00 09   P.Åï............	
    00 00 00 00 09 00 00 00 04 93 02 b5 01 93 02 8f   .........ì.µ.ì.è	
    02 8f 02 8f 1f                                    .è.è.           	
[20/02/2026 12:25:41] Written data (COM4)	
    50 00 81 44 00 00 00 00 00 00 00 00 00 00 00 00   P.ÅD............	
    00 00 00 00 00 00 00 00 00 00 00 00 00 00 00 00   ................	
    00 00 00 00 15                                    .....           	
[20/02/2026 12:25:41] Read data (COM4)	
    50 00 81 44 08 00 00 00 01 14 1a 02 14 0c 13 18   P.ÅD............	
    c4 94 99 00 00 00 00 00 00 00 00 00 00 00 00 00   ƒîô.............	
    00 00 00 00 8a                                    ....ä           	
[20/02/2026 12:25:41] Written data (COM4)	
    50 00 81 64 00 00 00 00 00 00 00 00 00 00 00 00   P.Åd............	
    00 00 00 00 00 00 00 00 00 00 00 00 00 00 00 00   ................	
    00 00 00 00 35                                    ....5           	
[20/02/2026 12:25:41] Read data (COM4)	
    50 00 81 64 00 00 80 00 00 00 00 00 00 00 00 00   P.Åd..Ä.........	
    00 00 00 00 00 00 00 00 00 00 00 00 00 00 00 00   ................	
    00 00 00 00 b5                                    ....µ           	
[20/02/2026 12:25:41] Written data (COM4)	
    50 00 81 84 00 00 00 00 00 00 00 00 00 00 00 00   P.ÅÑ............	
    00 00 00 00 00 00 00 00 00 00 00 00 00 00 00 00   ................	
    00 00 00 00 55                                    ....U           	
[20/02/2026 12:25:41] Read data (COM4)	
    50 00 81 84 00 00 00 00 00 00 00 00 00 00 00 00   P.ÅÑ............	
    00 00 00 00 00 00 09 00 00 00 00 09 00 00 00 00   ................	
    09 00 00 00 70                                    ....p           	
[20/02/2026 12:25:41] Written data (COM4)	
    50 00 81 95 00 00 00 00 00 00 00 00 00 00 00 00   P.Åï............	
    00 00 00 00 00 00 00 00 00 00 00 00 00 00 00 00   ................	
    00 00 00 00 66                                    ....f           	
[20/02/2026 12:25:41] Read data (COM4)	
    50 00 81 95 00 09 00 00 00 00 09 00 00 00 00 09   P.Åï............	
    00 00 00 00 09 00 00 00 04 93 02 b5 01 93 02 8f   .........ì.µ.ì.è	
    02 8f 02 8f 1f                                    .è.è.           	
[20/02/2026 12:25:42] Written data (COM4)	
    50 00 81 44 00 00 00 00 00 00 00 00 00 00 00 00   P.ÅD............	
    00 00 00 00 00 00 00 00 00 00 00 00 00 00 00 00   ................	
    00 00 00 00 15                                    .....           	
[20/02/2026 12:25:42] Read data (COM4)	
    50 00 81 44 08 00 00 00 01 14 1a 02 14 0c 13 19   P.ÅD............	
    c4 94 98 00 00 00 00 00 00 00 00 00 00 00 00 00   ƒîò.............	
    00 00 00 00 8a                                    ....ä           	
[20/02/2026 12:25:42] Written data (COM4)	
    50 00 81 64 00 00 00 00 00 00 00 00 00 00 00 00   P.Åd............	
    00 00 00 00 00 00 00 00 00 00 00 00 00 00 00 00   ................	
    00 00 00 00 35                                    ....5           	
[20/02/2026 12:25:42] Read data (COM4)	
    50 00 81 64 00 00 80 00 00 00 00 00 00 00 00 00   P.Åd..Ä.........	
    00 00 00 00 00 00 00 00 00 00 00 00 00 00 00 00   ................	
    00 00 00 00 b5                                    ....µ           	
[20/02/2026 12:25:42] Written data (COM4)	
    50 00 81 84 00 00 00 00 00 00 00 00 00 00 00 00   P.ÅÑ............	
    00 00 00 00 00 00 00 00 00 00 00 00 00 00 00 00   ................	
    00 00 00 00 55                                    ....U           	
[20/02/2026 12:25:42] Read data (COM4)	
    50 00 81 84 00 00 00 00 00 00 00 00 00 00 00 00   P.ÅÑ............	
    00 00 00 00 00 00 09 00 00 00 00 09 00 00 00 00   ................	
    09 00 00 00 70                                    ....p           	
[20/02/2026 12:25:42] Written data (COM4)	
    50 00 81 95 00 00 00 00 00 00 00 00 00 00 00 00   P.Åï............	
    00 00 00 00 00 00 00 00 00 00 00 00 00 00 00 00   ................	
    00 00 00 00 66                                    ....f           	
[20/02/2026 12:25:42] Read data (COM4)	
    50 00 81 95 00 09 00 00 00 00 09 00 00 00 00 09   P.Åï............	
    00 00 00 00 09 00 00 00 04 93 02 b5 01 93 02 8f   .........ì.µ.ì.è	
    02 8f 02 8f 1f                                    .è.è.           	
[20/02/2026 12:25:42] Written data (COM4)	
    50 00 81 44 00 00 00 00 00 00 00 00 00 00 00 00   P.ÅD............	
    00 00 00 00 00 00 00 00 00 00 00 00 00 00 00 00   ................	
    00 00 00 00 15                                    .....           	
[20/02/2026 12:25:42] Read data (COM4)	
    50 00 81 44 08 00 00 00 01 14 1a 02 14 0c 13 1a   P.ÅD............	
    c4 94 98 00 00 00 00 00 00 00 00 00 00 00 00 00   ƒîò.............	
    00 00 00 00 8b                                    ....ã           	
[20/02/2026 12:25:43] Written data (COM4)	
    50 00 81 64 00 00 00 00 00 00 00 00 00 00 00 00   P.Åd............	
    00 00 00 00 00 00 00 00 00 00 00 00 00 00 00 00   ................	
    00 00 00 00 35                                    ....5           	
[20/02/2026 12:25:43] Read data (COM4)	
    50 00 81 64 00 00 80 00 00 00 00 00 00 00 00 00   P.Åd..Ä.........	
    00 00 00 00 00 00 00 00 00 00 00 00 00 00 00 00   ................	
    00 00 00 00 b5                                    ....µ           	
[20/02/2026 12:25:43] Written data (COM4)	
    50 00 81 84 00 00 00 00 00 00 00 00 00 00 00 00   P.ÅÑ............	
    00 00 00 00 00 00 00 00 00 00 00 00 00 00 00 00   ................	
    00 00 00 00 55                                    ....U           	
[20/02/2026 12:25:43] Read data (COM4)	
    50 00 81 84 00 00 00 00 00 00 00 00 00 00 00 00   P.ÅÑ............	
    00 00 00 00 00 00 09 00 00 00 00 09 00 00 00 00   ................	
    09 00 00 00 70                                    ....p           	
[20/02/2026 12:25:43] Written data (COM4)	
    50 00 81 95 00 00 00 00 00 00 00 00 00 00 00 00   P.Åï............	
    00 00 00 00 00 00 00 00 00 00 00 00 00 00 00 00   ................	
    00 00 00 00 66                                    ....f           	
[20/02/2026 12:25:43] Read data (COM4)	
    50 00 81 95 00 09 00 00 00 00 09 00 00 00 00 09   P.Åï............	
    00 00 00 00 09 00 00 00 04 93 02 b5 01 93 02 8f   .........ì.µ.ì.è	
    02 8f 02 8f 1f                                    .è.è.           	
[20/02/2026 12:25:43] Written data (COM4)	
    50 00 81 44 00 00 00 00 00 00 00 00 00 00 00 00   P.ÅD............	
    00 00 00 00 00 00 00 00 00 00 00 00 00 00 00 00   ................	
    00 00 00 00 15                                    .....           	
[20/02/2026 12:25:43] Read data (COM4)	
    50 00 81 44 08 00 00 00 01 14 1a 02 14 0c 13 1a   P.ÅD............	
    c4 94 98 00 00 00 00 00 00 00 00 00 00 00 00 00   ƒîò.............	
    00 00 00 00 8b                                    ....ã           	
[20/02/2026 12:25:43] Written data (COM4)	
    50 00 81 64 00 00 00 00 00 00 00 00 00 00 00 00   P.Åd............	
    00 00 00 00 00 00 00 00 00 00 00 00 00 00 00 00   ................	
    00 00 00 00 35                                    ....5           	
[20/02/2026 12:25:43] Read data (COM4)	
    50 00 81 64 00 00 80 00 00 00 00 00 00 00 00 00   P.Åd..Ä.........	
    00 00 00 00 00 00 00 00 00 00 00 00 00 00 00 00   ................	
    00 00 00 00 b5                                    ....µ           	
[20/02/2026 12:25:44] Written data (COM4)	
    50 00 81 84 00 00 00 00 00 00 00 00 00 00 00 00   P.ÅÑ............	
    00 00 00 00 00 00 00 00 00 00 00 00 00 00 00 00   ................	
    00 00 00 00 55                                    ....U           	
[20/02/2026 12:25:44] Read data (COM4)	
    50 00 81 84 00 00 00 00 00 00 00 00 00 00 00 00   P.ÅÑ............	
    00 00 00 00 00 00 09 00 00 00 00 09 00 00 00 00   ................	
    09 00 00 00 70                                    ....p           	
[20/02/2026 12:25:44] Written data (COM4)	
    50 00 81 95 00 00 00 00 00 00 00 00 00 00 00 00   P.Åï............	
    00 00 00 00 00 00 00 00 00 00 00 00 00 00 00 00   ................	
    00 00 00 00 66                                    ....f           	
[20/02/2026 12:25:44] Read data (COM4)	
    50 00 81 95 00 09 00 00 00 00 09 00 00 00 00 09   P.Åï............	
    00 00 00 00 09 00 00 00 04 93 02 b5 01 93 02 8f   .........ì.µ.ì.è	
    02 8f 02 8f 1f                                    .è.è.           	
[20/02/2026 12:25:44] Written data (COM4)	
    50 00 81 44 00 00 00 00 00 00 00 00 00 00 00 00   P.ÅD............	
    00 00 00 00 00 00 00 00 00 00 00 00 00 00 00 00   ................	
    00 00 00 00 15                                    .....           	
[20/02/2026 12:25:44] Read data (COM4)	
    50 00 81 44 08 00 00 00 01 14 1a 02 14 0c 13 1b   P.ÅD............	
    c4 94 98 00 10 00 00 00 00 00 00 00 00 00 00 00   ƒîò.............	
    00 00 00 00 9c                                    ....ú           	
[20/02/2026 12:25:44] Written data (COM4)	
    50 00 81 64 00 00 00 00 00 00 00 00 00 00 00 00   P.Åd............	
    00 00 00 00 00 00 00 00 00 00 00 00 00 00 00 00   ................	
    00 00 00 00 35                                    ....5           	
[20/02/2026 12:25:44] Read data (COM4)	
    50 00 81 64 00 00 80 00 00 00 00 00 00 00 00 00   P.Åd..Ä.........	
    00 00 00 00 00 00 00 00 00 00 00 00 00 00 00 00   ................	
    00 00 00 00 b5                                    ....µ           	
[20/02/2026 12:25:44] Written data (COM4)	
    50 00 81 84 00 00 00 00 00 00 00 00 00 00 00 00   P.ÅÑ............	
    00 00 00 00 00 00 00 00 00 00 00 00 00 00 00 00   ................	
    00 00 00 00 55                                    ....U           	
[20/02/2026 12:25:45] Read data (COM4)	
    50 00 81 84 00 00 00 00 00 00 00 00 00 00 00 00   P.ÅÑ............	
    00 00 00 00 00 00 09 00 00 00 00 09 00 00 00 00   ................	
    08 00 00 00 6f                                    ....o           	
[20/02/2026 12:25:45] Written data (COM4)	
    50 00 81 95 00 00 00 00 00 00 00 00 00 00 00 00   P.Åï............	
    00 00 00 00 00 00 00 00 00 00 00 00 00 00 00 00   ................	
    00 00 00 00 66                                    ....f           	
[20/02/2026 12:25:45] Read data (COM4)	
    50 00 81 95 00 09 00 00 00 00 09 00 00 00 00 08   P.Åï............	
    00 00 00 00 09 00 00 00 04 93 02 b5 01 93 02 8f   .........ì.µ.ì.è	
    02 8f 02 8f 1e                                    .è.è.           	
[20/02/2026 12:25:45] Written data (COM4)	
    50 00 81 44 00 00 00 00 00 00 00 00 00 00 00 00   P.ÅD............	
    00 00 00 00 00 00 00 00 00 00 00 00 00 00 00 00   ................	
    00 00 00 00 15                                    .....           	
[20/02/2026 12:25:45] Read data (COM4)	
    50 00 81 44 08 00 00 00 01 14 1a 02 14 0c 13 1c   P.ÅD............	
    c4 94 98 00 00 00 00 00 00 00 00 00 00 00 00 00   ƒîò.............	
    00 00 00 00 8d                                    ....ç           	
[20/02/2026 12:25:45] Written data (COM4)	
    50 00 81 64 00 00 00 00 00 00 00 00 00 00 00 00   P.Åd............	
    00 00 00 00 00 00 00 00 00 00 00 00 00 00 00 00   ................	
    00 00 00 00 35                                    ....5           	
[20/02/2026 12:25:45] Read data (COM4)	
    50 00 81 64 00 00 80 00 00 00 00 00 00 00 00 00   P.Åd..Ä.........	
    00 00 00 00 00 00 00 00 00 00 00 00 00 00 00 00   ................	
    00 00 00 00 b5                                    ....µ           	
[20/02/2026 12:25:45] Written data (COM4)	
    50 00 81 84 00 00 00 00 00 00 00 00 00 00 00 00   P.ÅÑ............	
    00 00 00 00 00 00 00 00 00 00 00 00 00 00 00 00   ................	
    00 00 00 00 55                                    ....U           	
[20/02/2026 12:25:45] Read data (COM4)	
    50 00 81 84 00 00 00 00 00 00 00 00 00 00 00 00   P.ÅÑ............	
    00 00 00 00 00 00 09 00 00 00 00 09 00 00 00 00   ................	
    09 00 00 00 70                                    ....p           	
[20/02/2026 12:25:46] Written data (COM4)	
    50 00 81 95 00 00 00 00 00 00 00 00 00 00 00 00   P.Åï............	
    00 00 00 00 00 00 00 00 00 00 00 00 00 00 00 00   ................	
    00 00 00 00 66                                    ....f           	
[20/02/2026 12:25:46] Read data (COM4)	
    50 00 81 95 00 09 00 00 00 00 09 00 00 00 00 09   P.Åï............	
    00 00 00 00 09 00 00 00 04 93 02 b5 01 93 02 8f   .........ì.µ.ì.è	
    02 8f 02 8f 1f                                    .è.è.           	
[20/02/2026 12:25:46] Written data (COM4)	
    50 00 81 44 00 00 00 00 00 00 00 00 00 00 00 00   P.ÅD............	
    00 00 00 00 00 00 00 00 00 00 00 00 00 00 00 00   ................	
    00 00 00 00 15                                    .....           	
[20/02/2026 12:25:46] Read data (COM4)	
    50 00 81 44 08 00 00 00 01 14 1a 02 14 0c 13 1d   P.ÅD............	
    c4 94 98 00 00 00 00 00 00 00 00 00 00 00 00 00   ƒîò.............	
    00 00 00 00 8e                                    ....é           	
[20/02/2026 12:25:46] Written data (COM4)	
    50 00 81 64 00 00 00 00 00 00 00 00 00 00 00 00   P.Åd............	
    00 00 00 00 00 00 00 00 00 00 00 00 00 00 00 00   ................	
    00 00 00 00 35                                    ....5           	
[20/02/2026 12:25:46] Read data (COM4)	
    50 00 81 64 00 00 80 00 00 00 00 00 00 00 00 00   P.Åd..Ä.........	
    00 00 00 00 00 00 00 00 00 00 00 00 00 00 00 00   ................	
    00 00 00 00 b5                                    ....µ           	
[20/02/2026 12:25:46] Written data (COM4)	
    50 00 81 84 00 00 00 00 00 00 00 00 00 00 00 00   P.ÅÑ............	
    00 00 00 00 00 00 00 00 00 00 00 00 00 00 00 00   ................	
    00 00 00 00 55                                    ....U           	
[20/02/2026 12:25:46] Read data (COM4)	
    50 00 81 84 00 00 00 00 00 00 00 00 00 00 00 00   P.ÅÑ............	
    00 00 00 00 00 00 09 00 00 00 00 09 00 00 00 00   ................	
    09 00 00 00 70                                    ....p           	
[20/02/2026 12:25:46] Written data (COM4)	
    50 00 81 95 00 00 00 00 00 00 00 00 00 00 00 00   P.Åï............	
    00 00 00 00 00 00 00 00 00 00 00 00 00 00 00 00   ................	
    00 00 00 00 66                                    ....f           	
[20/02/2026 12:25:47] Read data (COM4)	
    50 00 81 95 00 09 00 00 00 00 09 00 00 00 00 08   P.Åï............	
    00 00 00 00 09 00 00 00 04 93 02 b5 01 93 02 8f   .........ì.µ.ì.è	
    02 8f 02 8f 1e                                    .è.è.           	
[20/02/2026 12:25:47] Written data (COM4)	
    50 00 81 44 00 00 00 00 00 00 00 00 00 00 00 00   P.ÅD............	
    00 00 00 00 00 00 00 00 00 00 00 00 00 00 00 00   ................	
    00 00 00 00 15                                    .....           	
[20/02/2026 12:25:47] Read data (COM4)	
    50 00 81 44 08 00 00 00 01 14 1a 02 14 0c 13 1e   P.ÅD............	
    c4 94 98 00 10 00 00 00 00 00 00 00 00 00 00 00   ƒîò.............	
    00 00 00 00 9f                                    ....ü           	
[20/02/2026 12:25:47] Written data (COM4)	
    50 00 81 64 00 00 00 00 00 00 00 00 00 00 00 00   P.Åd............	
    00 00 00 00 00 00 00 00 00 00 00 00 00 00 00 00   ................	
    00 00 00 00 35                                    ....5           	
[20/02/2026 12:25:47] Read data (COM4)	
    50 00 81 64 00 00 80 00 00 00 00 00 00 00 00 00   P.Åd..Ä.........	
    00 00 00 00 00 00 00 00 00 00 00 00 00 00 00 00   ................	
    00 00 00 00 b5                                    ....µ           	
[20/02/2026 12:25:47] Written data (COM4)	
    50 00 81 84 00 00 00 00 00 00 00 00 00 00 00 00   P.ÅÑ............	
    00 00 00 00 00 00 00 00 00 00 00 00 00 00 00 00   ................	
    00 00 00 00 55                                    ....U           	
[20/02/2026 12:25:47] Read data (COM4)	
    50 00 81 84 00 00 00 00 00 00 00 00 00 00 00 00   P.ÅÑ............	
    00 00 00 00 00 00 09 00 00 00 00 09 00 00 00 00   ................	
    08 00 00 00 6f                                    ....o           	
[20/02/2026 12:25:47] Written data (COM4)	
    50 00 81 95 00 00 00 00 00 00 00 00 00 00 00 00   P.Åï............	
    00 00 00 00 00 00 00 00 00 00 00 00 00 00 00 00   ................	
    00 00 00 00 66                                    ....f           	
[20/02/2026 12:25:47] Read data (COM4)	
    50 00 81 95 00 09 00 00 00 00 09 00 00 00 00 08   P.Åï............	
    00 00 00 00 09 00 00 00 04 93 02 b5 01 93 02 8f   .........ì.µ.ì.è	
    02 8f 02 8f 1e                                    .è.è.           	
[20/02/2026 12:25:48] Written data (COM4)	
    50 00 81 44 00 00 00 00 00 00 00 00 00 00 00 00   P.ÅD............	
    00 00 00 00 00 00 00 00 00 00 00 00 00 00 00 00   ................	
    00 00 00 00 15                                    .....           	
[20/02/2026 12:25:48] Read data (COM4)	
    50 00 81 44 08 00 00 00 01 14 1a 02 14 0c 13 1f   P.ÅD............	
    c4 94 99 00 10 00 00 00 00 00 00 00 00 00 00 00   ƒîô.............	
    00 00 00 00 a1                                    ....°           	
[20/02/2026 12:25:48] Written data (COM4)	
    50 00 81 64 00 00 00 00 00 00 00 00 00 00 00 00   P.Åd............	
    00 00 00 00 00 00 00 00 00 00 00 00 00 00 00 00   ................	
    00 00 00 00 35                                    ....5           	
[20/02/2026 12:25:48] Read data (COM4)	
    50 00 81 64 00 00 80 00 00 00 00 00 00 00 00 00   P.Åd..Ä.........	
    00 00 00 00 00 00 00 00 00 00 00 00 00 00 00 00   ................	
    00 00 00 00 b5                                    ....µ           	
[20/02/2026 12:25:48] Written data (COM4)	
    50 00 81 84 00 00 00 00 00 00 00 00 00 00 00 00   P.ÅÑ............	
    00 00 00 00 00 00 00 00 00 00 00 00 00 00 00 00   ................	
    00 00 00 00 55                                    ....U           	
[20/02/2026 12:25:48] Read data (COM4)	
    50 00 81 84 00 00 00 00 00 00 00 00 00 00 00 00   P.ÅÑ............	
    00 00 00 00 00 00 09 00 00 00 00 09 00 00 00 00   ................	
    08 00 00 00 6f                                    ....o           	
[20/02/2026 12:25:48] Written data (COM4)	
    50 00 81 95 00 00 00 00 00 00 00 00 00 00 00 00   P.Åï............	
    00 00 00 00 00 00 00 00 00 00 00 00 00 00 00 00   ................	
    00 00 00 00 66                                    ....f           	
[20/02/2026 12:25:48] Read data (COM4)	
    50 00 81 95 00 09 00 00 00 00 09 00 00 00 00 08   P.Åï............	
    00 00 00 00 09 00 00 00 04 93 02 b5 01 93 02 8f   .........ì.µ.ì.è	
    02 8f 02 8f 1e                                    .è.è.           	
[20/02/2026 12:25:48] Written data (COM4)	
    50 00 81 44 00 00 00 00 00 00 00 00 00 00 00 00   P.ÅD............	
    00 00 00 00 00 00 00 00 00 00 00 00 00 00 00 00   ................	
    00 00 00 00 15                                    .....           	
[20/02/2026 12:25:48] Read data (COM4)	
    50 00 81 44 08 00 00 00 01 14 1a 02 14 0c 13 20   P.ÅD........... 	
    c4 94 98 00 10 00 00 00 00 00 00 00 00 00 00 00   ƒîò.............	
    00 00 00 00 a1                                    ....°           	
[20/02/2026 12:25:49] Written data (COM4)	
    50 00 81 64 00 00 00 00 00 00 00 00 00 00 00 00   P.Åd............	
    00 00 00 00 00 00 00 00 00 00 00 00 00 00 00 00   ................	
    00 00 00 00 35                                    ....5           	
[20/02/2026 12:25:49] Read data (COM4)	
    50 00 81 64 00 00 80 00 00 00 00 00 00 00 00 00   P.Åd..Ä.........	
    00 00 00 00 00 00 00 00 00 00 00 00 00 00 00 00   ................	
    00 00 00 00 b5                                    ....µ           	
[20/02/2026 12:25:49] Written data (COM4)	
    50 00 81 84 00 00 00 00 00 00 00 00 00 00 00 00   P.ÅÑ............	
    00 00 00 00 00 00 00 00 00 00 00 00 00 00 00 00   ................	
    00 00 00 00 55                                    ....U           	
[20/02/2026 12:25:49] Read data (COM4)	
    50 00 81 84 00 00 00 00 00 00 00 00 00 00 00 00   P.ÅÑ............	
    00 00 00 00 00 00 09 00 00 00 00 09 00 00 00 00   ................	
    08 00 00 00 6f                                    ....o           	
[20/02/2026 12:25:49] Written data (COM4)	
    50 00 81 95 00 00 00 00 00 00 00 00 00 00 00 00   P.Åï............	
    00 00 00 00 00 00 00 00 00 00 00 00 00 00 00 00   ................	
    00 00 00 00 66                                    ....f           	
[20/02/2026 12:25:49] Read data (COM4)	
    50 00 81 95 00 09 00 00 00 00 09 00 00 00 00 08   P.Åï............	
    00 00 00 00 09 00 00 00 04 93 02 b5 01 93 02 8f   .........ì.µ.ì.è	
    02 8f 02 8f 1e                                    .è.è.           	
[20/02/2026 12:25:49] Written data (COM4)	
    50 00 81 44 00 00 00 00 00 00 00 00 00 00 00 00   P.ÅD............	
    00 00 00 00 00 00 00 00 00 00 00 00 00 00 00 00   ................	
    00 00 00 00 15                                    .....           	
[20/02/2026 12:25:49] Read data (COM4)	
    50 00 81 44 08 00 00 00 01 14 1a 02 14 0c 13 20   P.ÅD........... 	
    c4 94 97 00 00 00 00 00 00 00 00 00 00 00 00 00   ƒîó.............	
    00 00 00 00 90                                    ....ê           	
[20/02/2026 12:25:49] Written data (COM4)	
    50 00 81 64 00 00 00 00 00 00 00 00 00 00 00 00   P.Åd............	
    00 00 00 00 00 00 00 00 00 00 00 00 00 00 00 00   ................	
    00 00 00 00 35                                    ....5           	
[20/02/2026 12:25:49] Read data (COM4)	
    50 00 81 64 00 00 80 00 00 00 00 00 00 00 00 00   P.Åd..Ä.........	
    00 00 00 00 00 00 00 00 00 00 00 00 00 00 00 00   ................	
    00 00 00 00 b5                                    ....µ           	
[20/02/2026 12:25:50] Written data (COM4)	
    50 00 81 84 00 00 00 00 00 00 00 00 00 00 00 00   P.ÅÑ............	
    00 00 00 00 00 00 00 00 00 00 00 00 00 00 00 00   ................	
    00 00 00 00 55                                    ....U           	
[20/02/2026 12:25:50] Read data (COM4)	
    50 00 81 84 00 00 00 00 00 00 00 00 00 00 00 00   P.ÅÑ............	
    00 00 00 00 00 00 09 00 00 00 00 09 00 00 00 00   ................	
    08 00 00 00 6f                                    ....o           	
[20/02/2026 12:25:50] Written data (COM4)	
    50 00 81 95 00 00 00 00 00 00 00 00 00 00 00 00   P.Åï............	
    00 00 00 00 00 00 00 00 00 00 00 00 00 00 00 00   ................	
    00 00 00 00 66                                    ....f           	
[20/02/2026 12:25:50] Read data (COM4)	
    50 00 81 95 00 09 00 00 00 00 09 00 00 00 00 08   P.Åï............	
    00 00 00 00 09 00 00 00 04 93 02 b5 01 93 02 8f   .........ì.µ.ì.è	
    02 8f 02 8f 1e                                    .è.è.           	
[20/02/2026 12:25:50] Written data (COM4)	
    50 00 81 44 00 00 00 00 00 00 00 00 00 00 00 00   P.ÅD............	
    00 00 00 00 00 00 00 00 00 00 00 00 00 00 00 00   ................	
    00 00 00 00 15                                    .....           	
[20/02/2026 12:25:50] Read data (COM4)	
    50 00 81 44 08 00 00 00 01 14 1a 02 14 0c 13 21   P.ÅD...........!	
    c4 94 98 00 02 00 00 00 00 00 00 00 00 00 00 00   ƒîò.............	
    00 00 00 00 94                                    ....î           	
[20/02/2026 12:25:50] Written data (COM4)	
    50 00 81 64 00 00 00 00 00 00 00 00 00 00 00 00   P.Åd............	
    00 00 00 00 00 00 00 00 00 00 00 00 00 00 00 00   ................	
    00 00 00 00 35                                    ....5           	
[20/02/2026 12:25:50] Read data (COM4)	
    50 00 81 64 00 00 80 00 00 00 00 00 00 00 00 00   P.Åd..Ä.........	
    00 00 00 00 00 00 00 00 00 00 00 00 00 00 00 00   ................	
    00 00 00 00 b5                                    ....µ           	
[20/02/2026 12:25:50] Written data (COM4)	
    50 00 81 84 00 00 00 00 00 00 00 00 00 00 00 00   P.ÅÑ............	
    00 00 00 00 00 00 00 00 00 00 00 00 00 00 00 00   ................	
    00 00 00 00 55                                    ....U           	
[20/02/2026 12:25:50] Read data (COM4)	
    50 00 81 84 00 00 00 00 00 00 00 00 00 00 00 00   P.ÅÑ............	
    00 00 00 00 00 00 09 00 00 00 00 09 00 00 00 00   ................	
    08 00 00 00 6f                                    ....o           	
[20/02/2026 12:25:51] Written data (COM4)	
    50 00 81 95 00 00 00 00 00 00 00 00 00 00 00 00   P.Åï............	
    00 00 00 00 00 00 00 00 00 00 00 00 00 00 00 00   ................	
    00 00 00 00 66                                    ....f           	
[20/02/2026 12:25:51] Read data (COM4)	
    50 00 81 95 00 09 00 00 00 00 09 00 00 00 00 08   P.Åï............	
    00 00 00 00 09 00 00 00 04 93 02 b5 01 93 02 8f   .........ì.µ.ì.è	
    02 8f 02 8f 1e                                    .è.è.           	
[20/02/2026 12:25:51] Written data (COM4)	
    50 00 81 44 00 00 00 00 00 00 00 00 00 00 00 00   P.ÅD............	
    00 00 00 00 00 00 00 00 00 00 00 00 00 00 00 00   ................	
    00 00 00 00 15                                    .....           	
[20/02/2026 12:25:51] Read data (COM4)	
    50 00 81 44 08 00 00 00 01 14 1a 02 14 0c 13 22   P.ÅD..........."	
    c4 94 98 00 02 00 00 00 00 00 00 00 00 00 00 00   ƒîò.............	
    00 00 00 00 95                                    ....ï           	
[20/02/2026 12:25:51] Written data (COM4)	
    50 00 81 64 00 00 00 00 00 00 00 00 00 00 00 00   P.Åd............	
    00 00 00 00 00 00 00 00 00 00 00 00 00 00 00 00   ................	
    00 00 00 00 35                                    ....5           	
[20/02/2026 12:25:51] Read data (COM4)	
    50 00 81 64 00 00 80 00 00 00 00 00 00 00 00 00   P.Åd..Ä.........	
    00 00 00 00 00 00 00 00 00 00 00 00 00 00 00 00   ................	
    00 00 00 00 b5                                    ....µ           	
[20/02/2026 12:25:51] Written data (COM4)	
    50 00 81 84 00 00 00 00 00 00 00 00 00 00 00 00   P.ÅÑ............	
    00 00 00 00 00 00 00 00 00 00 00 00 00 00 00 00   ................	
    00 00 00 00 55                                    ....U           	
[20/02/2026 12:25:51] Read data (COM4)	
    50 00 81 84 00 00 00 00 00 00 00 00 00 00 00 00   P.ÅÑ............	
    00 00 00 00 00 00 09 00 00 00 00 09 00 00 00 00   ................	
    08 00 00 00 6f                                    ....o           	
[20/02/2026 12:25:51] Written data (COM4)	
    50 00 81 95 00 00 00 00 00 00 00 00 00 00 00 00   P.Åï............	
    00 00 00 00 00 00 00 00 00 00 00 00 00 00 00 00   ................	
    00 00 00 00 66                                    ....f           	
[20/02/2026 12:25:51] Read data (COM4)	
    50 00 81 95 00 09 00 00 00 00 09 00 00 00 00 08   P.Åï............	
    00 00 00 00 09 00 00 00 04 93 02 b5 01 93 02 8f   .........ì.µ.ì.è	
    02 8f 02 8f 1e                                    .è.è.           	
[20/02/2026 12:25:52] Written data (COM4)	
    50 00 81 44 00 00 00 00 00 00 00 00 00 00 00 00   P.ÅD............	
    00 00 00 00 00 00 00 00 00 00 00 00 00 00 00 00   ................	
    00 00 00 00 15                                    .....           	
[20/02/2026 12:25:52] Read data (COM4)	
    50 00 81 44 08 00 00 00 01 14 1a 02 14 0c 13 23   P.ÅD...........#	
    c4 94 99 00 02 00 00 00 00 00 00 00 00 00 00 00   ƒîô.............	
    00 00 00 00 97                                    ....ó           	
[20/02/2026 12:25:52] Written data (COM4)	
    50 00 81 64 00 00 00 00 00 00 00 00 00 00 00 00   P.Åd............	
    00 00 00 00 00 00 00 00 00 00 00 00 00 00 00 00   ................	
    00 00 00 00 35                                    ....5           	
[20/02/2026 12:25:52] Read data (COM4)	
    50 00 81 64 00 00 80 00 00 00 00 00 00 00 00 00   P.Åd..Ä.........	
    00 00 00 00 00 00 00 00 00 00 00 00 00 00 00 00   ................	
    00 00 00 00 b5                                    ....µ           	
[20/02/2026 12:25:52] Written data (COM4)	
    50 00 81 84 00 00 00 00 00 00 00 00 00 00 00 00   P.ÅÑ............	
    00 00 00 00 00 00 00 00 00 00 00 00 00 00 00 00   ................	
    00 00 00 00 55                                    ....U           	
[20/02/2026 12:25:52] Read data (COM4)	
    50 00 81 84 00 00 00 00 00 00 00 00 00 00 00 00   P.ÅÑ............	
    00 00 00 00 00 00 09 00 00 00 00 09 00 00 00 00   ................	
    08 00 00 00 6f                                    ....o           	
[20/02/2026 12:25:52] Written data (COM4)	
    50 00 81 95 00 00 00 00 00 00 00 00 00 00 00 00   P.Åï............	
    00 00 00 00 00 00 00 00 00 00 00 00 00 00 00 00   ................	
    00 00 00 00 66                                    ....f           	
[20/02/2026 12:25:52] Read data (COM4)	
    50 00 81 95 00 09 00 00 00 00 09 00 00 00 00 08   P.Åï............	
    00 00 00 00 09 00 00 00 04 93 02 b5 01 93 02 8f   .........ì.µ.ì.è	
    02 8f 02 8f 1e                                    .è.è.           	
[20/02/2026 12:25:53] Written data (COM4)	
    50 00 81 44 00 00 00 00 00 00 00 00 00 00 00 00   P.ÅD............	
    00 00 00 00 00 00 00 00 00 00 00 00 00 00 00 00   ................	
    00 00 00 00 15                                    .....           	
[20/02/2026 12:25:53] Read data (COM4)	
    50 00 81 44 08 00 00 00 01 14 1a 02 14 0c 13 24   P.ÅD...........$	
    c4 94 98 00 02 00 00 00 00 00 00 00 00 00 00 00   ƒîò.............	
    00 00 00 00 97                                    ....ó           	
[20/02/2026 12:25:53] Written data (COM4)	
    50 00 81 64 00 00 00 00 00 00 00 00 00 00 00 00   P.Åd............	
    00 00 00 00 00 00 00 00 00 00 00 00 00 00 00 00   ................	
    00 00 00 00 35                                    ....5           	
[20/02/2026 12:25:53] Read data (COM4)	
    50 00 81 64 00 00 80 00 00 00 00 00 00 00 00 00   P.Åd..Ä.........	
    00 00 00 00 00 00 00 00 00 00 00 00 00 00 00 00   ................	
    00 00 00 00 b5                                    ....µ           	
[20/02/2026 12:25:53] Written data (COM4)	
    50 00 81 84 00 00 00 00 00 00 00 00 00 00 00 00   P.ÅÑ............	
    00 00 00 00 00 00 00 00 00 00 00 00 00 00 00 00   ................	
    00 00 00 00 55                                    ....U           	
[20/02/2026 12:25:53] Read data (COM4)	
    50 00 81 84 00 00 00 00 00 00 00 00 00 00 00 00   P.ÅÑ............	
    00 00 00 00 00 00 09 00 00 00 00 09 00 00 00 00   ................	
    08 00 00 00 6f                                    ....o           	
[20/02/2026 12:25:53] Written data (COM4)	
    50 00 81 95 00 00 00 00 00 00 00 00 00 00 00 00   P.Åï............	
    00 00 00 00 00 00 00 00 00 00 00 00 00 00 00 00   ................	
    00 00 00 00 66                                    ....f           	
[20/02/2026 12:25:53] Read data (COM4)	
    50 00 81 95 00 09 00 00 00 00 09 00 00 00 00 08   P.Åï............	
    00 00 00 00 09 00 00 00 04 93 02 b5 01 93 02 8f   .........ì.µ.ì.è	
    02 8f 02 8f 1e                                    .è.è.           	
[20/02/2026 12:25:53] Written data (COM4)	
    50 00 81 44 00 00 00 00 00 00 00 00 00 00 00 00   P.ÅD............	
    00 00 00 00 00 00 00 00 00 00 00 00 00 00 00 00   ................	
    00 00 00 00 15                                    .....           	
[20/02/2026 12:25:53] Read data (COM4)	
    50 00 81 44 08 00 00 00 01 14 1a 02 14 0c 13 25   P.ÅD...........%	
    c4 94 98 00 02 00 00 00 00 00 00 00 00 00 00 00   ƒîò.............	
    00 00 00 00 98                                    ....ò           	
[20/02/2026 12:25:54] Written data (COM4)	
    50 00 81 64 00 00 00 00 00 00 00 00 00 00 00 00   P.Åd............	
    00 00 00 00 00 00 00 00 00 00 00 00 00 00 00 00   ................	
    00 00 00 00 35                                    ....5           	
[20/02/2026 12:25:54] Read data (COM4)	
    50 00 81 64 00 00 80 00 00 00 00 00 00 00 00 00   P.Åd..Ä.........	
    00 00 00 00 00 00 00 00 00 00 00 00 00 00 00 00   ................	
    00 00 00 00 b5                                    ....µ           	
[20/02/2026 12:25:54] Written data (COM4)	
    50 00 81 84 00 00 00 00 00 00 00 00 00 00 00 00   P.ÅÑ............	
    00 00 00 00 00 00 00 00 00 00 00 00 00 00 00 00   ................	
    00 00 00 00 55                                    ....U           	
[20/02/2026 12:25:54] Read data (COM4)	
    50 00 81 84 00 00 00 00 00 00 00 00 00 00 00 00   P.ÅÑ............	
    00 00 00 00 00 00 09 00 00 00 00 09 00 00 00 00   ................	
    08 00 00 00 6f                                    ....o           	
[20/02/2026 12:25:54] Written data (COM4)	
    50 00 81 95 00 00 00 00 00 00 00 00 00 00 00 00   P.Åï............	
    00 00 00 00 00 00 00 00 00 00 00 00 00 00 00 00   ................	
    00 00 00 00 66                                    ....f           	
[20/02/2026 12:25:54] Read data (COM4)	
    50 00 81 95 00 09 00 00 00 00 09 00 00 00 00 08   P.Åï............	
    00 00 00 00 09 00 00 00 04 93 02 b5 01 93 02 8f   .........ì.µ.ì.è	
    02 8f 02 8f 1e                                    .è.è.           	
[20/02/2026 12:25:54] Written data (COM4)	
    50 00 81 44 00 00 00 00 00 00 00 00 00 00 00 00   P.ÅD............	
    00 00 00 00 00 00 00 00 00 00 00 00 00 00 00 00   ................	
    00 00 00 00 15                                    .....           	
[20/02/2026 12:25:54] Read data (COM4)	
    50 00 81 44 08 00 00 00 01 14 1a 02 14 0c 13 25   P.ÅD...........%	
    c4 94 98 00 02 00 00 00 00 00 00 00 00 00 00 00   ƒîò.............	
    00 00 00 00 98                                    ....ò           	
[20/02/2026 12:25:54] Written data (COM4)	
    50 00 81 64 00 00 00 00 00 00 00 00 00 00 00 00   P.Åd............	
    00 00 00 00 00 00 00 00 00 00 00 00 00 00 00 00   ................	
    00 00 00 00 35                                    ....5           	
[20/02/2026 12:25:54] Read data (COM4)	
    50 00 81 64 00 00 80 00 00 00 00 00 00 00 00 00   P.Åd..Ä.........	
    00 00 00 00 00 00 00 00 00 00 00 00 00 00 00 00   ................	
    00 00 00 00 b5                                    ....µ           	
[20/02/2026 12:25:55] Written data (COM4)	
    50 00 81 84 00 00 00 00 00 00 00 00 00 00 00 00   P.ÅÑ............	
    00 00 00 00 00 00 00 00 00 00 00 00 00 00 00 00   ................	
    00 00 00 00 55                                    ....U           	
[20/02/2026 12:25:55] Read data (COM4)	
    50 00 81 84 00 00 00 00 00 00 00 00 00 00 00 00   P.ÅÑ............	
    00 00 00 00 00 00 09 00 00 00 00 09 00 00 00 00   ................	
    08 00 00 00 6f                                    ....o           	
[20/02/2026 12:25:55] Written data (COM4)	
    50 00 81 95 00 00 00 00 00 00 00 00 00 00 00 00   P.Åï............	
    00 00 00 00 00 00 00 00 00 00 00 00 00 00 00 00   ................	
    00 00 00 00 66                                    ....f           	
[20/02/2026 12:25:55] Read data (COM4)	
    50 00 81 95 00 09 00 00 00 00 09 00 00 00 00 08   P.Åï............	
    00 00 00 00 09 00 00 00 04 93 02 b5 01 93 02 8f   .........ì.µ.ì.è	
    02 8f 02 8f 1e                                    .è.è.           	
[20/02/2026 12:25:55] Written data (COM4)	
    50 00 81 44 00 00 00 00 00 00 00 00 00 00 00 00   P.ÅD............	
    00 00 00 00 00 00 00 00 00 00 00 00 00 00 00 00   ................	
    00 00 00 00 15                                    .....           	
[20/02/2026 12:25:55] Read data (COM4)	
    50 00 81 44 08 00 00 00 01 14 1a 02 14 0c 13 26   P.ÅD...........&	
    c4 94 98 00 00 00 00 00 00 00 00 00 00 00 00 00   ƒîò.............	
    00 00 00 00 97                                    ....ó           	
[20/02/2026 12:25:55] Written data (COM4)	
    50 00 81 64 00 00 00 00 00 00 00 00 00 00 00 00   P.Åd............	
    00 00 00 00 00 00 00 00 00 00 00 00 00 00 00 00   ................	
    00 00 00 00 35                                    ....5           	
[20/02/2026 12:25:55] Read data (COM4)	
    50 00 81 64 00 00 80 00 00 00 00 00 00 00 00 00   P.Åd..Ä.........	
    00 00 00 00 00 00 00 00 00 00 00 00 00 00 00 00   ................	
    00 00 00 00 b5                                    ....µ           	
[20/02/2026 12:25:56] Written data (COM4)	
    50 00 81 84 00 00 00 00 00 00 00 00 00 00 00 00   P.ÅÑ............	
    00 00 00 00 00 00 00 00 00 00 00 00 00 00 00 00   ................	
    00 00 00 00 55                                    ....U           	
[20/02/2026 12:25:56] Read data (COM4)	
    50 00 81 84 00 00 00 00 00 00 00 00 00 00 00 00   P.ÅÑ............	
    00 00 00 00 00 00 09 00 00 00 00 09 00 00 00 00   ................	
    09 00 00 00 70                                    ....p           	
[20/02/2026 12:25:56] Written data (COM4)	
    50 00 81 95 00 00 00 00 00 00 00 00 00 00 00 00   P.Åï............	
    00 00 00 00 00 00 00 00 00 00 00 00 00 00 00 00   ................	
    00 00 00 00 66                                    ....f           	
[20/02/2026 12:25:56] Read data (COM4)	
    50 00 81 95 00 09 00 00 00 00 09 00 00 00 00 09   P.Åï............	
    00 00 00 00 09 00 00 00 04 93 02 b5 01 93 02 8f   .........ì.µ.ì.è	
    02 8f 02 8f 1f                                    .è.è.           	
[20/02/2026 12:25:56] Written data (COM4)	
    50 00 81 44 00 00 00 00 00 00 00 00 00 00 00 00   P.ÅD............	
    00 00 00 00 00 00 00 00 00 00 00 00 00 00 00 00   ................	
    00 00 00 00 15                                    .....           	
[20/02/2026 12:25:56] Read data (COM4)	
    50 00 81 44 08 00 00 00 01 14 1a 02 14 0c 13 27   P.ÅD...........'	
    c4 94 99 00 00 00 00 00 00 00 00 00 00 00 00 00   ƒîô.............	
    00 00 00 00 99                                    ....ô           	
[20/02/2026 12:25:56] Written data (COM4)	
    50 00 81 64 00 00 00 00 00 00 00 00 00 00 00 00   P.Åd............	
    00 00 00 00 00 00 00 00 00 00 00 00 00 00 00 00   ................	
    00 00 00 00 35                                    ....5           	
[20/02/2026 12:25:56] Read data (COM4)	
    50 00 81 64 00 00 80 00 00 00 00 00 00 00 00 00   P.Åd..Ä.........	
    00 00 00 00 00 00 00 00 00 00 00 00 00 00 00 00   ................	
    00 00 00 00 b5                                    ....µ           	
[20/02/2026 12:25:56] Written data (COM4)	
    50 00 81 84 00 00 00 00 00 00 00 00 00 00 00 00   P.ÅÑ............	
    00 00 00 00 00 00 00 00 00 00 00 00 00 00 00 00   ................	
    00 00 00 00 55                                    ....U           	
[20/02/2026 12:25:56] Read data (COM4)	
    50 00 81 84 00 00 00 00 00 00 00 00 00 00 00 00   P.ÅÑ............	
    00 00 00 00 00 00 09 00 00 00 00 09 00 00 00 00   ................	
    09 00 00 00 70                                    ....p           	
[20/02/2026 12:25:57] Written data (COM4)	
    50 00 81 95 00 00 00 00 00 00 00 00 00 00 00 00   P.Åï............	
    00 00 00 00 00 00 00 00 00 00 00 00 00 00 00 00   ................	
    00 00 00 00 66                                    ....f           	
[20/02/2026 12:25:57] Read data (COM4)	
    50 00 81 95 00 09 00 00 00 00 09 00 00 00 00 09   P.Åï............	
    00 00 00 00 09 00 00 00 04 93 02 b5 01 93 02 8f   .........ì.µ.ì.è	
    02 8f 02 8f 1f                                    .è.è.           	
[20/02/2026 12:25:57] Written data (COM4)	
    50 00 81 44 00 00 00 00 00 00 00 00 00 00 00 00   P.ÅD............	
    00 00 00 00 00 00 00 00 00 00 00 00 00 00 00 00   ................	
    00 00 00 00 15                                    .....           	
