[20/02/2026 12:19:25] Written data (COM4)	
    50 00 81 95 00 00 00 00 00 00 00 00 00 00 00 00   P.Åï............	
    00 00 00 00 00 00 00 00 00 00 00 00 00 00 00 00   ................	
    00 00 00 00 66                                    ....f           	
[20/02/2026 12:19:25] Read data (COM4)	
    50 00 81 95 00 09 00 00 00 00 09 00 00 00 00 09   P.Åï............	
    00 00 00 00 09 00 00 00 04 8a 02 b5 01 8a 02 89   .........ä.µ.ä.â	
    02 89 02 89 fb                                    .â.â˚           	
[20/02/2026 12:19:26] Written data (COM4)	
    50 00 81 44 00 00 00 00 00 00 00 00 00 00 00 00   P.ÅD............	
    00 00 00 00 00 00 00 00 00 00 00 00 00 00 00 00   ................	
    00 00 00 00 15                                    .....           	
[20/02/2026 12:19:26] Read data (COM4)	
    50 00 81 44 08 00 00 00 01 14 1a 02 14 0c 0d 09   P.ÅD............	
    c4 94 98 00 00 00 00 00 00 00 00 00 00 00 00 00   ƒîò.............	
    00 00 00 00 74                                    ....t           	
[20/02/2026 12:19:26] Written data (COM4)	
    50 00 81 64 00 00 00 00 00 00 00 00 00 00 00 00   P.Åd............	
    00 00 00 00 00 00 00 00 00 00 00 00 00 00 00 00   ................	
    00 00 00 00 35                                    ....5           	
[20/02/2026 12:19:26] Read data (COM4)	
    50 00 81 64 00 00 80 00 00 00 00 00 00 00 00 00   P.Åd..Ä.........	
    00 00 00 00 00 00 00 00 00 00 00 00 00 00 00 00   ................	
    00 00 00 00 b5                                    ....µ           	
[20/02/2026 12:19:26] Written data (COM4)	
    50 00 81 84 00 00 00 00 00 00 00 00 00 00 00 00   P.ÅÑ............	
    00 00 00 00 00 00 00 00 00 00 00 00 00 00 00 00   ................	
    00 00 00 00 55                                    ....U           	
[20/02/2026 12:19:26] Read data (COM4)	
    50 00 81 84 00 00 00 00 00 00 00 00 00 00 00 00   P.ÅÑ............	
    00 00 00 00 00 00 09 00 00 00 00 09 00 00 00 00   ................	
    09 00 00 00 70                                    ....p           	
[20/02/2026 12:19:26] Written data (COM4)	
    50 00 81 95 00 00 00 00 00 00 00 00 00 00 00 00   P.Åï............	
    00 00 00 00 00 00 00 00 00 00 00 00 00 00 00 00   ................	
    00 00 00 00 66                                    ....f           	
[20/02/2026 12:19:26] Read data (COM4)	
    50 00 81 95 00 09 00 00 00 00 09 00 00 00 00 09   P.Åï............	
    00 00 00 00 09 00 00 00 04 8a 02 b5 01 8a 02 89   .........ä.µ.ä.â	
    02 89 02 89 fb                                    .â.â˚           	
[20/02/2026 12:19:26] Written data (COM4)	
    50 00 81 44 00 00 00 00 00 00 00 00 00 00 00 00   P.ÅD............	
    00 00 00 00 00 00 00 00 00 00 00 00 00 00 00 00   ................	
    00 00 00 00 15                                    .....           	
[20/02/2026 12:19:26] Read data (COM4)	
    50 00 81 44 08 00 00 00 01 14 1a 02 14 0c 0d 0a   P.ÅD............	
    c4 94 98 00 00 00 00 00 00 00 00 00 00 00 00 00   ƒîò.............	
    00 00 00 00 75                                    ....u           	
[20/02/2026 12:19:27] Written data (COM4)	
    50 00 81 64 00 00 00 00 00 00 00 00 00 00 00 00   P.Åd............	
    00 00 00 00 00 00 00 00 00 00 00 00 00 00 00 00   ................	
    00 00 00 00 35                                    ....5           	
[20/02/2026 12:19:27] Read data (COM4)	
    50 00 81 64 00 00 80 00 00 00 00 00 00 00 00 00   P.Åd..Ä.........	
    00 00 00 00 00 00 00 00 00 00 00 00 00 00 00 00   ................	
    00 00 00 00 b5                                    ....µ           	
[20/02/2026 12:19:27] Written data (COM4)	
    50 00 81 84 00 00 00 00 00 00 00 00 00 00 00 00   P.ÅÑ............	
    00 00 00 00 00 00 00 00 00 00 00 00 00 00 00 00   ................	
    00 00 00 00 55                                    ....U           	
[20/02/2026 12:19:27] Read data (COM4)	
    50 00 81 84 00 00 00 00 00 00 00 00 00 00 00 00   P.ÅÑ............	
    00 00 00 00 00 00 09 00 00 00 00 09 00 00 00 00   ................	
    09 00 00 00 70                                    ....p           	
[20/02/2026 12:19:27] Written data (COM4)	
    50 00 81 95 00 00 00 00 00 00 00 00 00 00 00 00   P.Åï............	
    00 00 00 00 00 00 00 00 00 00 00 00 00 00 00 00   ................	
    00 00 00 00 66                                    ....f           	
[20/02/2026 12:19:27] Read data (COM4)	
    50 00 81 95 00 09 00 00 00 00 09 00 00 00 00 09   P.Åï............	
    00 00 00 00 09 00 00 00 04 8a 02 b5 01 8a 02 89   .........ä.µ.ä.â	
    02 89 02 89 fb                                    .â.â˚           	
[20/02/2026 12:19:27] Written data (COM4)	
    50 00 81 44 00 00 00 00 00 00 00 00 00 00 00 00   P.ÅD............	
    00 00 00 00 00 00 00 00 00 00 00 00 00 00 00 00   ................	
    00 00 00 00 15                                    .....           	
[20/02/2026 12:19:27] Read data (COM4)	
    50 00 81 44 08 00 00 00 01 14 1a 02 14 0c 0d 0a   P.ÅD............	
    c4 94 98 00 00 00 00 00 00 00 00 00 00 00 00 00   ƒîò.............	
    00 00 00 00 75                                    ....u           	
[20/02/2026 12:19:27] Written data (COM4)	
    50 00 81 64 00 00 00 00 00 00 00 00 00 00 00 00   P.Åd............	
    00 00 00 00 00 00 00 00 00 00 00 00 00 00 00 00   ................	
    00 00 00 00 35                                    ....5           	
[20/02/2026 12:19:27] Read data (COM4)	
    50 00 81 64 00 00 80 00 00 00 00 00 00 00 00 00   P.Åd..Ä.........	
    00 00 00 00 00 00 00 00 00 00 00 00 00 00 00 00   ................	
    00 00 00 00 b5                                    ....µ           	
[20/02/2026 12:19:28] Written data (COM4)	
    50 00 81 84 00 00 00 00 00 00 00 00 00 00 00 00   P.ÅÑ............	
    00 00 00 00 00 00 00 00 00 00 00 00 00 00 00 00   ................	
    00 00 00 00 55                                    ....U           	
[20/02/2026 12:19:28] Read data (COM4)	
    50 00 81 84 00 00 00 00 00 00 00 00 00 00 00 00   P.ÅÑ............	
    00 00 00 00 00 00 09 00 00 00 00 09 00 00 00 00   ................	
    09 00 00 00 70                                    ....p           	
[20/02/2026 12:19:28] Written data (COM4)	
    50 00 81 95 00 00 00 00 00 00 00 00 00 00 00 00   P.Åï............	
    00 00 00 00 00 00 00 00 00 00 00 00 00 00 00 00   ................	
    00 00 00 00 66                                    ....f           	
[20/02/2026 12:19:28] Read data (COM4)	
    50 00 81 95 00 09 00 00 00 00 09 00 00 00 00 09   P.Åï............	
    00 00 00 00 09 00 00 00 04 8a 02 b5 01 8a 02 89   .........ä.µ.ä.â	
    02 89 02 89 fb                                    .â.â˚           	
[20/02/2026 12:19:28] Written data (COM4)	
    50 00 81 44 00 00 00 00 00 00 00 00 00 00 00 00   P.ÅD............	
    00 00 00 00 00 00 00 00 00 00 00 00 00 00 00 00   ................	
    00 00 00 00 15                                    .....           	
[20/02/2026 12:19:28] Read data (COM4)	
    50 00 81 44 08 00 00 00 01 14 1a 02 14 0c 0d 0b   P.ÅD............	
    c4 94 98 00 00 00 00 00 00 00 00 00 00 00 00 00   ƒîò.............	
    00 00 00 00 76                                    ....v           	
[20/02/2026 12:19:28] Written data (COM4)	
    50 00 81 64 00 00 00 00 00 00 00 00 00 00 00 00   P.Åd............	
    00 00 00 00 00 00 00 00 00 00 00 00 00 00 00 00   ................	
    00 00 00 00 35                                    ....5           	
[20/02/2026 12:19:28] Read data (COM4)	
    50 00 81 64 00 00 80 00 00 00 00 00 00 00 00 00   P.Åd..Ä.........	
    00 00 00 00 00 00 00 00 00 00 00 00 00 00 00 00   ................	
    00 00 00 00 b5                                    ....µ           	
[20/02/2026 12:19:28] Written data (COM4)	
    50 00 81 84 00 00 00 00 00 00 00 00 00 00 00 00   P.ÅÑ............	
    00 00 00 00 00 00 00 00 00 00 00 00 00 00 00 00   ................	
    00 00 00 00 55                                    ....U           	
[20/02/2026 12:19:28] Read data (COM4)	
    50 00 81 84 00 00 00 00 00 00 00 00 00 00 00 00   P.ÅÑ............	
    00 00 00 00 00 00 09 00 00 00 00 09 00 00 00 00   ................	
    09 00 00 00 70                                    ....p           	
[20/02/2026 12:19:29] Written data (COM4)	
    50 00 81 95 00 00 00 00 00 00 00 00 00 00 00 00   P.Åï............	
    00 00 00 00 00 00 00 00 00 00 00 00 00 00 00 00   ................	
    00 00 00 00 66                                    ....f           	
[20/02/2026 12:19:29] Read data (COM4)	
    50 00 81 95 00 09 00 00 00 00 09 00 00 00 00 09   P.Åï............	
    00 00 00 00 09 00 00 00 04 8a 02 b5 01 8a 02 89   .........ä.µ.ä.â	
    02 89 02 89 fb                                    .â.â˚           	
[20/02/2026 12:19:29] Written data (COM4)	
    50 00 81 44 00 00 00 00 00 00 00 00 00 00 00 00   P.ÅD............	
    00 00 00 00 00 00 00 00 00 00 00 00 00 00 00 00   ................	
    00 00 00 00 15                                    .....           	
[20/02/2026 12:19:29] Read data (COM4)	
    50 00 81 44 08 00 00 00 01 14 1a 02 14 0c 0d 0c   P.ÅD............	
    c4 94 98 00 00 00 00 00 00 00 00 00 00 00 00 00   ƒîò.............	
    00 00 00 00 77                                    ....w           	
[20/02/2026 12:19:29] Written data (COM4)	
    50 00 81 64 00 00 00 00 00 00 00 00 00 00 00 00   P.Åd............	
    00 00 00 00 00 00 00 00 00 00 00 00 00 00 00 00   ................	
    00 00 00 00 35                                    ....5           	
[20/02/2026 12:19:29] Read data (COM4)	
    50 00 81 64 00 00 80 00 00 00 00 00 00 00 00 00   P.Åd..Ä.........	
    00 00 00 00 00 00 00 00 00 00 00 00 00 00 00 00   ................	
    00 00 00 00 b5                                    ....µ           	
[20/02/2026 12:19:29] Written data (COM4)	
    50 00 81 84 00 00 00 00 00 00 00 00 00 00 00 00   P.ÅÑ............	
    00 00 00 00 00 00 00 00 00 00 00 00 00 00 00 00   ................	
    00 00 00 00 55                                    ....U           	
[20/02/2026 12:19:29] Read data (COM4)	
    50 00 81 84 00 00 00 00 00 00 00 00 00 00 00 00   P.ÅÑ............	
    00 00 00 00 00 00 09 00 00 00 00 09 00 00 00 00   ................	
    09 00 00 00 70                                    ....p           	
[20/02/2026 12:19:29] Written data (COM4)	
    50 00 81 95 00 00 00 00 00 00 00 00 00 00 00 00   P.Åï............	
    00 00 00 00 00 00 00 00 00 00 00 00 00 00 00 00   ................	
    00 00 00 00 66                                    ....f           	
[20/02/2026 12:19:29] Read data (COM4)	
    50 00 81 95 00 09 00 00 00 00 09 00 00 00 00 09   P.Åï............	
    00 00 00 00 09 00 00 00 04 8a 02 b5 01 8a 02 89   .........ä.µ.ä.â	
    02 89 02 89 fb                                    .â.â˚           	
[20/02/2026 12:19:30] Written data (COM4)	
    50 00 81 44 00 00 00 00 00 00 00 00 00 00 00 00   P.ÅD............	
    00 00 00 00 00 00 00 00 00 00 00 00 00 00 00 00   ................	
    00 00 00 00 15                                    .....           	
[20/02/2026 12:19:30] Read data (COM4)	
    50 00 81 44 08 00 00 00 01 14 1a 02 14 0c 0d 0d   P.ÅD............	
    c4 94 98 00 00 00 00 00 00 00 00 00 00 00 00 00   ƒîò.............	
    00 00 00 00 78                                    ....x           	
[20/02/2026 12:19:30] Written data (COM4)	
    50 00 81 64 00 00 00 00 00 00 00 00 00 00 00 00   P.Åd............	
    00 00 00 00 00 00 00 00 00 00 00 00 00 00 00 00   ................	
    00 00 00 00 35                                    ....5           	
[20/02/2026 12:19:30] Read data (COM4)	
    50 00 81 64 00 00 80 00 00 00 00 00 00 00 00 00   P.Åd..Ä.........	
    00 00 00 00 00 00 00 00 00 00 00 00 00 00 00 00   ................	
    00 00 00 00 b5                                    ....µ           	
[20/02/2026 12:19:30] Written data (COM4)	
    50 00 81 84 00 00 00 00 00 00 00 00 00 00 00 00   P.ÅÑ............	
    00 00 00 00 00 00 00 00 00 00 00 00 00 00 00 00   ................	
    00 00 00 00 55                                    ....U           	
[20/02/2026 12:19:30] Read data (COM4)	
    50 00 81 84 00 00 00 00 00 00 00 00 00 00 00 00   P.ÅÑ............	
    00 00 00 00 00 00 09 00 00 00 00 09 00 00 00 00   ................	
    09 00 00 00 70                                    ....p           	
[20/02/2026 12:19:30] Written data (COM4)	
    50 00 81 95 00 00 00 00 00 00 00 00 00 00 00 00   P.Åï............	
    00 00 00 00 00 00 00 00 00 00 00 00 00 00 00 00   ................	
    00 00 00 00 66                                    ....f           	
[20/02/2026 12:19:30] Read data (COM4)	
    50 00 81 95 00 09 00 00 00 00 09 00 00 00 00 09   P.Åï............	
    00 00 00 00 09 00 00 00 04 8a 02 b5 01 8a 02 89   .........ä.µ.ä.â	
    02 89 02 89 fb                                    .â.â˚           	
[20/02/2026 12:19:30] Written data (COM4)	
    50 00 81 44 00 00 00 00 00 00 00 00 00 00 00 00   P.ÅD............	
    00 00 00 00 00 00 00 00 00 00 00 00 00 00 00 00   ................	
    00 00 00 00 15                                    .....           	
[20/02/2026 12:19:31] Read data (COM4)	
    50 00 81 44 08 00 00 00 01 14 1a 02 14 0c 0d 0e   P.ÅD............	
    c4 94 97 00 00 00 00 00 00 00 00 00 00 00 00 00   ƒîó.............	
    00 00 00 00 78                                    ....x           	
[20/02/2026 12:19:31] Written data (COM4)	
    50 00 81 64 00 00 00 00 00 00 00 00 00 00 00 00   P.Åd............	
    00 00 00 00 00 00 00 00 00 00 00 00 00 00 00 00   ................	
    00 00 00 00 35                                    ....5           	
[20/02/2026 12:19:31] Read data (COM4)	
    50 00 81 64 00 00 80 00 00 00 00 00 00 00 00 00   P.Åd..Ä.........	
    00 00 00 00 00 00 00 00 00 00 00 00 00 00 00 00   ................	
    00 00 00 00 b5                                    ....µ           	
[20/02/2026 12:19:31] Written data (COM4)	
    50 00 81 84 00 00 00 00 00 00 00 00 00 00 00 00   P.ÅÑ............	
    00 00 00 00 00 00 00 00 00 00 00 00 00 00 00 00   ................	
    00 00 00 00 55                                    ....U           	
[20/02/2026 12:19:31] Read data (COM4)	
    50 00 81 84 00 00 00 00 00 00 00 00 00 00 00 00   P.ÅÑ............	
    00 00 00 00 00 00 09 00 00 00 00 09 00 00 00 00   ................	
    09 00 00 00 70                                    ....p           	
[20/02/2026 12:19:31] Written data (COM4)	
    50 00 81 95 00 00 00 00 00 00 00 00 00 00 00 00   P.Åï............	
    00 00 00 00 00 00 00 00 00 00 00 00 00 00 00 00   ................	
    00 00 00 00 66                                    ....f           	
[20/02/2026 12:19:31] Read data (COM4)	
    50 00 81 95 00 09 00 00 00 00 09 00 00 00 00 09   P.Åï............	
    00 00 00 00 09 00 00 00 04 8a 02 b5 01 8a 02 89   .........ä.µ.ä.â	
    02 89 02 89 fb                                    .â.â˚           	
[20/02/2026 12:19:31] Written data (COM4)	
    50 00 81 44 00 00 00 00 00 00 00 00 00 00 00 00   P.ÅD............	
    00 00 00 00 00 00 00 00 00 00 00 00 00 00 00 00   ................	
    00 00 00 00 15                                    .....           	
[20/02/2026 12:19:31] Read data (COM4)	
    50 00 81 44 08 00 00 00 01 14 1a 02 14 0c 0d 0f   P.ÅD............	
    c4 94 99 00 00 00 00 00 00 00 00 00 00 00 00 00   ƒîô.............	
    00 00 00 00 7b                                    ....{           	
[20/02/2026 12:19:31] Written data (COM4)	
    50 00 81 64 00 00 00 00 00 00 00 00 00 00 00 00   P.Åd............	
    00 00 00 00 00 00 00 00 00 00 00 00 00 00 00 00   ................	
    00 00 00 00 35                                    ....5           	
[20/02/2026 12:19:32] Read data (COM4)	
    50 00 81 64 00 00 80 00 00 00 00 00 00 00 00 00   P.Åd..Ä.........	
    00 00 00 00 00 00 00 00 00 00 00 00 00 00 00 00   ................	
    00 00 00 00 b5                                    ....µ           	
[20/02/2026 12:19:32] Written data (COM4)	
    50 00 81 84 00 00 00 00 00 00 00 00 00 00 00 00   P.ÅÑ............	
    00 00 00 00 00 00 00 00 00 00 00 00 00 00 00 00   ................	
    00 00 00 00 55                                    ....U           	
[20/02/2026 12:19:32] Read data (COM4)	
    50 00 81 84 00 00 00 00 00 00 00 00 00 00 00 00   P.ÅÑ............	
    00 00 00 00 00 00 09 00 00 00 00 09 00 00 00 00   ................	
    09 00 00 00 70                                    ....p           	
[20/02/2026 12:19:32] Written data (COM4)	
    50 00 81 95 00 00 00 00 00 00 00 00 00 00 00 00   P.Åï............	
    00 00 00 00 00 00 00 00 00 00 00 00 00 00 00 00   ................	
    00 00 00 00 66                                    ....f           	
[20/02/2026 12:19:32] Read data (COM4)	
    50 00 81 95 00 09 00 00 00 00 09 00 00 00 00 09   P.Åï............	
    00 00 00 00 09 00 00 00 04 8a 02 b5 01 8a 02 89   .........ä.µ.ä.â	
    02 89 02 89 fb                                    .â.â˚           	
[20/02/2026 12:19:32] Written data (COM4)	
    50 00 81 44 00 00 00 00 00 00 00 00 00 00 00 00   P.ÅD............	
    00 00 00 00 00 00 00 00 00 00 00 00 00 00 00 00   ................	
    00 00 00 00 15                                    .....           	
[20/02/2026 12:19:32] Read data (COM4)	
    50 00 81 44 08 00 00 00 01 14 1a 02 14 0c 0d 0f   P.ÅD............	
    c4 94 98 00 00 00 00 00 00 00 00 00 00 00 00 00   ƒîò.............	
    00 00 00 00 7a                                    ....z           	
[20/02/2026 12:19:32] Written data (COM4)	
    50 00 81 64 00 00 00 00 00 00 00 00 00 00 00 00   P.Åd............	
    00 00 00 00 00 00 00 00 00 00 00 00 00 00 00 00   ................	
    00 00 00 00 35                                    ....5           	
[20/02/2026 12:19:32] Read data (COM4)	
    50 00 81 64 00 00 80 00 00 00 00 00 00 00 00 00   P.Åd..Ä.........	
    00 00 00 00 00 00 00 00 00 00 00 00 00 00 00 00   ................	
    00 00 00 00 b5                                    ....µ           	
[20/02/2026 12:19:33] Written data (COM4)	
    50 00 81 84 00 00 00 00 00 00 00 00 00 00 00 00   P.ÅÑ............	
    00 00 00 00 00 00 00 00 00 00 00 00 00 00 00 00   ................	
    00 00 00 00 55                                    ....U           	
[20/02/2026 12:19:33] Read data (COM4)	
    50 00 81 84 00 00 00 00 00 00 00 00 00 00 00 00   P.ÅÑ............	
    00 00 00 00 00 00 09 00 00 00 00 09 00 00 00 00   ................	
    09 00 00 00 70                                    ....p           	
[20/02/2026 12:19:33] Written data (COM4)	
    50 00 81 95 00 00 00 00 00 00 00 00 00 00 00 00   P.Åï............	
    00 00 00 00 00 00 00 00 00 00 00 00 00 00 00 00   ................	
    00 00 00 00 66                                    ....f           	
[20/02/2026 12:19:33] Read data (COM4)	
    50 00 81 95 00 09 00 00 00 00 09 00 00 00 00 09   P.Åï............	
    00 00 00 00 09 00 00 00 04 8a 02 b5 01 8a 02 89   .........ä.µ.ä.â	
    02 89 02 89 fb                                    .â.â˚           	
[20/02/2026 12:19:33] Written data (COM4)	
    50 00 81 44 00 00 00 00 00 00 00 00 00 00 00 00   P.ÅD............	
    00 00 00 00 00 00 00 00 00 00 00 00 00 00 00 00   ................	
    00 00 00 00 15                                    .....           	
[20/02/2026 12:19:33] Read data (COM4)	
    50 00 81 44 08 00 00 00 01 14 1a 02 14 0c 0d 10   P.ÅD............	
    c4 94 98 00 00 00 00 00 00 00 00 00 00 00 00 00   ƒîò.............	
    00 00 00 00 7b                                    ....{           	
[20/02/2026 12:19:33] Written data (COM4)	
    50 00 81 64 00 00 00 00 00 00 00 00 00 00 00 00   P.Åd............	
    00 00 00 00 00 00 00 00 00 00 00 00 00 00 00 00   ................	
    00 00 00 00 35                                    ....5           	
[20/02/2026 12:19:33] Read data (COM4)	
    50 00 81 64 00 00 80 00 00 00 00 00 00 00 00 00   P.Åd..Ä.........	
    00 00 00 00 00 00 00 00 00 00 00 00 00 00 00 00   ................	
    00 00 00 00 b5                                    ....µ           	
[20/02/2026 12:19:33] Written data (COM4)	
    50 00 81 84 00 00 00 00 00 00 00 00 00 00 00 00   P.ÅÑ............	
    00 00 00 00 00 00 00 00 00 00 00 00 00 00 00 00   ................	
    00 00 00 00 55                                    ....U           	
[20/02/2026 12:19:33] Read data (COM4)	
    50 00 81 84 00 00 00 00 00 00 00 00 00 00 00 00   P.ÅÑ............	
    00 00 00 00 00 00 09 00 00 00 00 09 00 00 00 00   ................	
    09 00 00 00 70                                    ....p           	
[20/02/2026 12:19:33] Written data (COM4)	
    40 00 30 00 00 00 00 00 00 00 00 00 00 00 00 00   @.0.............	
    00 00 00 00 00 00 00 00 00 00 00 00 00 00 00 00   ................	
    00 00 00 00 70                                    ....p           	
[20/02/2026 12:19:33] Read data (COM4)	
    40 00 30 00 00 00 00 00 00 00 00 00 00 00 00 00   @.0.............	
    00 00 00 00 00 00 00 00 00 00 00 00 00 00 00 00   ................	
    00 00 00 00 70                                    ....p           	
[20/02/2026 12:19:34] Written data (COM4)	
    50 00 81 95 00 00 00 00 00 00 00 00 00 00 00 00   P.Åï............	
    00 00 00 00 00 00 00 00 00 00 00 00 00 00 00 00   ................	
    00 00 00 00 66                                    ....f           	
[20/02/2026 12:19:34] Read data (COM4)	
    50 00 81 95 04 0b 04 00 00 00 09 00 00 00 00 09   P.Åï............	
    00 00 00 00 09 00 00 00 04 8a 02 b5 01 8a 02 89   .........ä.µ.ä.â	
    02 89 02 89 05                                    .â.â.           	
[20/02/2026 12:19:34] Written data (COM4)	
    50 00 81 44 00 00 00 00 00 00 00 00 00 00 00 00   P.ÅD............	
    00 00 00 00 00 00 00 00 00 00 00 00 00 00 00 00   ................	
    00 00 00 00 15                                    .....           	
[20/02/2026 12:19:34] Read data (COM4)	
    50 00 81 44 08 00 00 00 01 14 1a 02 14 0c 0d 11   P.ÅD............	
    c4 94 98 00 00 00 00 00 00 00 00 00 00 00 00 00   ƒîò.............	
    00 00 00 00 7c                                    ....|           	
[20/02/2026 12:19:34] Written data (COM4)	
    50 00 81 64 00 00 00 00 00 00 00 00 00 00 00 00   P.Åd............	
    00 00 00 00 00 00 00 00 00 00 00 00 00 00 00 00   ................	
    00 00 00 00 35                                    ....5           	
[20/02/2026 12:19:34] Read data (COM4)	
    50 00 81 64 00 00 80 00 00 00 00 00 00 00 00 00   P.Åd..Ä.........	
    00 00 00 00 00 00 00 00 00 00 00 00 00 00 00 00   ................	
    00 00 00 00 b5                                    ....µ           	
[20/02/2026 12:19:34] Written data (COM4)	
    50 00 81 84 00 00 00 00 00 00 00 00 00 00 00 00   P.ÅÑ............	
    00 00 00 00 00 00 00 00 00 00 00 00 00 00 00 00   ................	
    00 00 00 00 55                                    ....U           	
[20/02/2026 12:19:34] Read data (COM4)	
    50 00 81 84 00 00 00 00 00 00 00 00 00 00 00 00   P.ÅÑ............	
    00 00 00 00 00 04 0b 04 00 00 00 09 00 00 00 00   ................	
    09 00 00 00 7a                                    ....z           	
[20/02/2026 12:19:35] Written data (COM4)	
    50 00 81 95 00 00 00 00 00 00 00 00 00 00 00 00   P.Åï............	
    00 00 00 00 00 00 00 00 00 00 00 00 00 00 00 00   ................	
    00 00 00 00 66                                    ....f           	
[20/02/2026 12:19:35] Read data (COM4)	
    50 00 81 95 04 0b 04 00 00 00 09 00 00 00 00 09   P.Åï............	
    00 00 00 00 09 00 00 00 04 8a 02 b5 01 8a 02 89   .........ä.µ.ä.â	
    02 89 02 89 05                                    .â.â.           	
[20/02/2026 12:19:35] Written data (COM4)	
    50 00 81 44 00 00 00 00 00 00 00 00 00 00 00 00   P.ÅD............	
    00 00 00 00 00 00 00 00 00 00 00 00 00 00 00 00   ................	
    00 00 00 00 15                                    .....           	
[20/02/2026 12:19:35] Read data (COM4)	
    50 00 81 44 08 00 00 00 01 14 1a 02 14 0c 0d 12   P.ÅD............	
    c4 94 98 00 00 00 00 00 00 00 00 00 00 00 00 00   ƒîò.............	
    00 00 00 00 7d                                    ....}           	
[20/02/2026 12:19:35] Written data (COM4)	
    50 00 81 64 00 00 00 00 00 00 00 00 00 00 00 00   P.Åd............	
    00 00 00 00 00 00 00 00 00 00 00 00 00 00 00 00   ................	
    00 00 00 00 35                                    ....5           	
[20/02/2026 12:19:35] Read data (COM4)	
    50 00 81 64 00 00 80 00 00 00 00 00 00 00 00 00   P.Åd..Ä.........	
    00 00 00 00 00 00 00 00 00 00 00 00 00 00 00 00   ................	
    00 00 00 00 b5                                    ....µ           	
[20/02/2026 12:19:35] Written data (COM4)	
    50 00 81 84 00 00 00 00 00 00 00 00 00 00 00 00   P.ÅÑ............	
    00 00 00 00 00 00 00 00 00 00 00 00 00 00 00 00   ................	
    00 00 00 00 55                                    ....U           	
[20/02/2026 12:19:35] Read data (COM4)	
    50 00 81 84 00 00 00 00 00 00 00 00 00 00 00 00   P.ÅÑ............	
    00 00 00 00 00 04 0b 04 00 00 00 09 00 00 00 00   ................	
    09 00 00 00 7a                                    ....z           	
[20/02/2026 12:19:35] Written data (COM4)	
    50 00 81 95 00 00 00 00 00 00 00 00 00 00 00 00   P.Åï............	
    00 00 00 00 00 00 00 00 00 00 00 00 00 00 00 00   ................	
    00 00 00 00 66                                    ....f           	
[20/02/2026 12:19:35] Read data (COM4)	
    50 00 81 95 04 0b 04 00 00 00 09 00 00 00 00 09   P.Åï............	
    00 00 00 00 09 00 00 00 04 8a 02 b5 01 8a 02 89   .........ä.µ.ä.â	
    02 89 02 89 05                                    .â.â.           	
[20/02/2026 12:19:36] Written data (COM4)	
    50 00 81 44 00 00 00 00 00 00 00 00 00 00 00 00   P.ÅD............	
    00 00 00 00 00 00 00 00 00 00 00 00 00 00 00 00   ................	
    00 00 00 00 15                                    .....           	
[20/02/2026 12:19:36] Read data (COM4)	
    50 00 81 44 08 00 00 00 01 14 1a 02 14 0c 0d 13   P.ÅD............	
    c4 94 98 00 00 00 00 00 00 00 00 00 00 00 00 00   ƒîò.............	
    00 00 00 00 7e                                    ....~           	
[20/02/2026 12:19:36] Written data (COM4)	
    50 00 81 64 00 00 00 00 00 00 00 00 00 00 00 00   P.Åd............	
    00 00 00 00 00 00 00 00 00 00 00 00 00 00 00 00   ................	
    00 00 00 00 35                                    ....5           	
[20/02/2026 12:19:36] Read data (COM4)	
    50 00 81 64 00 00 80 00 00 00 00 00 00 00 00 00   P.Åd..Ä.........	
    00 00 00 00 00 00 00 00 00 00 00 00 00 00 00 00   ................	
    00 00 00 00 b5                                    ....µ           	
[20/02/2026 12:19:36] Written data (COM4)	
    50 00 81 84 00 00 00 00 00 00 00 00 00 00 00 00   P.ÅÑ............	
    00 00 00 00 00 00 00 00 00 00 00 00 00 00 00 00   ................	
    00 00 00 00 55                                    ....U           	
[20/02/2026 12:19:36] Read data (COM4)	
    50 00 81 84 00 00 00 00 00 00 00 00 00 00 00 00   P.ÅÑ............	
    00 00 00 00 00 04 0b 04 00 00 00 09 00 00 00 00   ................	
    09 00 00 00 7a                                    ....z           	
[20/02/2026 12:19:36] Written data (COM4)	
    50 00 81 95 00 00 00 00 00 00 00 00 00 00 00 00   P.Åï............	
    00 00 00 00 00 00 00 00 00 00 00 00 00 00 00 00   ................	
    00 00 00 00 66                                    ....f           	
[20/02/2026 12:19:36] Read data (COM4)	
    50 00 81 95 04 0b 04 00 00 00 09 00 00 00 00 09   P.Åï............	
    00 00 00 00 09 00 00 00 04 8a 02 b5 01 8a 02 89   .........ä.µ.ä.â	
    02 89 02 89 05                                    .â.â.           	
[20/02/2026 12:19:36] Written data (COM4)	
    50 00 81 44 00 00 00 00 00 00 00 00 00 00 00 00   P.ÅD............	
    00 00 00 00 00 00 00 00 00 00 00 00 00 00 00 00   ................	
    00 00 00 00 15                                    .....           	
[20/02/2026 12:19:36] Read data (COM4)	
    50 00 81 44 08 00 00 00 01 14 1a 02 14 0c 0d 14   P.ÅD............	
    c4 94 98 00 00 00 00 00 00 00 00 00 00 00 00 00   ƒîò.............	
    00 00 00 00 7f                                    ....           	
[20/02/2026 12:19:37] Written data (COM4)	
    50 00 81 64 00 00 00 00 00 00 00 00 00 00 00 00   P.Åd............	
    00 00 00 00 00 00 00 00 00 00 00 00 00 00 00 00   ................	
    00 00 00 00 35                                    ....5           	
[20/02/2026 12:19:37] Read data (COM4)	
    50 00 81 64 00 00 80 00 00 00 00 00 00 00 00 00   P.Åd..Ä.........	
    00 00 00 00 00 00 00 00 00 00 00 00 00 00 00 00   ................	
    00 00 00 00 b5                                    ....µ           	
[20/02/2026 12:19:37] Written data (COM4)	
    50 00 81 84 00 00 00 00 00 00 00 00 00 00 00 00   P.ÅÑ............	
    00 00 00 00 00 00 00 00 00 00 00 00 00 00 00 00   ................	
    00 00 00 00 55                                    ....U           	
[20/02/2026 12:19:37] Read data (COM4)	
    50 00 81 84 00 00 00 00 00 00 00 00 00 00 00 00   P.ÅÑ............	
    00 00 00 00 00 04 0b 04 00 00 00 09 00 00 00 00   ................	
    09 00 00 00 7a                                    ....z           	
[20/02/2026 12:19:37] Written data (COM4)	
    50 00 81 95 00 00 00 00 00 00 00 00 00 00 00 00   P.Åï............	
    00 00 00 00 00 00 00 00 00 00 00 00 00 00 00 00   ................	
    00 00 00 00 66                                    ....f           	
[20/02/2026 12:19:37] Read data (COM4)	
    50 00 81 95 04 0b 04 00 00 00 09 00 00 00 00 09   P.Åï............	
    00 00 00 00 09 00 00 00 04 8a 02 b5 01 8a 02 89   .........ä.µ.ä.â	
    02 89 02 89 05                                    .â.â.           	
[20/02/2026 12:19:37] Written data (COM4)	
    50 00 81 44 00 00 00 00 00 00 00 00 00 00 00 00   P.ÅD............	
    00 00 00 00 00 00 00 00 00 00 00 00 00 00 00 00   ................	
    00 00 00 00 15                                    .....           	
[20/02/2026 12:19:37] Read data (COM4)	
    50 00 81 44 08 00 00 00 01 14 1a 02 14 0c 0d 14   P.ÅD............	
    c4 94 98 00 00 00 00 00 00 00 00 00 00 00 00 00   ƒîò.............	
    00 00 00 00 7f                                    ....           	
[20/02/2026 12:19:37] Written data (COM4)	
    50 00 81 64 00 00 00 00 00 00 00 00 00 00 00 00   P.Åd............	
    00 00 00 00 00 00 00 00 00 00 00 00 00 00 00 00   ................	
    00 00 00 00 35                                    ....5           	
[20/02/2026 12:19:37] Read data (COM4)	
    50 00 81 64 00 00 80 00 00 00 00 00 00 00 00 00   P.Åd..Ä.........	
    00 00 00 00 00 00 00 00 00 00 00 00 00 00 00 00   ................	
    00 00 00 00 b5                                    ....µ           	
[20/02/2026 12:19:38] Written data (COM4)	
    50 00 81 84 00 00 00 00 00 00 00 00 00 00 00 00   P.ÅÑ............	
    00 00 00 00 00 00 00 00 00 00 00 00 00 00 00 00   ................	
    00 00 00 00 55                                    ....U           	
[20/02/2026 12:19:38] Read data (COM4)	
    50 00 81 84 00 00 00 00 00 00 00 00 00 00 00 00   P.ÅÑ............	
    00 00 00 00 00 04 0b 04 00 00 00 09 00 00 00 00   ................	
    09 00 00 00 7a                                    ....z           	
[20/02/2026 12:19:38] Written data (COM4)	
    50 00 81 95 00 00 00 00 00 00 00 00 00 00 00 00   P.Åï............	
    00 00 00 00 00 00 00 00 00 00 00 00 00 00 00 00   ................	
    00 00 00 00 66                                    ....f           	
[20/02/2026 12:19:38] Read data (COM4)	
    50 00 81 95 04 0b 04 00 00 00 09 00 00 00 00 09   P.Åï............	
    00 00 00 00 09 00 00 00 04 8a 02 b5 01 8a 02 89   .........ä.µ.ä.â	
    02 89 02 89 05                                    .â.â.           	
[20/02/2026 12:19:38] Written data (COM4)	
    50 00 81 44 00 00 00 00 00 00 00 00 00 00 00 00   P.ÅD............	
    00 00 00 00 00 00 00 00 00 00 00 00 00 00 00 00   ................	
    00 00 00 00 15                                    .....           	
[20/02/2026 12:19:38] Read data (COM4)	
    50 00 81 44 08 00 00 00 01 14 1a 02 14 0c 0d 15   P.ÅD............	
    c4 94 98 00 00 00 00 00 00 00 00 00 00 00 00 00   ƒîò.............	
    00 00 00 00 80                                    ....Ä           	
[20/02/2026 12:19:38] Written data (COM4)	
    50 00 81 64 00 00 00 00 00 00 00 00 00 00 00 00   P.Åd............	
    00 00 00 00 00 00 00 00 00 00 00 00 00 00 00 00   ................	
    00 00 00 00 35                                    ....5           	
[20/02/2026 12:19:38] Read data (COM4)	
    50 00 81 64 00 00 80 00 00 00 00 00 00 00 00 00   P.Åd..Ä.........	
    00 00 00 00 00 00 00 00 00 00 00 00 00 00 00 00   ................	
    00 00 00 00 b5                                    ....µ           	
[20/02/2026 12:19:38] Written data (COM4)	
    50 00 81 84 00 00 00 00 00 00 00 00 00 00 00 00   P.ÅÑ............	
    00 00 00 00 00 00 00 00 00 00 00 00 00 00 00 00   ................	
    00 00 00 00 55                                    ....U           	
[20/02/2026 12:19:38] Read data (COM4)	
    50 00 81 84 00 00 00 00 00 00 00 00 00 00 00 00   P.ÅÑ............	
    00 00 00 00 00 04 0b 04 00 00 00 09 00 00 00 00   ................	
    09 00 00 00 7a                                    ....z           	
[20/02/2026 12:19:39] Written data (COM4)	
    50 00 81 95 00 00 00 00 00 00 00 00 00 00 00 00   P.Åï............	
    00 00 00 00 00 00 00 00 00 00 00 00 00 00 00 00   ................	
    00 00 00 00 66                                    ....f           	
[20/02/2026 12:19:39] Read data (COM4)	
    50 00 81 95 04 0b 04 00 00 00 09 00 00 00 00 09   P.Åï............	
    00 00 00 00 09 00 00 00 04 8a 02 b5 01 8a 02 89   .........ä.µ.ä.â	
    02 89 02 89 05                                    .â.â.           	
[20/02/2026 12:19:39] Written data (COM4)	
    50 00 81 44 00 00 00 00 00 00 00 00 00 00 00 00   P.ÅD............	
    00 00 00 00 00 00 00 00 00 00 00 00 00 00 00 00   ................	
    00 00 00 00 15                                    .....           	
[20/02/2026 12:19:39] Read data (COM4)	
    50 00 81 44 08 00 00 00 01 14 1a 02 14 0c 0d 16   P.ÅD............	
    c4 94 98 00 00 00 00 00 00 00 00 00 00 00 00 00   ƒîò.............	
    00 00 00 00 81                                    ....Å           	
[20/02/2026 12:19:39] Written data (COM4)	
    50 00 81 64 00 00 00 00 00 00 00 00 00 00 00 00   P.Åd............	
    00 00 00 00 00 00 00 00 00 00 00 00 00 00 00 00   ................	
    00 00 00 00 35                                    ....5           	
[20/02/2026 12:19:39] Read data (COM4)	
    50 00 81 64 00 00 80 00 00 00 00 00 00 00 00 00   P.Åd..Ä.........	
    00 00 00 00 00 00 00 00 00 00 00 00 00 00 00 00   ................	
    00 00 00 00 b5                                    ....µ           	
[20/02/2026 12:19:39] Written data (COM4)	
    50 00 81 84 00 00 00 00 00 00 00 00 00 00 00 00   P.ÅÑ............	
    00 00 00 00 00 00 00 00 00 00 00 00 00 00 00 00   ................	
    00 00 00 00 55                                    ....U           	
[20/02/2026 12:19:39] Read data (COM4)	
    50 00 81 84 00 00 00 00 00 00 00 00 00 00 00 00   P.ÅÑ............	
    00 00 00 00 00 04 0b 04 00 00 00 09 00 00 00 00   ................	
    09 00 00 00 7a                                    ....z           	
[20/02/2026 12:19:39] Written data (COM4)	
    50 00 81 95 00 00 00 00 00 00 00 00 00 00 00 00   P.Åï............	
    00 00 00 00 00 00 00 00 00 00 00 00 00 00 00 00   ................	
    00 00 00 00 66                                    ....f           	
[20/02/2026 12:19:40] Read data (COM4)	
    50 00 81 95 04 0b 04 00 00 00 09 00 00 00 00 09   P.Åï............	
    00 00 00 00 09 00 00 00 04 8a 02 b5 01 8a 02 89   .........ä.µ.ä.â	
    02 89 02 89 05                                    .â.â.           	
[20/02/2026 12:19:40] Written data (COM4)	
    50 00 81 44 00 00 00 00 00 00 00 00 00 00 00 00   P.ÅD............	
    00 00 00 00 00 00 00 00 00 00 00 00 00 00 00 00   ................	
    00 00 00 00 15                                    .....           	
[20/02/2026 12:19:40] Read data (COM4)	
    50 00 81 44 08 00 00 00 01 14 1a 02 14 0c 0d 17   P.ÅD............	
    c4 94 98 00 00 00 00 00 00 00 00 00 00 00 00 00   ƒîò.............	
    00 00 00 00 82                                    ....Ç           	
[20/02/2026 12:19:40] Written data (COM4)	
    50 00 81 64 00 00 00 00 00 00 00 00 00 00 00 00   P.Åd............	
    00 00 00 00 00 00 00 00 00 00 00 00 00 00 00 00   ................	
    00 00 00 00 35                                    ....5           	
[20/02/2026 12:19:40] Read data (COM4)	
    50 00 81 64 00 00 80 00 00 00 00 00 00 00 00 00   P.Åd..Ä.........	
    00 00 00 00 00 00 00 00 00 00 00 00 00 00 00 00   ................	
    00 00 00 00 b5                                    ....µ           	
[20/02/2026 12:19:40] Written data (COM4)	
    50 00 81 84 00 00 00 00 00 00 00 00 00 00 00 00   P.ÅÑ............	
    00 00 00 00 00 00 00 00 00 00 00 00 00 00 00 00   ................	
    00 00 00 00 55                                    ....U           	
[20/02/2026 12:19:40] Read data (COM4)	
    50 00 81 84 00 00 00 00 00 00 00 00 00 00 00 00   P.ÅÑ............	
    00 00 00 00 00 04 0b 04 00 00 00 09 00 00 00 00   ................	
    09 00 00 00 7a                                    ....z           	
[20/02/2026 12:19:40] Written data (COM4)	
    50 00 81 95 00 00 00 00 00 00 00 00 00 00 00 00   P.Åï............	
    00 00 00 00 00 00 00 00 00 00 00 00 00 00 00 00   ................	
    00 00 00 00 66                                    ....f           	
[20/02/2026 12:19:40] Read data (COM4)	
    50 00 81 95 04 0b 04 00 00 00 09 00 00 00 00 09   P.Åï............	
    00 00 00 00 09 00 00 00 04 8a 02 b5 01 8a 02 89   .........ä.µ.ä.â	
    02 89 02 89 05                                    .â.â.           	
[20/02/2026 12:19:41] Written data (COM4)	
    50 00 81 44 00 00 00 00 00 00 00 00 00 00 00 00   P.ÅD............	
    00 00 00 00 00 00 00 00 00 00 00 00 00 00 00 00   ................	
    00 00 00 00 15                                    .....           	
[20/02/2026 12:19:41] Read data (COM4)	
    50 00 81 44 08 00 00 00 01 14 1a 02 14 0c 0d 18   P.ÅD............	
    c4 94 98 00 00 00 00 00 00 00 00 00 00 00 00 00   ƒîò.............	
    00 00 00 00 83                                    ....É           	
[20/02/2026 12:19:41] Written data (COM4)	
    50 00 81 64 00 00 00 00 00 00 00 00 00 00 00 00   P.Åd............	
    00 00 00 00 00 00 00 00 00 00 00 00 00 00 00 00   ................	
    00 00 00 00 35                                    ....5           	
[20/02/2026 12:19:41] Read data (COM4)	
    50 00 81 64 00 00 80 00 00 00 00 00 00 00 00 00   P.Åd..Ä.........	
    00 00 00 00 00 00 00 00 00 00 00 00 00 00 00 00   ................	
    00 00 00 00 b5                                    ....µ           	
[20/02/2026 12:19:41] Written data (COM4)	
    50 00 81 84 00 00 00 00 00 00 00 00 00 00 00 00   P.ÅÑ............	
    00 00 00 00 00 00 00 00 00 00 00 00 00 00 00 00   ................	
    00 00 00 00 55                                    ....U           	
[20/02/2026 12:19:41] Read data (COM4)	
    50 00 81 84 00 00 00 00 00 00 00 00 00 00 00 00   P.ÅÑ............	
    00 00 00 00 00 04 0b 04 00 00 00 09 00 00 00 00   ................	
    09 00 00 00 7a                                    ....z           	
[20/02/2026 12:19:41] Written data (COM4)	
    50 00 81 95 00 00 00 00 00 00 00 00 00 00 00 00   P.Åï............	
    00 00 00 00 00 00 00 00 00 00 00 00 00 00 00 00   ................	
    00 00 00 00 66                                    ....f           	
[20/02/2026 12:19:41] Read data (COM4)	
    50 00 81 95 04 0b 04 00 00 00 09 00 00 00 00 09   P.Åï............	
    00 00 00 00 09 00 00 00 04 8a 02 b5 01 8a 02 89   .........ä.µ.ä.â	
    02 89 02 89 05                                    .â.â.           	
[20/02/2026 12:19:41] Written data (COM4)	
    50 00 81 44 00 00 00 00 00 00 00 00 00 00 00 00   P.ÅD............	
    00 00 00 00 00 00 00 00 00 00 00 00 00 00 00 00   ................	
    00 00 00 00 15                                    .....           	
[20/02/2026 12:19:41] Read data (COM4)	
    50 00 81 44 08 00 00 00 01 14 1a 02 14 0c 0d 19   P.ÅD............	
    c4 94 98 00 00 00 00 00 00 00 00 00 00 00 00 00   ƒîò.............	
    00 00 00 00 84                                    ....Ñ           	
[20/02/2026 12:19:42] Written data (COM4)	
    50 00 81 64 00 00 00 00 00 00 00 00 00 00 00 00   P.Åd............	
    00 00 00 00 00 00 00 00 00 00 00 00 00 00 00 00   ................	
    00 00 00 00 35                                    ....5           	
[20/02/2026 12:19:42] Read data (COM4)	
    50 00 81 64 00 00 80 00 00 00 00 00 00 00 00 00   P.Åd..Ä.........	
    00 00 00 00 00 00 00 00 00 00 00 00 00 00 00 00   ................	
    00 00 00 00 b5                                    ....µ           	
[20/02/2026 12:19:42] Written data (COM4)	
    50 00 81 84 00 00 00 00 00 00 00 00 00 00 00 00   P.ÅÑ............	
    00 00 00 00 00 00 00 00 00 00 00 00 00 00 00 00   ................	
    00 00 00 00 55                                    ....U           	
[20/02/2026 12:19:42] Read data (COM4)	
    50 00 81 84 00 00 00 00 00 00 00 00 00 00 00 00   P.ÅÑ............	
    00 00 00 00 00 04 0b 04 00 00 00 09 00 00 00 00   ................	
    09 00 00 00 7a                                    ....z           	
[20/02/2026 12:19:42] Written data (COM4)	
    50 00 81 95 00 00 00 00 00 00 00 00 00 00 00 00   P.Åï............	
    00 00 00 00 00 00 00 00 00 00 00 00 00 00 00 00   ................	
    00 00 00 00 66                                    ....f           	
[20/02/2026 12:19:42] Read data (COM4)	
    50 00 81 95 04 0b 04 00 00 00 09 00 00 00 00 09   P.Åï............	
    00 00 00 00 09 00 00 00 04 8a 02 b5 01 8a 02 89   .........ä.µ.ä.â	
    02 89 02 89 05                                    .â.â.           	
[20/02/2026 12:19:42] Written data (COM4)	
    50 00 81 44 00 00 00 00 00 00 00 00 00 00 00 00   P.ÅD............	
    00 00 00 00 00 00 00 00 00 00 00 00 00 00 00 00   ................	
    00 00 00 00 15                                    .....           	
[20/02/2026 12:19:42] Read data (COM4)	
    50 00 81 44 08 00 00 00 01 14 1a 02 14 0c 0d 19   P.ÅD............	
    c4 94 97 00 00 00 00 00 00 00 00 00 00 00 00 00   ƒîó.............	
    00 00 00 00 83                                    ....É           	
[20/02/2026 12:19:42] Written data (COM4)	
    50 00 81 64 00 00 00 00 00 00 00 00 00 00 00 00   P.Åd............	
    00 00 00 00 00 00 00 00 00 00 00 00 00 00 00 00   ................	
    00 00 00 00 35                                    ....5           	
[20/02/2026 12:19:42] Read data (COM4)	
    50 00 81 64 00 00 80 00 00 00 00 00 00 00 00 00   P.Åd..Ä.........	
    00 00 00 00 00 00 00 00 00 00 00 00 00 00 00 00   ................	
    00 00 00 00 b5                                    ....µ           	
[20/02/2026 12:19:43] Written data (COM4)	
    50 00 81 84 00 00 00 00 00 00 00 00 00 00 00 00   P.ÅÑ............	
    00 00 00 00 00 00 00 00 00 00 00 00 00 00 00 00   ................	
    00 00 00 00 55                                    ....U           	
[20/02/2026 12:19:43] Read data (COM4)	
    50 00 81 84 00 00 00 00 00 00 00 00 00 00 00 00   P.ÅÑ............	
    00 00 00 00 00 04 0b 04 00 00 00 09 00 00 00 00   ................	
    09 00 00 00 7a                                    ....z           	
[20/02/2026 12:19:43] Written data (COM4)	
    50 00 81 95 00 00 00 00 00 00 00 00 00 00 00 00   P.Åï............	
    00 00 00 00 00 00 00 00 00 00 00 00 00 00 00 00   ................	
    00 00 00 00 66                                    ....f           	
[20/02/2026 12:19:43] Read data (COM4)	
    50 00 81 95 04 0b 04 00 00 00 09 00 00 00 00 09   P.Åï............	
    00 00 00 00 09 00 00 00 04 8a 02 b5 01 8a 02 89   .........ä.µ.ä.â	
    02 89 02 89 05                                    .â.â.           	
[20/02/2026 12:19:43] Written data (COM4)	
    50 00 81 44 00 00 00 00 00 00 00 00 00 00 00 00   P.ÅD............	
    00 00 00 00 00 00 00 00 00 00 00 00 00 00 00 00   ................	
    00 00 00 00 15                                    .....           	
[20/02/2026 12:19:43] Read data (COM4)	
    50 00 81 44 08 00 00 00 01 14 1a 02 14 0c 0d 1a   P.ÅD............	
    c4 94 98 00 00 00 00 00 00 00 00 00 00 00 00 00   ƒîò.............	
    00 00 00 00 85                                    ....Ö           	
[20/02/2026 12:19:43] Written data (COM4)	
    50 00 81 64 00 00 00 00 00 00 00 00 00 00 00 00   P.Åd............	
    00 00 00 00 00 00 00 00 00 00 00 00 00 00 00 00   ................	
    00 00 00 00 35                                    ....5           	
[20/02/2026 12:19:43] Read data (COM4)	
    50 00 81 64 00 00 80 00 00 00 00 00 00 00 00 00   P.Åd..Ä.........	
    00 00 00 00 00 00 00 00 00 00 00 00 00 00 00 00   ................	
    00 00 00 00 b5                                    ....µ           	
[20/02/2026 12:19:43] Written data (COM4)	
    50 00 81 84 00 00 00 00 00 00 00 00 00 00 00 00   P.ÅÑ............	
    00 00 00 00 00 00 00 00 00 00 00 00 00 00 00 00   ................	
    00 00 00 00 55                                    ....U           	
[20/02/2026 12:19:43] Read data (COM4)	
    50 00 81 84 00 00 00 00 00 00 00 00 00 00 00 00   P.ÅÑ............	
    00 00 00 00 00 04 0b 04 00 00 00 09 00 00 00 00   ................	
    09 00 00 00 7a                                    ....z           	
[20/02/2026 12:19:44] Written data (COM4)	
    50 00 81 95 00 00 00 00 00 00 00 00 00 00 00 00   P.Åï............	
    00 00 00 00 00 00 00 00 00 00 00 00 00 00 00 00   ................	
    00 00 00 00 66                                    ....f           	
[20/02/2026 12:19:44] Read data (COM4)	
    50 00 81 95 04 0b 04 00 00 00 09 00 00 00 00 09   P.Åï............	
    00 00 00 00 09 00 00 00 04 8a 02 b5 01 8a 02 89   .........ä.µ.ä.â	
    02 89 02 89 05                                    .â.â.           	
[20/02/2026 12:19:44] Written data (COM4)	
    50 00 81 44 00 00 00 00 00 00 00 00 00 00 00 00   P.ÅD............	
    00 00 00 00 00 00 00 00 00 00 00 00 00 00 00 00   ................	
    00 00 00 00 15                                    .....           	
[20/02/2026 12:19:44] Read data (COM4)	
    50 00 81 44 08 00 00 00 01 14 1a 02 14 0c 0d 1b   P.ÅD............	
    c4 94 98 00 00 00 00 00 00 00 00 00 00 00 00 00   ƒîò.............	
    00 00 00 00 86                                    ....Ü           	
[20/02/2026 12:19:44] Written data (COM4)	
    50 00 81 64 00 00 00 00 00 00 00 00 00 00 00 00   P.Åd............	
    00 00 00 00 00 00 00 00 00 00 00 00 00 00 00 00   ................	
    00 00 00 00 35                                    ....5           	
[20/02/2026 12:19:44] Read data (COM4)	
    50 00 81 64 00 00 80 00 00 00 00 00 00 00 00 00   P.Åd..Ä.........	
    00 00 00 00 00 00 00 00 00 00 00 00 00 00 00 00   ................	
    00 00 00 00 b5                                    ....µ           	
[20/02/2026 12:19:44] Written data (COM4)	
    50 00 81 84 00 00 00 00 00 00 00 00 00 00 00 00   P.ÅÑ............	
    00 00 00 00 00 00 00 00 00 00 00 00 00 00 00 00   ................	
    00 00 00 00 55                                    ....U           	
[20/02/2026 12:19:44] Read data (COM4)	
    50 00 81 84 00 00 00 00 00 00 00 00 00 00 00 00   P.ÅÑ............	
    00 00 00 00 00 04 0b 04 00 00 00 09 00 00 00 00   ................	
    09 00 00 00 7a                                    ....z           	
[20/02/2026 12:19:44] Written data (COM4)	
    50 00 81 95 00 00 00 00 00 00 00 00 00 00 00 00   P.Åï............	
    00 00 00 00 00 00 00 00 00 00 00 00 00 00 00 00   ................	
    00 00 00 00 66                                    ....f           	
[20/02/2026 12:19:45] Read data (COM4)	
    50 00 81 95 04 0b 04 00 00 00 09 00 00 00 00 09   P.Åï............	
    00 00 00 00 09 00 00 00 04 8a 02 b5 01 8a 02 89   .........ä.µ.ä.â	
    02 89 02 89 05                                    .â.â.           	
[20/02/2026 12:19:45] Written data (COM4)	
    50 00 81 44 00 00 00 00 00 00 00 00 00 00 00 00   P.ÅD............	
    00 00 00 00 00 00 00 00 00 00 00 00 00 00 00 00   ................	
    00 00 00 00 15                                    .....           	
[20/02/2026 12:19:45] Read data (COM4)	
    50 00 81 44 08 00 00 00 01 14 1a 02 14 0c 0d 1c   P.ÅD............	
    c4 94 98 00 00 00 00 00 00 00 00 00 00 00 00 00   ƒîò.............	
    00 00 00 00 87                                    ....á           	
[20/02/2026 12:19:45] Written data (COM4)	
    50 00 81 64 00 00 00 00 00 00 00 00 00 00 00 00   P.Åd............	
    00 00 00 00 00 00 00 00 00 00 00 00 00 00 00 00   ................	
    00 00 00 00 35                                    ....5           	
[20/02/2026 12:19:45] Read data (COM4)	
    50 00 81 64 00 00 80 00 00 00 00 00 00 00 00 00   P.Åd..Ä.........	
    00 00 00 00 00 00 00 00 00 00 00 00 00 00 00 00   ................	
    00 00 00 00 b5                                    ....µ           	
[20/02/2026 12:19:45] Written data (COM4)	
    50 00 81 84 00 00 00 00 00 00 00 00 00 00 00 00   P.ÅÑ............	
    00 00 00 00 00 00 00 00 00 00 00 00 00 00 00 00   ................	
    00 00 00 00 55                                    ....U           	
[20/02/2026 12:19:45] Read data (COM4)	
    50 00 81 84 00 00 00 00 00 00 00 00 00 00 00 00   P.ÅÑ............	
    00 00 00 00 00 04 0b 04 00 00 00 09 00 00 00 00   ................	
    09 00 00 00 7a                                    ....z           	
[20/02/2026 12:19:45] Written data (COM4)	
    50 00 81 95 00 00 00 00 00 00 00 00 00 00 00 00   P.Åï............	
    00 00 00 00 00 00 00 00 00 00 00 00 00 00 00 00   ................	
    00 00 00 00 66                                    ....f           	
[20/02/2026 12:19:45] Read data (COM4)	
    50 00 81 95 04 0b 04 00 00 00 09 00 00 00 00 09   P.Åï............	
    00 00 00 00 09 00 00 00 04 8a 02 b5 01 8a 02 89   .........ä.µ.ä.â	
    02 89 02 89 05                                    .â.â.           	
[20/02/2026 12:19:45] Written data (COM4)	
    50 00 81 44 00 00 00 00 00 00 00 00 00 00 00 00   P.ÅD............	
    00 00 00 00 00 00 00 00 00 00 00 00 00 00 00 00   ................	
    00 00 00 00 15                                    .....           	
[20/02/2026 12:19:46] Read data (COM4)	
    50 00 81 44 08 00 00 00 01 14 1a 02 14 0c 0d 1d   P.ÅD............	
    c4 94 98 00 00 00 00 00 00 00 00 00 00 00 00 00   ƒîò.............	
    00 00 00 00 88                                    ....à           	
[20/02/2026 12:19:46] Written data (COM4)	
    50 00 81 64 00 00 00 00 00 00 00 00 00 00 00 00   P.Åd............	
    00 00 00 00 00 00 00 00 00 00 00 00 00 00 00 00   ................	
    00 00 00 00 35                                    ....5           	
[20/02/2026 12:19:46] Read data (COM4)	
    50 00 81 64 00 00 80 00 00 00 00 00 00 00 00 00   P.Åd..Ä.........	
    00 00 00 00 00 00 00 00 00 00 00 00 00 00 00 00   ................	
    00 00 00 00 b5                                    ....µ           	
[20/02/2026 12:19:46] Written data (COM4)	
    50 00 81 84 00 00 00 00 00 00 00 00 00 00 00 00   P.ÅÑ............	
    00 00 00 00 00 00 00 00 00 00 00 00 00 00 00 00   ................	
    00 00 00 00 55                                    ....U           	
[20/02/2026 12:19:46] Read data (COM4)	
    50 00 81 84 00 00 00 00 00 00 00 00 00 00 00 00   P.ÅÑ............	
    00 00 00 00 00 04 0b 04 00 00 00 09 00 00 00 00   ................	
    09 00 00 00 7a                                    ....z           	
[20/02/2026 12:19:46] Written data (COM4)	
    50 00 81 95 00 00 00 00 00 00 00 00 00 00 00 00   P.Åï............	
    00 00 00 00 00 00 00 00 00 00 00 00 00 00 00 00   ................	
    00 00 00 00 66                                    ....f           	
[20/02/2026 12:19:46] Read data (COM4)	
    50 00 81 95 04 0b 04 00 00 00 09 00 00 00 00 09   P.Åï............	
    00 00 00 00 09 00 00 00 04 8a 02 b5 01 8a 02 89   .........ä.µ.ä.â	
    02 89 02 89 05                                    .â.â.           	
[20/02/2026 12:19:46] Written data (COM4)	
    50 00 81 44 00 00 00 00 00 00 00 00 00 00 00 00   P.ÅD............	
    00 00 00 00 00 00 00 00 00 00 00 00 00 00 00 00   ................	
    00 00 00 00 15                                    .....           	
[20/02/2026 12:19:46] Read data (COM4)	
    50 00 81 44 08 00 00 00 01 14 1a 02 14 0c 0d 1e   P.ÅD............	
    c4 94 98 00 00 00 00 00 00 00 00 00 00 00 00 00   ƒîò.............	
    00 00 00 00 89                                    ....â           	
[20/02/2026 12:19:47] Written data (COM4)	
    50 00 81 64 00 00 00 00 00 00 00 00 00 00 00 00   P.Åd............	
    00 00 00 00 00 00 00 00 00 00 00 00 00 00 00 00   ................	
    00 00 00 00 35                                    ....5           	
[20/02/2026 12:19:47] Read data (COM4)	
    50 00 81 64 00 00 80 00 00 00 00 00 00 00 00 00   P.Åd..Ä.........	
    00 00 00 00 00 00 00 00 00 00 00 00 00 00 00 00   ................	
    00 00 00 00 b5                                    ....µ           	
[20/02/2026 12:19:47] Written data (COM4)	
    50 00 81 84 00 00 00 00 00 00 00 00 00 00 00 00   P.ÅÑ............	
    00 00 00 00 00 00 00 00 00 00 00 00 00 00 00 00   ................	
    00 00 00 00 55                                    ....U           	
[20/02/2026 12:19:47] Read data (COM4)	
    50 00 81 84 00 00 00 00 00 00 00 00 00 00 00 00   P.ÅÑ............	
    00 00 00 00 00 04 0b 04 00 00 00 09 00 00 00 00   ................	
    09 00 00 00 7a                                    ....z           	
[20/02/2026 12:19:47] Written data (COM4)	
    50 00 81 95 00 00 00 00 00 00 00 00 00 00 00 00   P.Åï............	
    00 00 00 00 00 00 00 00 00 00 00 00 00 00 00 00   ................	
    00 00 00 00 66                                    ....f           	
[20/02/2026 12:19:47] Read data (COM4)	
    50 00 81 95 04 0b 04 00 00 00 09 00 00 00 00 09   P.Åï............	
    00 00 00 00 09 00 00 00 04 8a 02 b5 01 8a 02 89   .........ä.µ.ä.â	
    02 89 02 89 05                                    .â.â.           	
[20/02/2026 12:19:47] Written data (COM4)	
    50 00 81 44 00 00 00 00 00 00 00 00 00 00 00 00   P.ÅD............	
    00 00 00 00 00 00 00 00 00 00 00 00 00 00 00 00   ................	
    00 00 00 00 15                                    .....           	
[20/02/2026 12:19:47] Read data (COM4)	
    50 00 81 44 08 00 00 00 01 14 1a 02 14 0c 0d 1e   P.ÅD............	
    c4 94 98 00 00 00 00 00 00 00 00 00 00 00 00 00   ƒîò.............	
    00 00 00 00 89                                    ....â           	
[20/02/2026 12:19:47] Written data (COM4)	
    50 00 81 64 00 00 00 00 00 00 00 00 00 00 00 00   P.Åd............	
    00 00 00 00 00 00 00 00 00 00 00 00 00 00 00 00   ................	
    00 00 00 00 35                                    ....5           	
[20/02/2026 12:19:47] Read data (COM4)	
    50 00 81 64 00 00 80 00 00 00 00 00 00 00 00 00   P.Åd..Ä.........	
    00 00 00 00 00 00 00 00 00 00 00 00 00 00 00 00   ................	
    00 00 00 00 b5                                    ....µ           	
[20/02/2026 12:19:48] Written data (COM4)	
    50 00 81 84 00 00 00 00 00 00 00 00 00 00 00 00   P.ÅÑ............	
    00 00 00 00 00 00 00 00 00 00 00 00 00 00 00 00   ................	
    00 00 00 00 55                                    ....U           	
[20/02/2026 12:19:48] Read data (COM4)	
    50 00 81 84 00 00 00 00 00 00 00 00 00 00 00 00   P.ÅÑ............	
    00 00 00 00 00 04 0b 04 00 00 00 09 00 00 00 00   ................	
    09 00 00 00 7a                                    ....z           	
[20/02/2026 12:19:48] Written data (COM4)	
    50 00 81 95 00 00 00 00 00 00 00 00 00 00 00 00   P.Åï............	
    00 00 00 00 00 00 00 00 00 00 00 00 00 00 00 00   ................	
    00 00 00 00 66                                    ....f           	
[20/02/2026 12:19:48] Read data (COM4)	
    50 00 81 95 04 0b 04 00 00 00 09 00 00 00 00 09   P.Åï............	
    00 00 00 00 09 00 00 00 04 8a 02 b5 01 8a 02 89   .........ä.µ.ä.â	
    02 89 02 89 05                                    .â.â.           	
[20/02/2026 12:19:48] Written data (COM4)	
    50 00 81 44 00 00 00 00 00 00 00 00 00 00 00 00   P.ÅD............	
    00 00 00 00 00 00 00 00 00 00 00 00 00 00 00 00   ................	
    00 00 00 00 15                                    .....           	
[20/02/2026 12:19:48] Read data (COM4)	
    50 00 81 44 08 00 00 00 01 14 1a 02 14 0c 0d 1f   P.ÅD............	
    c4 94 98 00 00 00 00 00 00 00 00 00 00 00 00 00   ƒîò.............	
    00 00 00 00 8a                                    ....ä           	
[20/02/2026 12:19:48] Written data (COM4)	
    50 00 81 64 00 00 00 00 00 00 00 00 00 00 00 00   P.Åd............	
    00 00 00 00 00 00 00 00 00 00 00 00 00 00 00 00   ................	
    00 00 00 00 35                                    ....5           	
[20/02/2026 12:19:48] Read data (COM4)	
    50 00 81 64 00 00 80 00 00 00 00 00 00 00 00 00   P.Åd..Ä.........	
    00 00 00 00 00 00 00 00 00 00 00 00 00 00 00 00   ................	
    00 00 00 00 b5                                    ....µ           	
[20/02/2026 12:19:48] Written data (COM4)	
    50 00 81 84 00 00 00 00 00 00 00 00 00 00 00 00   P.ÅÑ............	
    00 00 00 00 00 00 00 00 00 00 00 00 00 00 00 00   ................	
    00 00 00 00 55                                    ....U           	
[20/02/2026 12:19:48] Read data (COM4)	
    50 00 81 84 00 00 00 00 00 00 00 00 00 00 00 00   P.ÅÑ............	
    00 00 00 00 00 04 0b 04 00 00 00 09 00 00 00 00   ................	
    09 00 00 00 7a                                    ....z           	
[20/02/2026 12:19:49] Written data (COM4)	
    50 00 81 95 00 00 00 00 00 00 00 00 00 00 00 00   P.Åï............	
    00 00 00 00 00 00 00 00 00 00 00 00 00 00 00 00   ................	
    00 00 00 00 66                                    ....f           	
[20/02/2026 12:19:49] Read data (COM4)	
    50 00 81 95 04 0b 04 00 00 00 09 00 00 00 00 09   P.Åï............	
    00 00 00 00 09 00 00 00 04 8a 02 b5 01 8a 02 89   .........ä.µ.ä.â	
    02 89 02 89 05                                    .â.â.           	
[20/02/2026 12:19:49] Written data (COM4)	
    50 00 81 44 00 00 00 00 00 00 00 00 00 00 00 00   P.ÅD............	
    00 00 00 00 00 00 00 00 00 00 00 00 00 00 00 00   ................	
    00 00 00 00 15                                    .....           	
[20/02/2026 12:19:49] Read data (COM4)	
    50 00 81 44 08 00 00 00 01 14 1a 02 14 0c 0d 20   P.ÅD........... 	
    c4 94 98 00 00 00 00 00 00 00 00 00 00 00 00 00   ƒîò.............	
    00 00 00 00 8b                                    ....ã           	
[20/02/2026 12:19:49] Written data (COM4)	
    50 00 81 64 00 00 00 00 00 00 00 00 00 00 00 00   P.Åd............	
    00 00 00 00 00 00 00 00 00 00 00 00 00 00 00 00   ................	
    00 00 00 00 35                                    ....5           	
[20/02/2026 12:19:49] Read data (COM4)	
    50 00 81 64 00 00 80 00 00 00 00 00 00 00 00 00   P.Åd..Ä.........	
    00 00 00 00 00 00 00 00 00 00 00 00 00 00 00 00   ................	
    00 00 00 00 b5                                    ....µ           	
[20/02/2026 12:19:49] Written data (COM4)	
    50 00 81 84 00 00 00 00 00 00 00 00 00 00 00 00   P.ÅÑ............	
    00 00 00 00 00 00 00 00 00 00 00 00 00 00 00 00   ................	
    00 00 00 00 55                                    ....U           	
[20/02/2026 12:19:49] Read data (COM4)	
    50 00 81 84 00 00 00 00 00 00 00 00 00 00 00 00   P.ÅÑ............	
    00 00 00 00 00 04 0b 04 00 00 00 09 00 00 00 00   ................	
    09 00 00 00 7a                                    ....z           	
[20/02/2026 12:19:49] Written data (COM4)	
    50 00 81 95 00 00 00 00 00 00 00 00 00 00 00 00   P.Åï............	
    00 00 00 00 00 00 00 00 00 00 00 00 00 00 00 00   ................	
    00 00 00 00 66                                    ....f           	
[20/02/2026 12:19:49] Read data (COM4)	
    50 00 81 95 04 0b 04 00 00 00 09 00 00 00 00 09   P.Åï............	
    00 00 00 00 09 00 00 00 04 8a 02 b5 01 8a 02 89   .........ä.µ.ä.â	
    02 89 02 89 05                                    .â.â.           	
[20/02/2026 12:19:50] Written data (COM4)	
    50 00 81 44 00 00 00 00 00 00 00 00 00 00 00 00   P.ÅD............	
    00 00 00 00 00 00 00 00 00 00 00 00 00 00 00 00   ................	
    00 00 00 00 15                                    .....           	
[20/02/2026 12:19:50] Read data (COM4)	
    50 00 81 44 08 00 00 00 01 14 1a 02 14 0c 0d 21   P.ÅD...........!	
    c4 94 98 00 00 00 00 00 00 00 00 00 00 00 00 00   ƒîò.............	
    00 00 00 00 8c                                    ....å           	
[20/02/2026 12:19:50] Written data (COM4)	
    50 00 81 64 00 00 00 00 00 00 00 00 00 00 00 00   P.Åd............	
    00 00 00 00 00 00 00 00 00 00 00 00 00 00 00 00   ................	
    00 00 00 00 35                                    ....5           	
[20/02/2026 12:19:50] Read data (COM4)	
    50 00 81 64 00 00 80 00 00 00 00 00 00 00 00 00   P.Åd..Ä.........	
    00 00 00 00 00 00 00 00 00 00 00 00 00 00 00 00   ................	
    00 00 00 00 b5                                    ....µ           	
[20/02/2026 12:19:50] Written data (COM4)	
    50 00 81 84 00 00 00 00 00 00 00 00 00 00 00 00   P.ÅÑ............	
    00 00 00 00 00 00 00 00 00 00 00 00 00 00 00 00   ................	
    00 00 00 00 55                                    ....U           	
[20/02/2026 12:19:50] Read data (COM4)	
    50 00 81 84 00 00 00 00 00 00 00 00 00 00 00 00   P.ÅÑ............	
    00 00 00 00 00 04 0b 04 00 00 00 09 00 00 00 00   ................	
    09 00 00 00 7a                                    ....z           	
[20/02/2026 12:19:50] Written data (COM4)	
    50 00 81 95 00 00 00 00 00 00 00 00 00 00 00 00   P.Åï............	
    00 00 00 00 00 00 00 00 00 00 00 00 00 00 00 00   ................	
    00 00 00 00 66                                    ....f           	
[20/02/2026 12:19:50] Read data (COM4)	
    50 00 81 95 04 0b 04 00 00 00 09 00 00 00 00 09   P.Åï............	
    00 00 00 00 09 00 00 00 04 8a 02 b5 01 8a 02 89   .........ä.µ.ä.â	
    02 89 02 89 05                                    .â.â.           	
[20/02/2026 12:19:50] Written data (COM4)	
    50 00 81 44 00 00 00 00 00 00 00 00 00 00 00 00   P.ÅD............	
    00 00 00 00 00 00 00 00 00 00 00 00 00 00 00 00   ................	
    00 00 00 00 15                                    .....           	
[20/02/2026 12:19:50] Read data (COM4)	
    50 00 81 44 08 00 00 00 01 14 1a 02 14 0c 0d 22   P.ÅD..........."	
    c4 94 98 00 00 00 00 00 00 00 00 00 00 00 00 00   ƒîò.............	
    00 00 00 00 8d                                    ....ç           	
[20/02/2026 12:19:51] Written data (COM4)	
    50 00 81 64 00 00 00 00 00 00 00 00 00 00 00 00   P.Åd............	
    00 00 00 00 00 00 00 00 00 00 00 00 00 00 00 00   ................	
    00 00 00 00 35                                    ....5           	
[20/02/2026 12:19:51] Read data (COM4)	
    50 00 81 64 00 00 80 00 00 00 00 00 00 00 00 00   P.Åd..Ä.........	
    00 00 00 00 00 00 00 00 00 00 00 00 00 00 00 00   ................	
    00 00 00 00 b5                                    ....µ           	
[20/02/2026 12:19:51] Written data (COM4)	
    50 00 81 84 00 00 00 00 00 00 00 00 00 00 00 00   P.ÅÑ............	
    00 00 00 00 00 00 00 00 00 00 00 00 00 00 00 00   ................	
    00 00 00 00 55                                    ....U           	
[20/02/2026 12:19:51] Read data (COM4)	
    50 00 81 84 00 00 00 00 00 00 00 00 00 00 00 00   P.ÅÑ............	
    00 00 00 00 00 04 0b 04 00 00 00 09 00 00 00 00   ................	
    09 00 00 00 7a                                    ....z           	
[20/02/2026 12:19:51] Written data (COM4)	
    50 00 81 95 00 00 00 00 00 00 00 00 00 00 00 00   P.Åï............	
    00 00 00 00 00 00 00 00 00 00 00 00 00 00 00 00   ................	
    00 00 00 00 66                                    ....f           	
[20/02/2026 12:19:51] Read data (COM4)	
    50 00 81 95 04 0b 04 00 00 00 09 00 00 00 00 09   P.Åï............	
    00 00 00 00 09 00 00 00 04 8a 02 b5 01 8a 02 89   .........ä.µ.ä.â	
    02 89 02 89 05                                    .â.â.           	
[20/02/2026 12:19:51] Written data (COM4)	
    50 00 81 44 00 00 00 00 00 00 00 00 00 00 00 00   P.ÅD............	
    00 00 00 00 00 00 00 00 00 00 00 00 00 00 00 00   ................	
    00 00 00 00 15                                    .....           	
[20/02/2026 12:19:51] Read data (COM4)	
    50 00 81 44 08 00 00 00 01 14 1a 02 14 0c 0d 22   P.ÅD..........."	
    c4 94 98 00 00 00 00 00 00 00 00 00 00 00 00 00   ƒîò.............	
    00 00 00 00 8d                                    ....ç           	
[20/02/2026 12:19:51] Written data (COM4)	
    50 00 81 64 00 00 00 00 00 00 00 00 00 00 00 00   P.Åd............	
    00 00 00 00 00 00 00 00 00 00 00 00 00 00 00 00   ................	
    00 00 00 00 35                                    ....5           	
[20/02/2026 12:19:51] Read data (COM4)	
    50 00 81 64 00 00 80 00 00 00 00 00 00 00 00 00   P.Åd..Ä.........	
    00 00 00 00 00 00 00 00 00 00 00 00 00 00 00 00   ................	
    00 00 00 00 b5                                    ....µ           	
[20/02/2026 12:19:52] Written data (COM4)	
    50 00 81 84 00 00 00 00 00 00 00 00 00 00 00 00   P.ÅÑ............	
    00 00 00 00 00 00 00 00 00 00 00 00 00 00 00 00   ................	
    00 00 00 00 55                                    ....U           	
[20/02/2026 12:19:52] Read data (COM4)	
    50 00 81 84 00 00 00 00 00 00 00 00 00 00 00 00   P.ÅÑ............	
    00 00 00 00 00 04 0b 04 00 00 00 09 00 00 00 00   ................	
    09 00 00 00 7a                                    ....z           	
[20/02/2026 12:19:52] Written data (COM4)	
    50 00 81 95 00 00 00 00 00 00 00 00 00 00 00 00   P.Åï............	
    00 00 00 00 00 00 00 00 00 00 00 00 00 00 00 00   ................	
    00 00 00 00 66                                    ....f           	
[20/02/2026 12:19:52] Read data (COM4)	
    50 00 81 95 04 0b 04 00 00 00 09 00 00 00 00 09   P.Åï............	
    00 00 00 00 09 00 00 00 04 8a 02 b5 01 8a 02 89   .........ä.µ.ä.â	
    02 89 02 89 05                                    .â.â.           	
[20/02/2026 12:19:52] Written data (COM4)	
    50 00 81 44 00 00 00 00 00 00 00 00 00 00 00 00   P.ÅD............	
    00 00 00 00 00 00 00 00 00 00 00 00 00 00 00 00   ................	
    00 00 00 00 15                                    .....           	
[20/02/2026 12:19:52] Read data (COM4)	
    50 00 81 44 08 00 00 00 01 14 1a 02 14 0c 0d 23   P.ÅD...........#	
    c4 94 98 00 00 00 00 00 00 00 00 00 00 00 00 00   ƒîò.............	
    00 00 00 00 8e                                    ....é           	
[20/02/2026 12:19:52] Written data (COM4)	
    50 00 81 64 00 00 00 00 00 00 00 00 00 00 00 00   P.Åd............	
    00 00 00 00 00 00 00 00 00 00 00 00 00 00 00 00   ................	
    00 00 00 00 35                                    ....5           	
[20/02/2026 12:19:52] Read data (COM4)	
    50 00 81 64 00 00 80 00 00 00 00 00 00 00 00 00   P.Åd..Ä.........	
    00 00 00 00 00 00 00 00 00 00 00 00 00 00 00 00   ................	
    00 00 00 00 b5                                    ....µ           	
[20/02/2026 12:19:52] Written data (COM4)	
    50 00 81 84 00 00 00 00 00 00 00 00 00 00 00 00   P.ÅÑ............	
    00 00 00 00 00 00 00 00 00 00 00 00 00 00 00 00   ................	
    00 00 00 00 55                                    ....U           	
[20/02/2026 12:19:52] Read data (COM4)	
    50 00 81 84 00 00 00 00 00 00 00 00 00 00 00 00   P.ÅÑ............	
    00 00 00 00 00 04 0b 04 00 00 00 09 00 00 00 00   ................	
    09 00 00 00 7a                                    ....z           	
[20/02/2026 12:19:53] Written data (COM4)	
    50 00 81 95 00 00 00 00 00 00 00 00 00 00 00 00   P.Åï............	
    00 00 00 00 00 00 00 00 00 00 00 00 00 00 00 00   ................	
    00 00 00 00 66                                    ....f           	
[20/02/2026 12:19:53] Read data (COM4)	
    50 00 81 95 04 0b 04 00 00 00 09 00 00 00 00 09   P.Åï............	
    00 00 00 00 09 00 00 00 04 8a 02 b5 01 8a 02 89   .........ä.µ.ä.â	
    02 89 02 89 05                                    .â.â.           	
[20/02/2026 12:19:53] Written data (COM4)	
    50 00 81 44 00 00 00 00 00 00 00 00 00 00 00 00   P.ÅD............	
    00 00 00 00 00 00 00 00 00 00 00 00 00 00 00 00   ................	
    00 00 00 00 15                                    .....           	
[20/02/2026 12:19:53] Read data (COM4)	
    50 00 81 44 08 00 00 00 01 14 1a 02 14 0c 0d 24   P.ÅD...........$	
    c4 94 98 00 00 00 00 00 00 00 00 00 00 00 00 00   ƒîò.............	
    00 00 00 00 8f                                    ....è           	
[20/02/2026 12:19:53] Written data (COM4)	
    50 00 81 64 00 00 00 00 00 00 00 00 00 00 00 00   P.Åd............	
    00 00 00 00 00 00 00 00 00 00 00 00 00 00 00 00   ................	
    00 00 00 00 35                                    ....5           	
[20/02/2026 12:19:53] Read data (COM4)	
    50 00 81 64 00 00 80 00 00 00 00 00 00 00 00 00   P.Åd..Ä.........	
    00 00 00 00 00 00 00 00 00 00 00 00 00 00 00 00   ................	
    00 00 00 00 b5                                    ....µ           	
[20/02/2026 12:19:53] Written data (COM4)	
    50 00 81 84 00 00 00 00 00 00 00 00 00 00 00 00   P.ÅÑ............	
    00 00 00 00 00 00 00 00 00 00 00 00 00 00 00 00   ................	
    00 00 00 00 55                                    ....U           	
[20/02/2026 12:19:53] Read data (COM4)	
    50 00 81 84 00 00 00 00 00 00 00 00 00 00 00 00   P.ÅÑ............	
    00 00 00 00 00 04 0b 04 00 00 00 09 00 00 00 00   ................	
    09 00 00 00 7a                                    ....z           	
[20/02/2026 12:19:54] Written data (COM4)	
    50 00 81 95 00 00 00 00 00 00 00 00 00 00 00 00   P.Åï............	
    00 00 00 00 00 00 00 00 00 00 00 00 00 00 00 00   ................	
    00 00 00 00 66                                    ....f           	
[20/02/2026 12:19:54] Read data (COM4)	
    50 00 81 95 04 0b 04 00 00 00 09 00 00 00 00 09   P.Åï............	
    00 00 00 00 09 00 00 00 04 8a 02 b5 01 8a 02 89   .........ä.µ.ä.â	
    02 89 02 89 05                                    .â.â.           	
[20/02/2026 12:19:54] Written data (COM4)	
    50 00 81 44 00 00 00 00 00 00 00 00 00 00 00 00   P.ÅD............	
    00 00 00 00 00 00 00 00 00 00 00 00 00 00 00 00   ................	
    00 00 00 00 15                                    .....           	
[20/02/2026 12:19:54] Read data (COM4)	
    50 00 81 44 08 00 00 00 01 14 1a 02 14 0c 0d 25   P.ÅD...........%	
    c4 94 98 00 00 00 00 00 00 00 00 00 00 00 00 00   ƒîò.............	
    00 00 00 00 90                                    ....ê           	
[20/02/2026 12:19:54] Written data (COM4)	
    50 00 81 64 00 00 00 00 00 00 00 00 00 00 00 00   P.Åd............	
    00 00 00 00 00 00 00 00 00 00 00 00 00 00 00 00   ................	
    00 00 00 00 35                                    ....5           	
[20/02/2026 12:19:54] Read data (COM4)	
    50 00 81 64 00 00 80 00 00 00 00 00 00 00 00 00   P.Åd..Ä.........	
    00 00 00 00 00 00 00 00 00 00 00 00 00 00 00 00   ................	
    00 00 00 00 b5                                    ....µ           	
[20/02/2026 12:19:54] Written data (COM4)	
    50 00 81 84 00 00 00 00 00 00 00 00 00 00 00 00   P.ÅÑ............	
    00 00 00 00 00 00 00 00 00 00 00 00 00 00 00 00   ................	
    00 00 00 00 55                                    ....U           	
[20/02/2026 12:19:54] Read data (COM4)	
    50 00 81 84 00 00 00 00 00 00 00 00 00 00 00 00   P.ÅÑ............	
    00 00 00 00 00 04 0b 04 00 00 00 09 00 00 00 00   ................	
    09 00 00 00 7a                                    ....z           	
[20/02/2026 12:19:54] Written data (COM4)	
    50 00 81 95 00 00 00 00 00 00 00 00 00 00 00 00   P.Åï............	
    00 00 00 00 00 00 00 00 00 00 00 00 00 00 00 00   ................	
    00 00 00 00 66                                    ....f           	
[20/02/2026 12:19:54] Read data (COM4)	
    50 00 81 95 04 0b 04 00 00 00 09 00 00 00 00 09   P.Åï............	
    00 00 00 00 09 00 00 00 04 8a 02 b5 01 8a 02 89   .........ä.µ.ä.â	
    02 89 02 89 05                                    .â.â.           	
[20/02/2026 12:19:55] Written data (COM4)	
    50 00 81 44 00 00 00 00 00 00 00 00 00 00 00 00   P.ÅD............	
    00 00 00 00 00 00 00 00 00 00 00 00 00 00 00 00   ................	
    00 00 00 00 15                                    .....           	
[20/02/2026 12:19:55] Read data (COM4)	
    50 00 81 44 08 00 00 00 01 14 1a 02 14 0c 0d 26   P.ÅD...........&	
    c4 94 98 00 00 00 00 00 00 00 00 00 00 00 00 00   ƒîò.............	
    00 00 00 00 91                                    ....ë           	
[20/02/2026 12:19:55] Written data (COM4)	
    50 00 81 64 00 00 00 00 00 00 00 00 00 00 00 00   P.Åd............	
    00 00 00 00 00 00 00 00 00 00 00 00 00 00 00 00   ................	
    00 00 00 00 35                                    ....5           	
[20/02/2026 12:19:55] Read data (COM4)	
    50 00 81 64 00 00 80 00 00 00 00 00 00 00 00 00   P.Åd..Ä.........	
    00 00 00 00 00 00 00 00 00 00 00 00 00 00 00 00   ................	
    00 00 00 00 b5                                    ....µ           	
[20/02/2026 12:19:55] Written data (COM4)	
    50 00 81 84 00 00 00 00 00 00 00 00 00 00 00 00   P.ÅÑ............	
    00 00 00 00 00 00 00 00 00 00 00 00 00 00 00 00   ................	
    00 00 00 00 55                                    ....U           	
[20/02/2026 12:19:55] Read data (COM4)	
    50 00 81 84 00 00 00 00 00 00 00 00 00 00 00 00   P.ÅÑ............	
    00 00 00 00 00 04 0b 04 00 00 00 09 00 00 00 00   ................	
    09 00 00 00 7a                                    ....z           	
[20/02/2026 12:19:55] Written data (COM4)	
    50 00 81 95 00 00 00 00 00 00 00 00 00 00 00 00   P.Åï............	
    00 00 00 00 00 00 00 00 00 00 00 00 00 00 00 00   ................	
    00 00 00 00 66                                    ....f           	
[20/02/2026 12:19:55] Read data (COM4)	
    50 00 81 95 04 0b 04 00 00 00 09 00 00 00 00 09   P.Åï............	
    00 00 00 00 09 00 00 00 04 8a 02 b5 01 8a 02 89   .........ä.µ.ä.â	
    02 89 02 89 05                                    .â.â.           	
[20/02/2026 12:19:55] Written data (COM4)	
    50 00 81 44 00 00 00 00 00 00 00 00 00 00 00 00   P.ÅD............	
    00 00 00 00 00 00 00 00 00 00 00 00 00 00 00 00   ................	
    00 00 00 00 15                                    .....           	
[20/02/2026 12:19:55] Read data (COM4)	
    50 00 81 44 08 00 00 00 01 14 1a 02 14 0c 0d 27   P.ÅD...........'	
    c4 94 98 00 00 00 00 00 00 00 00 00 00 00 00 00   ƒîò.............	
    00 00 00 00 92                                    ....í           	
[20/02/2026 12:19:56] Written data (COM4)	
    50 00 81 64 00 00 00 00 00 00 00 00 00 00 00 00   P.Åd............	
    00 00 00 00 00 00 00 00 00 00 00 00 00 00 00 00   ................	
    00 00 00 00 35                                    ....5           	
[20/02/2026 12:19:56] Read data (COM4)	
    50 00 81 64 00 00 80 00 00 00 00 00 00 00 00 00   P.Åd..Ä.........	
    00 00 00 00 00 00 00 00 00 00 00 00 00 00 00 00   ................	
    00 00 00 00 b5                                    ....µ           	
[20/02/2026 12:19:56] Written data (COM4)	
    50 00 81 84 00 00 00 00 00 00 00 00 00 00 00 00   P.ÅÑ............	
    00 00 00 00 00 00 00 00 00 00 00 00 00 00 00 00   ................	
    00 00 00 00 55                                    ....U           	
[20/02/2026 12:19:56] Read data (COM4)	
    50 00 81 84 00 00 00 00 00 00 00 00 00 00 00 00   P.ÅÑ............	
    00 00 00 00 00 04 0b 04 00 00 00 09 00 00 00 00   ................	
    09 00 00 00 7a                                    ....z           	
[20/02/2026 12:19:56] Written data (COM4)	
    50 00 81 95 00 00 00 00 00 00 00 00 00 00 00 00   P.Åï............	
    00 00 00 00 00 00 00 00 00 00 00 00 00 00 00 00   ................	
    00 00 00 00 66                                    ....f           	
[20/02/2026 12:19:56] Read data (COM4)	
    50 00 81 95 04 0b 04 00 00 00 09 00 00 00 00 09   P.Åï............	
    00 00 00 00 09 00 00 00 04 8a 02 b5 01 8a 02 89   .........ä.µ.ä.â	
    02 89 02 89 05                                    .â.â.           	
[20/02/2026 12:19:56] Written data (COM4)	
    50 00 81 44 00 00 00 00 00 00 00 00 00 00 00 00   P.ÅD............	
    00 00 00 00 00 00 00 00 00 00 00 00 00 00 00 00   ................	
    00 00 00 00 15                                    .....           	
[20/02/2026 12:19:56] Read data (COM4)	
    50 00 81 44 08 00 00 00 01 14 1a 02 14 0c 0d 27   P.ÅD...........'	
    c4 94 98 00 00 00 00 00 00 00 00 00 00 00 00 00   ƒîò.............	
    00 00 00 00 92                                    ....í           	
[20/02/2026 12:19:56] Written data (COM4)	
    50 00 81 64 00 00 00 00 00 00 00 00 00 00 00 00   P.Åd............	
    00 00 00 00 00 00 00 00 00 00 00 00 00 00 00 00   ................	
    00 00 00 00 35                                    ....5           	
[20/02/2026 12:19:56] Read data (COM4)	
    50 00 81 64 00 00 80 00 00 00 00 00 00 00 00 00   P.Åd..Ä.........	
    00 00 00 00 00 00 00 00 00 00 00 00 00 00 00 00   ................	
    00 00 00 00 b5                                    ....µ           	
[20/02/2026 12:19:57] Written data (COM4)	
    50 00 81 84 00 00 00 00 00 00 00 00 00 00 00 00   P.ÅÑ............	
    00 00 00 00 00 00 00 00 00 00 00 00 00 00 00 00   ................	
    00 00 00 00 55                                    ....U           	
[20/02/2026 12:19:57] Read data (COM4)	
    50 00 81 84 00 00 00 00 00 00 00 00 00 00 00 00   P.ÅÑ............	
    00 00 00 00 00 04 0b 04 00 00 00 09 00 00 00 00   ................	
    09 00 00 00 7a                                    ....z           	
[20/02/2026 12:19:57] Written data (COM4)	
    50 00 81 95 00 00 00 00 00 00 00 00 00 00 00 00   P.Åï............	
    00 00 00 00 00 00 00 00 00 00 00 00 00 00 00 00   ................	
    00 00 00 00 66                                    ....f           	
[20/02/2026 12:19:57] Read data (COM4)	
    50 00 81 95 04 0b 04 00 00 00 09 00 00 00 00 09   P.Åï............	
    00 00 00 00 09 00 00 00 04 8a 02 b5 01 8a 02 89   .........ä.µ.ä.â	
    02 89 02 89 05                                    .â.â.           	
[20/02/2026 12:19:57] Written data (COM4)	
    50 00 81 44 00 00 00 00 00 00 00 00 00 00 00 00   P.ÅD............	
    00 00 00 00 00 00 00 00 00 00 00 00 00 00 00 00   ................	
    00 00 00 00 15                                    .....           	
[20/02/2026 12:19:57] Read data (COM4)	
    50 00 81 44 08 00 00 00 01 14 1a 02 14 0c 0d 28   P.ÅD...........(	
    c4 94 98 00 00 00 00 00 00 00 00 00 00 00 00 00   ƒîò.............	
    00 00 00 00 93                                    ....ì           	
[20/02/2026 12:19:57] Written data (COM4)	
    50 00 81 64 00 00 00 00 00 00 00 00 00 00 00 00   P.Åd............	
    00 00 00 00 00 00 00 00 00 00 00 00 00 00 00 00   ................	
    00 00 00 00 35                                    ....5           	
[20/02/2026 12:19:57] Read data (COM4)	
    50 00 81 64 00 00 80 00 00 00 00 00 00 00 00 00   P.Åd..Ä.........	
    00 00 00 00 00 00 00 00 00 00 00 00 00 00 00 00   ................	
    00 00 00 00 b5                                    ....µ           	
[20/02/2026 12:19:57] Written data (COM4)	
    50 00 81 84 00 00 00 00 00 00 00 00 00 00 00 00   P.ÅÑ............	
    00 00 00 00 00 00 00 00 00 00 00 00 00 00 00 00   ................	
    00 00 00 00 55                                    ....U           	
[20/02/2026 12:19:57] Read data (COM4)	
    50 00 81 84 00 00 00 00 00 00 00 00 00 00 00 00   P.ÅÑ............	
    00 00 00 00 00 04 0b 04 00 00 00 09 00 00 00 00   ................	
    09 00 00 00 7a                                    ....z           	
[20/02/2026 12:19:58] Written data (COM4)	
    50 00 81 95 00 00 00 00 00 00 00 00 00 00 00 00   P.Åï............	
    00 00 00 00 00 00 00 00 00 00 00 00 00 00 00 00   ................	
    00 00 00 00 66                                    ....f           	
[20/02/2026 12:19:58] Read data (COM4)	
    50 00 81 95 04 0b 04 00 00 00 09 00 00 00 00 09   P.Åï............	
    00 00 00 00 09 00 00 00 04 8a 02 b5 01 8a 02 89   .........ä.µ.ä.â	
    02 89 02 89 05                                    .â.â.           	
[20/02/2026 12:19:58] Written data (COM4)	
    50 00 81 44 00 00 00 00 00 00 00 00 00 00 00 00   P.ÅD............	
    00 00 00 00 00 00 00 00 00 00 00 00 00 00 00 00   ................	
    00 00 00 00 15                                    .....           	
[20/02/2026 12:19:58] Read data (COM4)	
    50 00 81 44 08 00 00 00 01 14 1a 02 14 0c 0d 29   P.ÅD...........)	
    c4 94 99 00 00 00 00 00 00 00 00 00 00 00 00 00   ƒîô.............	
    00 00 00 00 95                                    ....ï           	
[20/02/2026 12:19:58] Written data (COM4)	
    50 00 81 64 00 00 00 00 00 00 00 00 00 00 00 00   P.Åd............	
    00 00 00 00 00 00 00 00 00 00 00 00 00 00 00 00   ................	
    00 00 00 00 35                                    ....5           	
[20/02/2026 12:19:58] Read data (COM4)	
    50 00 81 64 00 00 80 00 00 00 00 00 00 00 00 00   P.Åd..Ä.........	
    00 00 00 00 00 00 00 00 00 00 00 00 00 00 00 00   ................	
    00 00 00 00 b5                                    ....µ           	
[20/02/2026 12:19:58] Written data (COM4)	
    50 00 81 84 00 00 00 00 00 00 00 00 00 00 00 00   P.ÅÑ............	
    00 00 00 00 00 00 00 00 00 00 00 00 00 00 00 00   ................	
    00 00 00 00 55                                    ....U           	
[20/02/2026 12:19:58] Read data (COM4)	
    50 00 81 84 00 00 00 00 00 00 00 00 00 00 00 00   P.ÅÑ............	
    00 00 00 00 00 04 0b 04 00 00 00 09 00 00 00 00   ................	
    09 00 00 00 7a                                    ....z           	
[20/02/2026 12:19:58] Written data (COM4)	
    50 00 81 95 00 00 00 00 00 00 00 00 00 00 00 00   P.Åï............	
    00 00 00 00 00 00 00 00 00 00 00 00 00 00 00 00   ................	
    00 00 00 00 66                                    ....f           	
[20/02/2026 12:19:59] Read data (COM4)	
    50 00 81 95 04 0b 04 00 00 00 09 00 00 00 00 09   P.Åï............	
    00 00 00 00 09 00 00 00 04 8a 02 b5 01 8a 02 89   .........ä.µ.ä.â	
    02 89 02 89 05                                    .â.â.           	
[20/02/2026 12:19:59] Written data (COM4)	
    50 00 81 44 00 00 00 00 00 00 00 00 00 00 00 00   P.ÅD............	
    00 00 00 00 00 00 00 00 00 00 00 00 00 00 00 00   ................	
    00 00 00 00 15                                    .....           	
[20/02/2026 12:19:59] Read data (COM4)	
    50 00 81 44 08 00 00 00 01 14 1a 02 14 0c 0d 2a   P.ÅD...........*	
    c4 94 98 00 00 00 00 00 00 00 00 00 00 00 00 00   ƒîò.............	
    00 00 00 00 95                                    ....ï           	
[20/02/2026 12:19:59] Written data (COM4)	
    50 00 81 64 00 00 00 00 00 00 00 00 00 00 00 00   P.Åd............	
    00 00 00 00 00 00 00 00 00 00 00 00 00 00 00 00   ................	
    00 00 00 00 35                                    ....5           	
[20/02/2026 12:19:59] Read data (COM4)	
    50 00 81 64 00 00 80 00 00 00 00 00 00 00 00 00   P.Åd..Ä.........	
    00 00 00 00 00 00 00 00 00 00 00 00 00 00 00 00   ................	
    00 00 00 00 b5                                    ....µ           	
[20/02/2026 12:19:59] Written data (COM4)	
    50 00 81 84 00 00 00 00 00 00 00 00 00 00 00 00   P.ÅÑ............	
    00 00 00 00 00 00 00 00 00 00 00 00 00 00 00 00   ................	
    00 00 00 00 55                                    ....U           	
[20/02/2026 12:19:59] Read data (COM4)	
    50 00 81 84 00 00 00 00 00 00 00 00 00 00 00 00   P.ÅÑ............	
    00 00 00 00 00 04 0b 04 00 00 00 09 00 00 00 00   ................	
    09 00 00 00 7a                                    ....z           	
[20/02/2026 12:19:59] Written data (COM4)	
    50 00 81 95 00 00 00 00 00 00 00 00 00 00 00 00   P.Åï............	
    00 00 00 00 00 00 00 00 00 00 00 00 00 00 00 00   ................	
    00 00 00 00 66                                    ....f           	
[20/02/2026 12:19:59] Read data (COM4)	
    50 00 81 95 04 0b 04 00 00 00 09 00 00 00 00 09   P.Åï............	
    00 00 00 00 09 00 00 00 04 8a 02 b5 01 8a 02 89   .........ä.µ.ä.â	
    02 89 02 89 05                                    .â.â.           	
[20/02/2026 12:20:00] Written data (COM4)	
    50 00 81 44 00 00 00 00 00 00 00 00 00 00 00 00   P.ÅD............	
    00 00 00 00 00 00 00 00 00 00 00 00 00 00 00 00   ................	
    00 00 00 00 15                                    .....           	
[20/02/2026 12:20:00] Read data (COM4)	
    50 00 81 44 08 00 00 00 01 14 1a 02 14 0c 0d 2b   P.ÅD...........+	
    c4 94 98 00 00 00 00 00 00 00 00 00 00 00 00 00   ƒîò.............	
    00 00 00 00 96                                    ....ñ           	
[20/02/2026 12:20:00] Written data (COM4)	
    50 00 81 64 00 00 00 00 00 00 00 00 00 00 00 00   P.Åd............	
    00 00 00 00 00 00 00 00 00 00 00 00 00 00 00 00   ................	
    00 00 00 00 35                                    ....5           	
[20/02/2026 12:20:00] Read data (COM4)	
    50 00 81 64 00 00 80 00 00 00 00 00 00 00 00 00   P.Åd..Ä.........	
    00 00 00 00 00 00 00 00 00 00 00 00 00 00 00 00   ................	
    00 00 00 00 b5                                    ....µ           	
[20/02/2026 12:20:00] Written data (COM4)	
    50 00 81 84 00 00 00 00 00 00 00 00 00 00 00 00   P.ÅÑ............	
    00 00 00 00 00 00 00 00 00 00 00 00 00 00 00 00   ................	
    00 00 00 00 55                                    ....U           	
[20/02/2026 12:20:00] Read data (COM4)	
    50 00 81 84 00 00 00 00 00 00 00 00 00 00 00 00   P.ÅÑ............	
    00 00 00 00 00 04 0b 04 00 00 00 09 00 00 00 00   ................	
    09 00 00 00 7a                                    ....z           	
[20/02/2026 12:20:00] Written data (COM4)	
    50 00 81 95 00 00 00 00 00 00 00 00 00 00 00 00   P.Åï............	
    00 00 00 00 00 00 00 00 00 00 00 00 00 00 00 00   ................	
    00 00 00 00 66                                    ....f           	
[20/02/2026 12:20:00] Read data (COM4)	
    50 00 81 95 04 0b 04 00 00 00 09 00 00 00 00 09   P.Åï............	
    00 00 00 00 09 00 00 00 04 8a 02 b5 01 8a 02 89   .........ä.µ.ä.â	
    02 89 02 89 05                                    .â.â.           	
[20/02/2026 12:20:00] Written data (COM4)	
    50 00 81 44 00 00 00 00 00 00 00 00 00 00 00 00   P.ÅD............	
    00 00 00 00 00 00 00 00 00 00 00 00 00 00 00 00   ................	
    00 00 00 00 15                                    .....           	
[20/02/2026 12:20:00] Read data (COM4)	
    50 00 81 44 08 00 00 00 01 14 1a 02 14 0c 0d 2c   P.ÅD...........,	
    c4 94 98 00 00 00 00 00 00 00 00 00 00 00 00 00   ƒîò.............	
    00 00 00 00 97                                    ....ó           	
[20/02/2026 12:20:01] Written data (COM4)	
    50 00 81 64 00 00 00 00 00 00 00 00 00 00 00 00   P.Åd............	
    00 00 00 00 00 00 00 00 00 00 00 00 00 00 00 00   ................	
    00 00 00 00 35                                    ....5           	
[20/02/2026 12:20:01] Read data (COM4)	
    50 00 81 64 00 00 80 00 00 00 00 00 00 00 00 00   P.Åd..Ä.........	
    00 00 00 00 00 00 00 00 00 00 00 00 00 00 00 00   ................	
    00 00 00 00 b5                                    ....µ           	
[20/02/2026 12:20:01] Written data (COM4)	
    50 00 81 84 00 00 00 00 00 00 00 00 00 00 00 00   P.ÅÑ............	
    00 00 00 00 00 00 00 00 00 00 00 00 00 00 00 00   ................	
    00 00 00 00 55                                    ....U           	
[20/02/2026 12:20:01] Read data (COM4)	
    50 00 81 84 00 00 00 00 00 00 00 00 00 00 00 00   P.ÅÑ............	
    00 00 00 00 00 04 0b 04 00 00 00 09 00 00 00 00   ................	
    09 00 00 00 7a                                    ....z           	
[20/02/2026 12:20:01] Written data (COM4)	
    50 00 81 95 00 00 00 00 00 00 00 00 00 00 00 00   P.Åï............	
    00 00 00 00 00 00 00 00 00 00 00 00 00 00 00 00   ................	
    00 00 00 00 66                                    ....f           	
[20/02/2026 12:20:01] Read data (COM4)	
    50 00 81 95 04 0b 04 00 00 00 09 00 00 00 00 09   P.Åï............	
    00 00 00 00 09 00 00 00 04 8a 02 b5 01 8a 02 89   .........ä.µ.ä.â	
    02 89 02 89 05                                    .â.â.           	
[20/02/2026 12:20:01] Written data (COM4)	
    50 00 81 44 00 00 00 00 00 00 00 00 00 00 00 00   P.ÅD............	
    00 00 00 00 00 00 00 00 00 00 00 00 00 00 00 00   ................	
    00 00 00 00 15                                    .....           	
[20/02/2026 12:20:01] Read data (COM4)	
    50 00 81 44 08 00 00 00 01 14 1a 02 14 0c 0d 2c   P.ÅD...........,	
    c4 94 98 00 00 00 00 00 00 00 00 00 00 00 00 00   ƒîò.............	
    00 00 00 00 97                                    ....ó           	
[20/02/2026 12:20:01] Written data (COM4)	
    50 00 81 64 00 00 00 00 00 00 00 00 00 00 00 00   P.Åd............	
    00 00 00 00 00 00 00 00 00 00 00 00 00 00 00 00   ................	
    00 00 00 00 35                                    ....5           	
[20/02/2026 12:20:01] Read data (COM4)	
    50 00 81 64 00 00 80 00 00 00 00 00 00 00 00 00   P.Åd..Ä.........	
    00 00 00 00 00 00 00 00 00 00 00 00 00 00 00 00   ................	
    00 00 00 00 b5                                    ....µ           	
[20/02/2026 12:20:02] Written data (COM4)	
    50 00 81 84 00 00 00 00 00 00 00 00 00 00 00 00   P.ÅÑ............	
    00 00 00 00 00 00 00 00 00 00 00 00 00 00 00 00   ................	
    00 00 00 00 55                                    ....U           	
[20/02/2026 12:20:02] Read data (COM4)	
    50 00 81 84 00 00 00 00 00 00 00 00 00 00 00 00   P.ÅÑ............	
    00 00 00 00 00 04 0b 04 00 00 00 09 00 00 00 00   ................	
    09 00 00 00 7a                                    ....z           	
[20/02/2026 12:20:02] Written data (COM4)	
    50 00 81 95 00 00 00 00 00 00 00 00 00 00 00 00   P.Åï............	
    00 00 00 00 00 00 00 00 00 00 00 00 00 00 00 00   ................	
    00 00 00 00 66                                    ....f           	
[20/02/2026 12:20:02] Read data (COM4)	
    50 00 81 95 04 0b 04 00 00 00 09 00 00 00 00 09   P.Åï............	
    00 00 00 00 09 00 00 00 04 8a 02 b5 01 8a 02 89   .........ä.µ.ä.â	
    02 89 02 89 05                                    .â.â.           	
[20/02/2026 12:20:02] Written data (COM4)	
    50 00 81 44 00 00 00 00 00 00 00 00 00 00 00 00   P.ÅD............	
    00 00 00 00 00 00 00 00 00 00 00 00 00 00 00 00   ................	
    00 00 00 00 15                                    .....           	
[20/02/2026 12:20:02] Read data (COM4)	
    50 00 81 44 08 00 00 00 01 14 1a 02 14 0c 0d 2d   P.ÅD...........-	
    c4 94 98 00 00 00 00 00 00 00 00 00 00 00 00 00   ƒîò.............	
    00 00 00 00 98                                    ....ò           	
[20/02/2026 12:20:02] Written data (COM4)	
    50 00 81 64 00 00 00 00 00 00 00 00 00 00 00 00   P.Åd............	
    00 00 00 00 00 00 00 00 00 00 00 00 00 00 00 00   ................	
    00 00 00 00 35                                    ....5           	
[20/02/2026 12:20:02] Read data (COM4)	
    50 00 81 64 00 00 80 00 00 00 00 00 00 00 00 00   P.Åd..Ä.........	
    00 00 00 00 00 00 00 00 00 00 00 00 00 00 00 00   ................	
    00 00 00 00 b5                                    ....µ           	
[20/02/2026 12:20:02] Written data (COM4)	
    50 00 81 84 00 00 00 00 00 00 00 00 00 00 00 00   P.ÅÑ............	
    00 00 00 00 00 00 00 00 00 00 00 00 00 00 00 00   ................	
    00 00 00 00 55                                    ....U           	
[20/02/2026 12:20:02] Read data (COM4)	
    50 00 81 84 00 00 00 00 00 00 00 00 00 00 00 00   P.ÅÑ............	
    00 00 00 00 00 04 0b 04 00 00 00 09 00 00 00 00   ................	
    09 00 00 00 7a                                    ....z           	
[20/02/2026 12:20:03] Written data (COM4)	
    50 00 81 95 00 00 00 00 00 00 00 00 00 00 00 00   P.Åï............	
    00 00 00 00 00 00 00 00 00 00 00 00 00 00 00 00   ................	
    00 00 00 00 66                                    ....f           	
[20/02/2026 12:20:03] Read data (COM4)	
    50 00 81 95 04 0b 04 00 00 00 09 00 00 00 00 09   P.Åï............	
    00 00 00 00 09 00 00 00 04 8a 02 b5 01 8a 02 89   .........ä.µ.ä.â	
    02 89 02 89 05                                    .â.â.           	
[20/02/2026 12:20:03] Written data (COM4)	
    50 00 81 44 00 00 00 00 00 00 00 00 00 00 00 00   P.ÅD............	
    00 00 00 00 00 00 00 00 00 00 00 00 00 00 00 00   ................	
    00 00 00 00 15                                    .....           	
[20/02/2026 12:20:03] Read data (COM4)	
    50 00 81 44 08 00 00 00 01 14 1a 02 14 0c 0d 2e   P.ÅD............	
    c4 94 98 00 00 00 00 00 00 00 00 00 00 00 00 00   ƒîò.............	
    00 00 00 00 99                                    ....ô           	
[20/02/2026 12:20:03] Written data (COM4)	
    50 00 81 64 00 00 00 00 00 00 00 00 00 00 00 00   P.Åd............	
    00 00 00 00 00 00 00 00 00 00 00 00 00 00 00 00   ................	
    00 00 00 00 35                                    ....5           	
[20/02/2026 12:20:03] Read data (COM4)	
    50 00 81 64 00 00 80 00 00 00 00 00 00 00 00 00   P.Åd..Ä.........	
    00 00 00 00 00 00 00 00 00 00 00 00 00 00 00 00   ................	
    00 00 00 00 b5                                    ....µ           	
[20/02/2026 12:20:03] Written data (COM4)	
    50 00 81 84 00 00 00 00 00 00 00 00 00 00 00 00   P.ÅÑ............	
    00 00 00 00 00 00 00 00 00 00 00 00 00 00 00 00   ................	
    00 00 00 00 55                                    ....U           	
[20/02/2026 12:20:03] Read data (COM4)	
    50 00 81 84 00 00 00 00 00 00 00 00 00 00 00 00   P.ÅÑ............	
    00 00 00 00 00 04 0b 04 00 00 00 09 00 00 00 00   ................	
    09 00 00 00 7a                                    ....z           	
[20/02/2026 12:20:03] Written data (COM4)	
    50 00 81 95 00 00 00 00 00 00 00 00 00 00 00 00   P.Åï............	
    00 00 00 00 00 00 00 00 00 00 00 00 00 00 00 00   ................	
    00 00 00 00 66                                    ....f           	
[20/02/2026 12:20:04] Read data (COM4)	
    50 00 81 95 04 0b 04 00 00 00 09 00 00 00 00 09   P.Åï............	
    00 00 00 00 09 00 00 00 04 8a 02 b5 01 8a 02 89   .........ä.µ.ä.â	
    02 89 02 89 05                                    .â.â.           	
[20/02/2026 12:20:04] Written data (COM4)	
    50 00 81 44 00 00 00 00 00 00 00 00 00 00 00 00   P.ÅD............	
    00 00 00 00 00 00 00 00 00 00 00 00 00 00 00 00   ................	
    00 00 00 00 15                                    .....           	
[20/02/2026 12:20:04] Read data (COM4)	
    50 00 81 44 08 00 00 00 01 14 1a 02 14 0c 0d 2f   P.ÅD.........../	
    c4 94 98 00 00 00 00 00 00 00 00 00 00 00 00 00   ƒîò.............	
    00 00 00 00 9a                                    ....ö           	
[20/02/2026 12:20:04] Written data (COM4)	
    50 00 81 64 00 00 00 00 00 00 00 00 00 00 00 00   P.Åd............	
    00 00 00 00 00 00 00 00 00 00 00 00 00 00 00 00   ................	
    00 00 00 00 35                                    ....5           	
[20/02/2026 12:20:04] Read data (COM4)	
    50 00 81 64 00 00 80 00 00 00 00 00 00 00 00 00   P.Åd..Ä.........	
    00 00 00 00 00 00 00 00 00 00 00 00 00 00 00 00   ................	
    00 00 00 00 b5                                    ....µ           	
[20/02/2026 12:20:04] Written data (COM4)	
    50 00 81 84 00 00 00 00 00 00 00 00 00 00 00 00   P.ÅÑ............	
    00 00 00 00 00 00 00 00 00 00 00 00 00 00 00 00   ................	
    00 00 00 00 55                                    ....U           	
[20/02/2026 12:20:04] Read data (COM4)	
    50 00 81 84 00 00 00 00 00 00 00 00 00 00 00 00   P.ÅÑ............	
    00 00 00 00 00 04 0b 04 00 00 00 09 00 00 00 00   ................	
    09 00 00 00 7a                                    ....z           	
[20/02/2026 12:20:04] Written data (COM4)	
    50 00 81 95 00 00 00 00 00 00 00 00 00 00 00 00   P.Åï............	
    00 00 00 00 00 00 00 00 00 00 00 00 00 00 00 00   ................	
    00 00 00 00 66                                    ....f           	
[20/02/2026 12:20:04] Read data (COM4)	
    50 00 81 95 04 0b 04 00 00 00 09 00 00 00 00 09   P.Åï............	
    00 00 00 00 09 00 00 00 04 8a 02 b5 01 8a 02 89   .........ä.µ.ä.â	
    02 89 02 89 05                                    .â.â.           	
[20/02/2026 12:20:05] Written data (COM4)	
    50 00 81 44 00 00 00 00 00 00 00 00 00 00 00 00   P.ÅD............	
    00 00 00 00 00 00 00 00 00 00 00 00 00 00 00 00   ................	
    00 00 00 00 15                                    .....           	
[20/02/2026 12:20:05] Read data (COM4)	
    50 00 81 44 08 00 00 00 01 14 1a 02 14 0c 0d 30   P.ÅD...........0	
    c4 94 98 00 00 00 00 00 00 00 00 00 00 00 00 00   ƒîò.............	
    00 00 00 00 9b                                    ....õ           	
[20/02/2026 12:20:05] Written data (COM4)	
    50 00 81 64 00 00 00 00 00 00 00 00 00 00 00 00   P.Åd............	
    00 00 00 00 00 00 00 00 00 00 00 00 00 00 00 00   ................	
    00 00 00 00 35                                    ....5           	
[20/02/2026 12:20:05] Read data (COM4)	
    50 00 81 64 00 00 80 00 00 00 00 00 00 00 00 00   P.Åd..Ä.........	
    00 00 00 00 00 00 00 00 00 00 00 00 00 00 00 00   ................	
    00 00 00 00 b5                                    ....µ           	
[20/02/2026 12:20:05] Written data (COM4)	
    50 00 81 84 00 00 00 00 00 00 00 00 00 00 00 00   P.ÅÑ............	
    00 00 00 00 00 00 00 00 00 00 00 00 00 00 00 00   ................	
    00 00 00 00 55                                    ....U           	
[20/02/2026 12:20:05] Read data (COM4)	
    50 00 81 84 00 00 00 00 00 00 00 00 00 00 00 00   P.ÅÑ............	
    00 00 00 00 00 04 0b 04 00 00 00 09 00 00 00 00   ................	
    09 00 00 00 7a                                    ....z           	
[20/02/2026 12:20:05] Written data (COM4)	
    50 00 81 95 00 00 00 00 00 00 00 00 00 00 00 00   P.Åï............	
    00 00 00 00 00 00 00 00 00 00 00 00 00 00 00 00   ................	
    00 00 00 00 66                                    ....f           	
[20/02/2026 12:20:05] Read data (COM4)	
    50 00 81 95 04 0b 04 00 00 00 09 00 00 00 00 09   P.Åï............	
    00 00 00 00 09 00 00 00 04 8a 02 b5 01 8a 02 89   .........ä.µ.ä.â	
    02 89 02 89 05                                    .â.â.           	
[20/02/2026 12:20:05] Written data (COM4)	
    50 00 81 44 00 00 00 00 00 00 00 00 00 00 00 00   P.ÅD............	
    00 00 00 00 00 00 00 00 00 00 00 00 00 00 00 00   ................	
    00 00 00 00 15                                    .....           	
[20/02/2026 12:20:05] Read data (COM4)	
    50 00 81 44 08 00 00 00 01 14 1a 02 14 0c 0d 31   P.ÅD...........1	
    c4 94 94 00 00 00 00 00 00 00 00 00 00 00 00 00   ƒîî.............	
    00 00 00 00 98                                    ....ò           	
[20/02/2026 12:20:06] Written data (COM4)	
    50 00 81 64 00 00 00 00 00 00 00 00 00 00 00 00   P.Åd............	
    00 00 00 00 00 00 00 00 00 00 00 00 00 00 00 00   ................	
    00 00 00 00 35                                    ....5           	
[20/02/2026 12:20:06] Read data (COM4)	
    50 00 81 64 00 00 80 00 00 00 00 00 00 00 00 00   P.Åd..Ä.........	
    00 00 00 00 00 00 00 00 00 00 00 00 00 00 00 00   ................	
    00 00 00 00 b5                                    ....µ           	
[20/02/2026 12:20:06] Written data (COM4)	
    50 00 81 84 00 00 00 00 00 00 00 00 00 00 00 00   P.ÅÑ............	
    00 00 00 00 00 00 00 00 00 00 00 00 00 00 00 00   ................	
    00 00 00 00 55                                    ....U           	
[20/02/2026 12:20:06] Read data (COM4)	
    50 00 81 84 00 00 00 00 00 00 00 00 00 00 00 00   P.ÅÑ............	
    00 00 00 00 00 04 0b 04 00 00 00 09 00 00 00 00   ................	
    09 00 00 00 7a                                    ....z           	
[20/02/2026 12:20:06] Written data (COM4)	
    50 00 81 95 00 00 00 00 00 00 00 00 00 00 00 00   P.Åï............	
    00 00 00 00 00 00 00 00 00 00 00 00 00 00 00 00   ................	
    00 00 00 00 66                                    ....f           	
[20/02/2026 12:20:06] Read data (COM4)	
    50 00 81 95 04 0b 04 00 00 00 09 00 00 00 00 09   P.Åï............	
    00 00 00 00 09 00 00 00 04 8a 02 b5 01 8a 02 89   .........ä.µ.ä.â	
    02 89 02 89 05                                    .â.â.           	
[20/02/2026 12:20:06] Written data (COM4)	
    50 00 81 44 00 00 00 00 00 00 00 00 00 00 00 00   P.ÅD............	
    00 00 00 00 00 00 00 00 00 00 00 00 00 00 00 00   ................	
    00 00 00 00 15                                    .....           	
[20/02/2026 12:20:06] Read data (COM4)	
    50 00 81 44 08 00 00 00 01 14 1a 02 14 0c 0d 31   P.ÅD...........1	
    c4 94 97 00 00 00 00 00 00 00 00 00 00 00 00 00   ƒîó.............	
    00 00 00 00 9b                                    ....õ           	
[20/02/2026 12:20:06] Written data (COM4)	
    50 00 81 64 00 00 00 00 00 00 00 00 00 00 00 00   P.Åd............	
    00 00 00 00 00 00 00 00 00 00 00 00 00 00 00 00   ................	
    00 00 00 00 35                                    ....5           	
[20/02/2026 12:20:06] Read data (COM4)	
    50 00 81 64 00 00 80 00 00 00 00 00 00 00 00 00   P.Åd..Ä.........	
    00 00 00 00 00 00 00 00 00 00 00 00 00 00 00 00   ................	
    00 00 00 00 b5                                    ....µ           	
[20/02/2026 12:20:07] Written data (COM4)	
    50 00 81 84 00 00 00 00 00 00 00 00 00 00 00 00   P.ÅÑ............	
    00 00 00 00 00 00 00 00 00 00 00 00 00 00 00 00   ................	
    00 00 00 00 55                                    ....U           	
[20/02/2026 12:20:07] Read data (COM4)	
    50 00 81 84 00 00 00 00 00 00 00 00 00 00 00 00   P.ÅÑ............	
    00 00 00 00 00 04 0b 04 00 00 00 09 00 00 00 00   ................	
    09 00 00 00 7a                                    ....z           	
[20/02/2026 12:20:07] Written data (COM4)	
    50 00 81 95 00 00 00 00 00 00 00 00 00 00 00 00   P.Åï............	
    00 00 00 00 00 00 00 00 00 00 00 00 00 00 00 00   ................	
    00 00 00 00 66                                    ....f           	
[20/02/2026 12:20:07] Read data (COM4)	
    50 00 81 95 04 0b 04 00 00 00 09 00 00 00 00 09   P.Åï............	
    00 00 00 00 09 00 00 00 04 8a 02 b5 01 8a 02 89   .........ä.µ.ä.â	
    02 89 02 89 05                                    .â.â.           	
[20/02/2026 12:20:07] Written data (COM4)	
    50 00 81 44 00 00 00 00 00 00 00 00 00 00 00 00   P.ÅD............	
    00 00 00 00 00 00 00 00 00 00 00 00 00 00 00 00   ................	
    00 00 00 00 15                                    .....           	
[20/02/2026 12:20:07] Read data (COM4)	
    50 00 81 44 08 00 00 00 01 14 1a 02 14 0c 0d 32   P.ÅD...........2	
    c4 94 97 00 00 00 00 00 00 00 00 00 00 00 00 00   ƒîó.............	
    00 00 00 00 9c                                    ....ú           	
[20/02/2026 12:20:07] Written data (COM4)	
    50 00 81 64 00 00 00 00 00 00 00 00 00 00 00 00   P.Åd............	
    00 00 00 00 00 00 00 00 00 00 00 00 00 00 00 00   ................	
    00 00 00 00 35                                    ....5           	
[20/02/2026 12:20:07] Read data (COM4)	
    50 00 81 64 00 00 80 00 00 00 00 00 00 00 00 00   P.Åd..Ä.........	
    00 00 00 00 00 00 00 00 00 00 00 00 00 00 00 00   ................	
    00 00 00 00 b5                                    ....µ           	
[20/02/2026 12:20:07] Written data (COM4)	
    50 00 81 84 00 00 00 00 00 00 00 00 00 00 00 00   P.ÅÑ............	
    00 00 00 00 00 00 00 00 00 00 00 00 00 00 00 00   ................	
    00 00 00 00 55                                    ....U           	
[20/02/2026 12:20:07] Read data (COM4)	
    50 00 81 84 00 00 00 00 00 00 00 00 00 00 00 00   P.ÅÑ............	
    00 00 00 00 00 04 0b 04 00 00 00 09 00 00 00 00   ................	
    09 00 00 00 7a                                    ....z           	
[20/02/2026 12:20:08] Written data (COM4)	
    50 00 81 95 00 00 00 00 00 00 00 00 00 00 00 00   P.Åï............	
    00 00 00 00 00 00 00 00 00 00 00 00 00 00 00 00   ................	
    00 00 00 00 66                                    ....f           	
[20/02/2026 12:20:08] Read data (COM4)	
    50 00 81 95 04 0b 04 00 00 00 09 00 00 00 00 09   P.Åï............	
    00 00 00 00 09 00 00 00 04 8a 02 b5 01 8a 02 89   .........ä.µ.ä.â	
    02 89 02 89 05                                    .â.â.           	
[20/02/2026 12:20:08] Written data (COM4)	
    50 00 81 44 00 00 00 00 00 00 00 00 00 00 00 00   P.ÅD............	
    00 00 00 00 00 00 00 00 00 00 00 00 00 00 00 00   ................	
    00 00 00 00 15                                    .....           	
[20/02/2026 12:20:08] Read data (COM4)	
    50 00 81 44 08 00 00 00 01 14 1a 02 14 0c 0d 33   P.ÅD...........3	
    c4 94 98 00 00 00 00 00 00 00 00 00 00 00 00 00   ƒîò.............	
    00 00 00 00 9e                                    ....û           	
[20/02/2026 12:20:08] Written data (COM4)	
    50 00 81 64 00 00 00 00 00 00 00 00 00 00 00 00   P.Åd............	
    00 00 00 00 00 00 00 00 00 00 00 00 00 00 00 00   ................	
    00 00 00 00 35                                    ....5           	
[20/02/2026 12:20:08] Read data (COM4)	
    50 00 81 64 00 00 80 00 00 00 00 00 00 00 00 00   P.Åd..Ä.........	
    00 00 00 00 00 00 00 00 00 00 00 00 00 00 00 00   ................	
    00 00 00 00 b5                                    ....µ           	
[20/02/2026 12:20:08] Written data (COM4)	
    50 00 81 84 00 00 00 00 00 00 00 00 00 00 00 00   P.ÅÑ............	
    00 00 00 00 00 00 00 00 00 00 00 00 00 00 00 00   ................	
    00 00 00 00 55                                    ....U           	
[20/02/2026 12:20:08] Read data (COM4)	
    50 00 81 84 00 00 00 00 00 00 00 00 00 00 00 00   P.ÅÑ............	
    00 00 00 00 00 04 0b 04 00 00 00 09 00 00 00 00   ................	
    09 00 00 00 7a                                    ....z           	
[20/02/2026 12:20:08] Written data (COM4)	
    50 00 81 95 00 00 00 00 00 00 00 00 00 00 00 00   P.Åï............	
    00 00 00 00 00 00 00 00 00 00 00 00 00 00 00 00   ................	
    00 00 00 00 66                                    ....f           	
[20/02/2026 12:20:08] Read data (COM4)	
    50 00 81 95 04 0b 04 00 00 00 09 00 00 00 00 09   P.Åï............	
    00 00 00 00 09 00 00 00 04 8a 02 b5 01 8a 02 89   .........ä.µ.ä.â	
    02 89 02 89 05                                    .â.â.           	
[20/02/2026 12:20:09] Written data (COM4)	
    50 00 81 44 00 00 00 00 00 00 00 00 00 00 00 00   P.ÅD............	
    00 00 00 00 00 00 00 00 00 00 00 00 00 00 00 00   ................	
    00 00 00 00 15                                    .....           	
[20/02/2026 12:20:09] Read data (COM4)	
    50 00 81 44 08 00 00 00 01 14 1a 02 14 0c 0d 34   P.ÅD...........4	
    c4 94 97 00 00 00 00 00 00 00 00 00 00 00 00 00   ƒîó.............	
    00 00 00 00 9e                                    ....û           	
[20/02/2026 12:20:09] Written data (COM4)	
    50 00 81 64 00 00 00 00 00 00 00 00 00 00 00 00   P.Åd............	
    00 00 00 00 00 00 00 00 00 00 00 00 00 00 00 00   ................	
    00 00 00 00 35                                    ....5           	
[20/02/2026 12:20:09] Read data (COM4)	
    50 00 81 64 00 00 80 00 00 00 00 00 00 00 00 00   P.Åd..Ä.........	
    00 00 00 00 00 00 00 00 00 00 00 00 00 00 00 00   ................	
    00 00 00 00 b5                                    ....µ           	
[20/02/2026 12:20:09] Written data (COM4)	
    50 00 81 84 00 00 00 00 00 00 00 00 00 00 00 00   P.ÅÑ............	
    00 00 00 00 00 00 00 00 00 00 00 00 00 00 00 00   ................	
    00 00 00 00 55                                    ....U           	
[20/02/2026 12:20:09] Read data (COM4)	
    50 00 81 84 00 00 00 00 00 00 00 00 00 00 00 00   P.ÅÑ............	
    00 00 00 00 00 04 0b 04 00 00 00 09 00 00 00 00   ................	
    09 00 00 00 7a                                    ....z           	
[20/02/2026 12:20:09] Written data (COM4)	
    50 00 81 95 00 00 00 00 00 00 00 00 00 00 00 00   P.Åï............	
    00 00 00 00 00 00 00 00 00 00 00 00 00 00 00 00   ................	
    00 00 00 00 66                                    ....f           	
[20/02/2026 12:20:09] Read data (COM4)	
    50 00 81 95 04 0b 04 00 00 00 09 00 00 00 00 09   P.Åï............	
    00 00 00 00 09 00 00 00 04 8a 02 b5 01 8a 02 89   .........ä.µ.ä.â	
    02 89 02 89 05                                    .â.â.           	
[20/02/2026 12:20:09] Written data (COM4)	
    50 00 81 44 00 00 00 00 00 00 00 00 00 00 00 00   P.ÅD............	
    00 00 00 00 00 00 00 00 00 00 00 00 00 00 00 00   ................	
    00 00 00 00 15                                    .....           	
[20/02/2026 12:20:09] Read data (COM4)	
    50 00 81 44 08 00 00 00 01 14 1a 02 14 0c 0d 35   P.ÅD...........5	
    c4 94 97 00 00 00 00 00 00 00 00 00 00 00 00 00   ƒîó.............	
    00 00 00 00 9f                                    ....ü           	
[20/02/2026 12:20:10] Written data (COM4)	
    50 00 81 64 00 00 00 00 00 00 00 00 00 00 00 00   P.Åd............	
    00 00 00 00 00 00 00 00 00 00 00 00 00 00 00 00   ................	
    00 00 00 00 35                                    ....5           	
[20/02/2026 12:20:10] Read data (COM4)	
    50 00 81 64 00 00 80 00 00 00 00 00 00 00 00 00   P.Åd..Ä.........	
    00 00 00 00 00 00 00 00 00 00 00 00 00 00 00 00   ................	
    00 00 00 00 b5                                    ....µ           	
[20/02/2026 12:20:10] Written data (COM4)	
    50 00 81 84 00 00 00 00 00 00 00 00 00 00 00 00   P.ÅÑ............	
    00 00 00 00 00 00 00 00 00 00 00 00 00 00 00 00   ................	
    00 00 00 00 55                                    ....U           	
[20/02/2026 12:20:10] Read data (COM4)	
    50 00 81 84 00 00 00 00 00 00 00 00 00 00 00 00   P.ÅÑ............	
    00 00 00 00 00 04 0b 04 00 00 00 09 00 00 00 00   ................	
    09 00 00 00 7a                                    ....z           	
[20/02/2026 12:20:10] Written data (COM4)	
    50 00 81 95 00 00 00 00 00 00 00 00 00 00 00 00   P.Åï............	
    00 00 00 00 00 00 00 00 00 00 00 00 00 00 00 00   ................	
    00 00 00 00 66                                    ....f           	
[20/02/2026 12:20:10] Read data (COM4)	
    50 00 81 95 04 0b 04 00 00 00 09 00 00 00 00 09   P.Åï............	
    00 00 00 00 09 00 00 00 04 8a 02 b5 01 8a 02 89   .........ä.µ.ä.â	
    02 89 02 89 05                                    .â.â.           	
[20/02/2026 12:20:10] Written data (COM4)	
    50 00 81 44 00 00 00 00 00 00 00 00 00 00 00 00   P.ÅD............	
    00 00 00 00 00 00 00 00 00 00 00 00 00 00 00 00   ................	
    00 00 00 00 15                                    .....           	
[20/02/2026 12:20:10] Read data (COM4)	
    50 00 81 44 08 00 00 00 01 14 1a 02 14 0c 0d 36   P.ÅD...........6	
    c4 94 98 00 00 00 00 00 00 00 00 00 00 00 00 00   ƒîò.............	
    00 00 00 00 a1                                    ....°           	
[20/02/2026 12:20:10] Written data (COM4)	
    50 00 81 64 00 00 00 00 00 00 00 00 00 00 00 00   P.Åd............	
    00 00 00 00 00 00 00 00 00 00 00 00 00 00 00 00   ................	
    00 00 00 00 35                                    ....5           	
[20/02/2026 12:20:11] Read data (COM4)	
    50 00 81 64 00 00 80 00 00 00 00 00 00 00 00 00   P.Åd..Ä.........	
    00 00 00 00 00 00 00 00 00 00 00 00 00 00 00 00   ................	
    00 00 00 00 b5                                    ....µ           	
[20/02/2026 12:20:11] Written data (COM4)	
    50 00 81 84 00 00 00 00 00 00 00 00 00 00 00 00   P.ÅÑ............	
    00 00 00 00 00 00 00 00 00 00 00 00 00 00 00 00   ................	
    00 00 00 00 55                                    ....U           	
[20/02/2026 12:20:11] Read data (COM4)	
    50 00 81 84 00 00 00 00 00 00 00 00 00 00 00 00   P.ÅÑ............	
    00 00 00 00 00 04 0b 04 00 00 00 09 00 00 00 00   ................	
    09 00 00 00 7a                                    ....z           	
[20/02/2026 12:20:11] Written data (COM4)	
    50 00 81 95 00 00 00 00 00 00 00 00 00 00 00 00   P.Åï............	
    00 00 00 00 00 00 00 00 00 00 00 00 00 00 00 00   ................	
    00 00 00 00 66                                    ....f           	
[20/02/2026 12:20:11] Read data (COM4)	
    50 00 81 95 04 0b 04 00 00 00 09 00 00 00 00 09   P.Åï............	
    00 00 00 00 09 00 00 00 04 8a 02 b5 01 8a 02 89   .........ä.µ.ä.â	
    02 89 02 89 05                                    .â.â.           	
[20/02/2026 12:20:11] Written data (COM4)	
    50 00 81 44 00 00 00 00 00 00 00 00 00 00 00 00   P.ÅD............	
    00 00 00 00 00 00 00 00 00 00 00 00 00 00 00 00   ................	
    00 00 00 00 15                                    .....           	
[20/02/2026 12:20:11] Read data (COM4)	
    50 00 81 44 08 00 00 00 01 14 1a 02 14 0c 0d 36   P.ÅD...........6	
    c4 94 97 00 00 00 00 00 00 00 00 00 00 00 00 00   ƒîó.............	
    00 00 00 00 a0                                    ....†           	
[20/02/2026 12:20:11] Written data (COM4)	
    50 00 81 64 00 00 00 00 00 00 00 00 00 00 00 00   P.Åd............	
    00 00 00 00 00 00 00 00 00 00 00 00 00 00 00 00   ................	
    00 00 00 00 35                                    ....5           	
[20/02/2026 12:20:11] Read data (COM4)	
    50 00 81 64 00 00 80 00 00 00 00 00 00 00 00 00   P.Åd..Ä.........	
    00 00 00 00 00 00 00 00 00 00 00 00 00 00 00 00   ................	
    00 00 00 00 b5                                    ....µ           	
[20/02/2026 12:20:12] Written data (COM4)	
    50 00 81 84 00 00 00 00 00 00 00 00 00 00 00 00   P.ÅÑ............	
    00 00 00 00 00 00 00 00 00 00 00 00 00 00 00 00   ................	
    00 00 00 00 55                                    ....U           	
[20/02/2026 12:20:12] Read data (COM4)	
    50 00 81 84 00 00 00 00 00 00 00 00 00 00 00 00   P.ÅÑ............	
    00 00 00 00 00 04 0b 04 00 00 00 09 00 00 00 00   ................	
    09 00 00 00 7a                                    ....z           	
[20/02/2026 12:20:12] Written data (COM4)	
    50 00 81 95 00 00 00 00 00 00 00 00 00 00 00 00   P.Åï............	
    00 00 00 00 00 00 00 00 00 00 00 00 00 00 00 00   ................	
    00 00 00 00 66                                    ....f           	
[20/02/2026 12:20:12] Read data (COM4)	
    50 00 81 95 04 0b 04 00 00 00 09 00 00 00 00 09   P.Åï............	
    00 00 00 00 09 00 00 00 04 8a 02 b5 01 8a 02 89   .........ä.µ.ä.â	
    02 89 02 89 05                                    .â.â.           	
[20/02/2026 12:20:12] Written data (COM4)	
    50 00 81 44 00 00 00 00 00 00 00 00 00 00 00 00   P.ÅD............	
    00 00 00 00 00 00 00 00 00 00 00 00 00 00 00 00   ................	
    00 00 00 00 15                                    .....           	
[20/02/2026 12:20:12] Read data (COM4)	
    50 00 81 44 08 00 00 00 01 14 1a 02 14 0c 0d 37   P.ÅD...........7	
    c4 94 98 00 00 00 00 00 00 00 00 00 00 00 00 00   ƒîò.............	
    00 00 00 00 a2                                    ....¢           	
[20/02/2026 12:20:12] Written data (COM4)	
    50 00 81 64 00 00 00 00 00 00 00 00 00 00 00 00   P.Åd............	
    00 00 00 00 00 00 00 00 00 00 00 00 00 00 00 00   ................	
    00 00 00 00 35                                    ....5           	
[20/02/2026 12:20:12] Read data (COM4)	
    50 00 81 64 00 00 80 00 00 00 00 00 00 00 00 00   P.Åd..Ä.........	
    00 00 00 00 00 00 00 00 00 00 00 00 00 00 00 00   ................	
    00 00 00 00 b5                                    ....µ           	
[20/02/2026 12:20:12] Written data (COM4)	
    50 00 81 84 00 00 00 00 00 00 00 00 00 00 00 00   P.ÅÑ............	
    00 00 00 00 00 00 00 00 00 00 00 00 00 00 00 00   ................	
    00 00 00 00 55                                    ....U           	
[20/02/2026 12:20:12] Read data (COM4)	
    50 00 81 84 00 00 00 00 00 00 00 00 00 00 00 00   P.ÅÑ............	
    00 00 00 00 00 04 0b 04 00 00 00 09 00 00 00 00   ................	
    09 00 00 00 7a                                    ....z           	
[20/02/2026 12:20:13] Written data (COM4)	
    50 00 81 95 00 00 00 00 00 00 00 00 00 00 00 00   P.Åï............	
    00 00 00 00 00 00 00 00 00 00 00 00 00 00 00 00   ................	
    00 00 00 00 66                                    ....f           	
[20/02/2026 12:20:13] Read data (COM4)	
    50 00 81 95 04 0b 04 00 00 00 09 00 00 00 00 09   P.Åï............	
    00 00 00 00 09 00 00 00 04 8a 02 b5 01 8a 02 89   .........ä.µ.ä.â	
    02 89 02 89 05                                    .â.â.           	
[20/02/2026 12:20:13] Written data (COM4)	
    50 00 81 44 00 00 00 00 00 00 00 00 00 00 00 00   P.ÅD............	
    00 00 00 00 00 00 00 00 00 00 00 00 00 00 00 00   ................	
    00 00 00 00 15                                    .....           	
[20/02/2026 12:20:13] Read data (COM4)	
    50 00 81 44 08 00 00 00 01 14 1a 02 14 0c 0d 38   P.ÅD...........8	
    c4 94 98 00 00 00 00 00 00 00 00 00 00 00 00 00   ƒîò.............	
    00 00 00 00 a3                                    ....£           	
[20/02/2026 12:20:13] Written data (COM4)	
    50 00 81 64 00 00 00 00 00 00 00 00 00 00 00 00   P.Åd............	
    00 00 00 00 00 00 00 00 00 00 00 00 00 00 00 00   ................	
    00 00 00 00 35                                    ....5           	
[20/02/2026 12:20:13] Read data (COM4)	
    50 00 81 64 00 00 80 00 00 00 00 00 00 00 00 00   P.Åd..Ä.........	
    00 00 00 00 00 00 00 00 00 00 00 00 00 00 00 00   ................	
    00 00 00 00 b5                                    ....µ           	
[20/02/2026 12:20:13] Written data (COM4)	
    50 00 81 84 00 00 00 00 00 00 00 00 00 00 00 00   P.ÅÑ............	
    00 00 00 00 00 00 00 00 00 00 00 00 00 00 00 00   ................	
    00 00 00 00 55                                    ....U           	
[20/02/2026 12:20:13] Read data (COM4)	
    50 00 81 84 00 00 00 00 00 00 00 00 00 00 00 00   P.ÅÑ............	
    00 00 00 00 00 04 0b 04 00 00 00 09 00 00 00 00   ................	
    09 00 00 00 7a                                    ....z           	
[20/02/2026 12:20:13] Written data (COM4)	
    50 00 81 95 00 00 00 00 00 00 00 00 00 00 00 00   P.Åï............	
    00 00 00 00 00 00 00 00 00 00 00 00 00 00 00 00   ................	
    00 00 00 00 66                                    ....f           	
[20/02/2026 12:20:13] Read data (COM4)	
    50 00 81 95 04 0b 04 00 00 00 09 00 00 00 00 09   P.Åï............	
    00 00 00 00 09 00 00 00 04 8a 02 b5 01 8a 02 89   .........ä.µ.ä.â	
    02 89 02 89 05                                    .â.â.           	
[20/02/2026 12:20:14] Written data (COM4)	
    50 00 81 44 00 00 00 00 00 00 00 00 00 00 00 00   P.ÅD............	
    00 00 00 00 00 00 00 00 00 00 00 00 00 00 00 00   ................	
    00 00 00 00 15                                    .....           	
[20/02/2026 12:20:14] Read data (COM4)	
    50 00 81 44 08 00 00 00 01 14 1a 02 14 0c 0d 39   P.ÅD...........9	
    c4 94 98 00 00 00 00 00 00 00 00 00 00 00 00 00   ƒîò.............	
    00 00 00 00 a4                                    ....§           	
[20/02/2026 12:20:14] Written data (COM4)	
    50 00 81 64 00 00 00 00 00 00 00 00 00 00 00 00   P.Åd............	
    00 00 00 00 00 00 00 00 00 00 00 00 00 00 00 00   ................	
    00 00 00 00 35                                    ....5           	
[20/02/2026 12:20:14] Read data (COM4)	
    50 00 81 64 00 00 80 00 00 00 00 00 00 00 00 00   P.Åd..Ä.........	
    00 00 00 00 00 00 00 00 00 00 00 00 00 00 00 00   ................	
    00 00 00 00 b5                                    ....µ           	
[20/02/2026 12:20:14] Written data (COM4)	
    50 00 81 84 00 00 00 00 00 00 00 00 00 00 00 00   P.ÅÑ............	
    00 00 00 00 00 00 00 00 00 00 00 00 00 00 00 00   ................	
    00 00 00 00 55                                    ....U           	
[20/02/2026 12:20:14] Read data (COM4)	
    50 00 81 84 00 00 00 00 00 00 00 00 00 00 00 00   P.ÅÑ............	
    00 00 00 00 00 04 0b 04 00 00 00 09 00 00 00 00   ................	
    09 00 00 00 7a                                    ....z           	
[20/02/2026 12:20:14] Written data (COM4)	
    50 00 81 95 00 00 00 00 00 00 00 00 00 00 00 00   P.Åï............	
    00 00 00 00 00 00 00 00 00 00 00 00 00 00 00 00   ................	
    00 00 00 00 66                                    ....f           	
[20/02/2026 12:20:14] Read data (COM4)	
    50 00 81 95 04 0b 04 00 00 00 09 00 00 00 00 09   P.Åï............	
    00 00 00 00 09 00 00 00 04 8a 02 b5 01 8a 02 89   .........ä.µ.ä.â	
    02 89 02 89 05                                    .â.â.           	
[20/02/2026 12:20:14] Written data (COM4)	
    50 00 81 44 00 00 00 00 00 00 00 00 00 00 00 00   P.ÅD............	
    00 00 00 00 00 00 00 00 00 00 00 00 00 00 00 00   ................	
    00 00 00 00 15                                    .....           	
[20/02/2026 12:20:14] Read data (COM4)	
    50 00 81 44 08 00 00 00 01 14 1a 02 14 0c 0d 3a   P.ÅD...........:	
    c4 94 98 00 00 00 00 00 00 00 00 00 00 00 00 00   ƒîò.............	
    00 00 00 00 a5                                    ....•           	
[20/02/2026 12:20:15] Written data (COM4)	
    50 00 81 64 00 00 00 00 00 00 00 00 00 00 00 00   P.Åd............	
    00 00 00 00 00 00 00 00 00 00 00 00 00 00 00 00   ................	
    00 00 00 00 35                                    ....5           	
[20/02/2026 12:20:15] Read data (COM4)	
    50 00 81 64 00 00 80 00 00 00 00 00 00 00 00 00   P.Åd..Ä.........	
    00 00 00 00 00 00 00 00 00 00 00 00 00 00 00 00   ................	
    00 00 00 00 b5                                    ....µ           	
[20/02/2026 12:20:15] Written data (COM4)	
    50 00 81 84 00 00 00 00 00 00 00 00 00 00 00 00   P.ÅÑ............	
    00 00 00 00 00 00 00 00 00 00 00 00 00 00 00 00   ................	
    00 00 00 00 55                                    ....U           	
[20/02/2026 12:20:15] Read data (COM4)	
    50 00 81 84 00 00 00 00 00 00 00 00 00 00 00 00   P.ÅÑ............	
    00 00 00 00 00 04 0b 04 00 00 00 09 00 00 00 00   ................	
    09 00 00 00 7a                                    ....z           	
[20/02/2026 12:20:15] Written data (COM4)	
    50 00 81 95 00 00 00 00 00 00 00 00 00 00 00 00   P.Åï............	
    00 00 00 00 00 00 00 00 00 00 00 00 00 00 00 00   ................	
    00 00 00 00 66                                    ....f           	
[20/02/2026 12:20:15] Read data (COM4)	
    50 00 81 95 04 0b 04 00 00 00 09 00 00 00 00 09   P.Åï............	
    00 00 00 00 09 00 00 00 04 8a 02 b5 01 8a 02 89   .........ä.µ.ä.â	
    02 89 02 89 05                                    .â.â.           	
[20/02/2026 12:20:15] Written data (COM4)	
    50 00 81 44 00 00 00 00 00 00 00 00 00 00 00 00   P.ÅD............	
    00 00 00 00 00 00 00 00 00 00 00 00 00 00 00 00   ................	
    00 00 00 00 15                                    .....           	
[20/02/2026 12:20:15] Read data (COM4)	
    50 00 81 44 08 00 00 00 01 14 1a 02 14 0c 0d 3a   P.ÅD...........:	
    c4 94 98 00 00 00 00 00 00 00 00 00 00 00 00 00   ƒîò.............	
    00 00 00 00 a5                                    ....•           	
[20/02/2026 12:20:15] Written data (COM4)	
    50 00 81 64 00 00 00 00 00 00 00 00 00 00 00 00   P.Åd............	
    00 00 00 00 00 00 00 00 00 00 00 00 00 00 00 00   ................	
    00 00 00 00 35                                    ....5           	
[20/02/2026 12:20:15] Read data (COM4)	
    50 00 81 64 00 00 80 00 00 00 00 00 00 00 00 00   P.Åd..Ä.........	
    00 00 00 00 00 00 00 00 00 00 00 00 00 00 00 00   ................	
    00 00 00 00 b5                                    ....µ           	
[20/02/2026 12:20:16] Written data (COM4)	
    50 00 81 84 00 00 00 00 00 00 00 00 00 00 00 00   P.ÅÑ............	
    00 00 00 00 00 00 00 00 00 00 00 00 00 00 00 00   ................	
    00 00 00 00 55                                    ....U           	
[20/02/2026 12:20:16] Read data (COM4)	
    50 00 81 84 00 00 00 00 00 00 00 00 00 00 00 00   P.ÅÑ............	
    00 00 00 00 00 04 0b 04 00 00 00 09 00 00 00 00   ................	
    09 00 00 00 7a                                    ....z           	
[20/02/2026 12:20:16] Written data (COM4)	
    50 00 81 95 00 00 00 00 00 00 00 00 00 00 00 00   P.Åï............	
    00 00 00 00 00 00 00 00 00 00 00 00 00 00 00 00   ................	
    00 00 00 00 66                                    ....f           	
[20/02/2026 12:20:16] Read data (COM4)	
    50 00 81 95 04 0b 04 00 00 00 09 00 00 00 00 09   P.Åï............	
    00 00 00 00 09 00 00 00 04 8a 02 b5 01 8a 02 89   .........ä.µ.ä.â	
    02 89 02 89 05                                    .â.â.           	
[20/02/2026 12:20:16] Written data (COM4)	
    50 00 81 44 00 00 00 00 00 00 00 00 00 00 00 00   P.ÅD............	
    00 00 00 00 00 00 00 00 00 00 00 00 00 00 00 00   ................	
    00 00 00 00 15                                    .....           	
[20/02/2026 12:20:16] Read data (COM4)	
    50 00 81 44 08 00 00 00 01 14 1a 02 14 0c 0d 3b   P.ÅD...........;	
    c4 94 98 00 00 00 00 00 00 00 00 00 00 00 00 00   ƒîò.............	
    00 00 00 00 a6                                    ....¶           	
[20/02/2026 12:20:16] Written data (COM4)	
    50 00 81 64 00 00 00 00 00 00 00 00 00 00 00 00   P.Åd............	
    00 00 00 00 00 00 00 00 00 00 00 00 00 00 00 00   ................	
    00 00 00 00 35                                    ....5           	
[20/02/2026 12:20:16] Read data (COM4)	
    50 00 81 64 00 00 80 00 00 00 00 00 00 00 00 00   P.Åd..Ä.........	
    00 00 00 00 00 00 00 00 00 00 00 00 00 00 00 00   ................	
    00 00 00 00 b5                                    ....µ           	
[20/02/2026 12:20:16] Written data (COM4)	
    50 00 81 84 00 00 00 00 00 00 00 00 00 00 00 00   P.ÅÑ............	
    00 00 00 00 00 00 00 00 00 00 00 00 00 00 00 00   ................	
    00 00 00 00 55                                    ....U           	
[20/02/2026 12:20:16] Read data (COM4)	
    50 00 81 84 00 00 00 00 00 00 00 00 00 00 00 00   P.ÅÑ............	
    00 00 00 00 00 04 0b 04 00 00 00 09 00 00 00 00   ................	
    09 00 00 00 7a                                    ....z           	
[20/02/2026 12:20:17] Written data (COM4)	
    50 00 81 95 00 00 00 00 00 00 00 00 00 00 00 00   P.Åï............	
    00 00 00 00 00 00 00 00 00 00 00 00 00 00 00 00   ................	
    00 00 00 00 66                                    ....f           	
[20/02/2026 12:20:17] Read data (COM4)	
    50 00 81 95 04 0b 04 00 00 00 09 00 00 00 00 09   P.Åï............	
    00 00 00 00 09 00 00 00 04 8a 02 b5 01 8a 02 89   .........ä.µ.ä.â	
    02 89 02 89 05                                    .â.â.           	
[20/02/2026 12:20:17] Written data (COM4)	
    50 00 81 44 00 00 00 00 00 00 00 00 00 00 00 00   P.ÅD............	
    00 00 00 00 00 00 00 00 00 00 00 00 00 00 00 00   ................	
    00 00 00 00 15                                    .....           	
[20/02/2026 12:20:17] Read data (COM4)	
    50 00 81 44 08 00 00 00 01 14 1a 02 14 0c 0e 00   P.ÅD............	
    c4 94 98 00 00 00 00 00 00 00 00 00 00 00 00 00   ƒîò.............	
    00 00 00 00 6c                                    ....l           	
[20/02/2026 12:20:17] Written data (COM4)	
    50 00 81 64 00 00 00 00 00 00 00 00 00 00 00 00   P.Åd............	
    00 00 00 00 00 00 00 00 00 00 00 00 00 00 00 00   ................	
    00 00 00 00 35                                    ....5           	
[20/02/2026 12:20:17] Read data (COM4)	
    50 00 81 64 00 00 80 00 00 00 00 00 00 00 00 00   P.Åd..Ä.........	
    00 00 00 00 00 00 00 00 00 00 00 00 00 00 00 00   ................	
    00 00 00 00 b5                                    ....µ           	
[20/02/2026 12:20:17] Written data (COM4)	
    50 00 81 84 00 00 00 00 00 00 00 00 00 00 00 00   P.ÅÑ............	
    00 00 00 00 00 00 00 00 00 00 00 00 00 00 00 00   ................	
    00 00 00 00 55                                    ....U           	
[20/02/2026 12:20:17] Read data (COM4)	
    50 00 81 84 00 00 00 00 00 00 00 00 00 00 00 00   P.ÅÑ............	
    00 00 00 00 00 04 0b 04 00 00 00 09 00 00 00 00   ................	
    09 00 00 00 7a                                    ....z           	
[20/02/2026 12:20:17] Written data (COM4)	
    50 00 81 95 00 00 00 00 00 00 00 00 00 00 00 00   P.Åï............	
    00 00 00 00 00 00 00 00 00 00 00 00 00 00 00 00   ................	
    00 00 00 00 66                                    ....f           	
[20/02/2026 12:20:17] Read data (COM4)	
    50 00 81 95 04 0b 04 00 00 00 09 00 00 00 00 09   P.Åï............	
    00 00 00 00 09 00 00 00 04 8a 02 b5 01 8a 02 89   .........ä.µ.ä.â	
    02 89 02 89 05                                    .â.â.           	
[20/02/2026 12:20:18] Written data (COM4)	
    50 00 81 44 00 00 00 00 00 00 00 00 00 00 00 00   P.ÅD............	
    00 00 00 00 00 00 00 00 00 00 00 00 00 00 00 00   ................	
    00 00 00 00 15                                    .....           	
[20/02/2026 12:20:18] Read data (COM4)	
    50 00 81 44 08 00 00 00 01 14 1a 02 14 0c 0e 01   P.ÅD............	
    c4 94 98 00 00 00 00 00 00 00 00 00 00 00 00 00   ƒîò.............	
    00 00 00 00 6d                                    ....m           	
[20/02/2026 12:20:18] Written data (COM4)	
    50 00 81 64 00 00 00 00 00 00 00 00 00 00 00 00   P.Åd............	
    00 00 00 00 00 00 00 00 00 00 00 00 00 00 00 00   ................	
    00 00 00 00 35                                    ....5           	
[20/02/2026 12:20:18] Read data (COM4)	
    50 00 81 64 00 00 80 00 00 00 00 00 00 00 00 00   P.Åd..Ä.........	
    00 00 00 00 00 00 00 00 00 00 00 00 00 00 00 00   ................	
    00 00 00 00 b5                                    ....µ           	
[20/02/2026 12:20:18] Written data (COM4)	
    50 00 81 84 00 00 00 00 00 00 00 00 00 00 00 00   P.ÅÑ............	
    00 00 00 00 00 00 00 00 00 00 00 00 00 00 00 00   ................	
    00 00 00 00 55                                    ....U           	
[20/02/2026 12:20:18] Read data (COM4)	
    50 00 81 84 00 00 00 00 00 00 00 00 00 00 00 00   P.ÅÑ............	
    00 00 00 00 00 04 0b 04 00 00 00 09 00 00 00 00   ................	
    09 00 00 00 7a                                    ....z           	
[20/02/2026 12:20:18] Written data (COM4)	
    50 00 81 95 00 00 00 00 00 00 00 00 00 00 00 00   P.Åï............	
    00 00 00 00 00 00 00 00 00 00 00 00 00 00 00 00   ................	
    00 00 00 00 66                                    ....f           	
[20/02/2026 12:20:18] Read data (COM4)	
    50 00 81 95 04 0b 04 00 00 00 09 00 00 00 00 09   P.Åï............	
    00 00 00 00 09 00 00 00 04 8a 02 b5 01 8a 02 89   .........ä.µ.ä.â	
    02 89 02 89 05                                    .â.â.           	
[20/02/2026 12:20:18] Written data (COM4)	
    50 00 81 44 00 00 00 00 00 00 00 00 00 00 00 00   P.ÅD............	
    00 00 00 00 00 00 00 00 00 00 00 00 00 00 00 00   ................	
    00 00 00 00 15                                    .....           	
[20/02/2026 12:20:18] Read data (COM4)	
    50 00 81 44 08 00 00 00 01 14 1a 02 14 0c 0e 02   P.ÅD............	
    c4 94 97 00 00 00 00 00 00 00 00 00 00 00 00 00   ƒîó.............	
    00 00 00 00 6d                                    ....m           	
[20/02/2026 12:20:19] Written data (COM4)	
    50 00 81 64 00 00 00 00 00 00 00 00 00 00 00 00   P.Åd............	
    00 00 00 00 00 00 00 00 00 00 00 00 00 00 00 00   ................	
    00 00 00 00 35                                    ....5           	
[20/02/2026 12:20:19] Read data (COM4)	
    50 00 81 64 00 00 80 00 00 00 00 00 00 00 00 00   P.Åd..Ä.........	
    00 00 00 00 00 00 00 00 00 00 00 00 00 00 00 00   ................	
    00 00 00 00 b5                                    ....µ           	
[20/02/2026 12:20:19] Written data (COM4)	
    50 00 81 84 00 00 00 00 00 00 00 00 00 00 00 00   P.ÅÑ............	
    00 00 00 00 00 00 00 00 00 00 00 00 00 00 00 00   ................	
    00 00 00 00 55                                    ....U           	
[20/02/2026 12:20:19] Read data (COM4)	
    50 00 81 84 00 00 00 00 00 00 00 00 00 00 00 00   P.ÅÑ............	
    00 00 00 00 00 04 0b 04 00 00 00 09 00 00 00 00   ................	
    09 00 00 00 7a                                    ....z           	
[20/02/2026 12:20:19] Written data (COM4)	
    50 00 81 95 00 00 00 00 00 00 00 00 00 00 00 00   P.Åï............	
    00 00 00 00 00 00 00 00 00 00 00 00 00 00 00 00   ................	
    00 00 00 00 66                                    ....f           	
[20/02/2026 12:20:19] Read data (COM4)	
    50 00 81 95 04 0b 04 00 00 00 09 00 00 00 00 09   P.Åï............	
    00 00 00 00 09 00 00 00 04 8a 02 b5 01 8a 02 89   .........ä.µ.ä.â	
    02 89 02 89 05                                    .â.â.           	
[20/02/2026 12:20:19] Written data (COM4)	
    50 00 81 44 00 00 00 00 00 00 00 00 00 00 00 00   P.ÅD............	
    00 00 00 00 00 00 00 00 00 00 00 00 00 00 00 00   ................	
    00 00 00 00 15                                    .....           	
[20/02/2026 12:20:19] Read data (COM4)	
    50 00 81 44 08 00 00 00 01 14 1a 02 14 0c 0e 02   P.ÅD............	
    c4 94 98 00 00 00 00 00 00 00 00 00 00 00 00 00   ƒîò.............	
    00 00 00 00 6e                                    ....n           	
[20/02/2026 12:20:19] Written data (COM4)	
    50 00 81 64 00 00 00 00 00 00 00 00 00 00 00 00   P.Åd............	
    00 00 00 00 00 00 00 00 00 00 00 00 00 00 00 00   ................	
    00 00 00 00 35                                    ....5           	
[20/02/2026 12:20:19] Read data (COM4)	
    50 00 81 64 00 00 80 00 00 00 00 00 00 00 00 00   P.Åd..Ä.........	
    00 00 00 00 00 00 00 00 00 00 00 00 00 00 00 00   ................	
    00 00 00 00 b5                                    ....µ           	
[20/02/2026 12:20:20] Written data (COM4)	
    50 00 81 84 00 00 00 00 00 00 00 00 00 00 00 00   P.ÅÑ............	
    00 00 00 00 00 00 00 00 00 00 00 00 00 00 00 00   ................	
    00 00 00 00 55                                    ....U           	
[20/02/2026 12:20:20] Read data (COM4)	
    50 00 81 84 00 00 00 00 00 00 00 00 00 00 00 00   P.ÅÑ............	
    00 00 00 00 00 04 0b 04 00 00 00 09 00 00 00 00   ................	
    09 00 00 00 7a                                    ....z           	
[20/02/2026 12:20:20] Written data (COM4)	
    50 00 81 95 00 00 00 00 00 00 00 00 00 00 00 00   P.Åï............	
    00 00 00 00 00 00 00 00 00 00 00 00 00 00 00 00   ................	
    00 00 00 00 66                                    ....f           	
[20/02/2026 12:20:20] Read data (COM4)	
    50 00 81 95 04 0b 04 00 00 00 09 00 00 00 00 09   P.Åï............	
    00 00 00 00 09 00 00 00 04 8a 02 b5 01 8a 02 89   .........ä.µ.ä.â	
    02 89 02 89 05                                    .â.â.           	
[20/02/2026 12:20:20] Written data (COM4)	
    50 00 81 44 00 00 00 00 00 00 00 00 00 00 00 00   P.ÅD............	
    00 00 00 00 00 00 00 00 00 00 00 00 00 00 00 00   ................	
    00 00 00 00 15                                    .....           	
[20/02/2026 12:20:20] Read data (COM4)	
    50 00 81 44 08 00 00 00 01 14 1a 02 14 0c 0e 03   P.ÅD............	
    c4 94 97 00 00 00 00 00 00 00 00 00 00 00 00 00   ƒîó.............	
    00 00 00 00 6e                                    ....n           	
[20/02/2026 12:20:20] Written data (COM4)	
    50 00 81 64 00 00 00 00 00 00 00 00 00 00 00 00   P.Åd............	
    00 00 00 00 00 00 00 00 00 00 00 00 00 00 00 00   ................	
    00 00 00 00 35                                    ....5           	
[20/02/2026 12:20:20] Read data (COM4)	
    50 00 81 64 00 00 80 00 00 00 00 00 00 00 00 00   P.Åd..Ä.........	
    00 00 00 00 00 00 00 00 00 00 00 00 00 00 00 00   ................	
    00 00 00 00 b5                                    ....µ           	
[20/02/2026 12:20:20] Written data (COM4)	
    50 00 81 84 00 00 00 00 00 00 00 00 00 00 00 00   P.ÅÑ............	
    00 00 00 00 00 00 00 00 00 00 00 00 00 00 00 00   ................	
    00 00 00 00 55                                    ....U           	
[20/02/2026 12:20:21] Read data (COM4)	
    50 00 81 84 00 00 00 00 00 00 00 00 00 00 00 00   P.ÅÑ............	
    00 00 00 00 00 04 0b 04 00 00 00 09 00 00 00 00   ................	
    09 00 00 00 7a                                    ....z           	
[20/02/2026 12:20:21] Written data (COM4)	
    50 00 81 95 00 00 00 00 00 00 00 00 00 00 00 00   P.Åï............	
    00 00 00 00 00 00 00 00 00 00 00 00 00 00 00 00   ................	
    00 00 00 00 66                                    ....f           	
[20/02/2026 12:20:21] Read data (COM4)	
    50 00 81 95 04 0b 04 00 00 00 09 00 00 00 00 09   P.Åï............	
    00 00 00 00 09 00 00 00 04 8a 02 b5 01 8a 02 89   .........ä.µ.ä.â	
    02 89 02 89 05                                    .â.â.           	
[20/02/2026 12:20:21] Written data (COM4)	
    50 00 81 44 00 00 00 00 00 00 00 00 00 00 00 00   P.ÅD............	
    00 00 00 00 00 00 00 00 00 00 00 00 00 00 00 00   ................	
    00 00 00 00 15                                    .....           	
[20/02/2026 12:20:21] Read data (COM4)	
    50 00 81 44 08 00 00 00 01 14 1a 02 14 0c 0e 04   P.ÅD............	
    c4 94 98 00 00 00 00 00 00 00 00 00 00 00 00 00   ƒîò.............	
    00 00 00 00 70                                    ....p           	
[20/02/2026 12:20:21] Written data (COM4)	
    50 00 81 64 00 00 00 00 00 00 00 00 00 00 00 00   P.Åd............	
    00 00 00 00 00 00 00 00 00 00 00 00 00 00 00 00   ................	
    00 00 00 00 35                                    ....5           	
[20/02/2026 12:20:21] Read data (COM4)	
    50 00 81 64 00 00 80 00 00 00 00 00 00 00 00 00   P.Åd..Ä.........	
    00 00 00 00 00 00 00 00 00 00 00 00 00 00 00 00   ................	
    00 00 00 00 b5                                    ....µ           	
[20/02/2026 12:20:21] Written data (COM4)	
    50 00 81 84 00 00 00 00 00 00 00 00 00 00 00 00   P.ÅÑ............	
    00 00 00 00 00 00 00 00 00 00 00 00 00 00 00 00   ................	
    00 00 00 00 55                                    ....U           	
[20/02/2026 12:20:21] Read data (COM4)	
    50 00 81 84 00 00 00 00 00 00 00 00 00 00 00 00   P.ÅÑ............	
    00 00 00 00 00 04 0b 04 00 00 00 09 00 00 00 00   ................	
    09 00 00 00 7a                                    ....z           	
[20/02/2026 12:20:22] Written data (COM4)	
    50 00 81 95 00 00 00 00 00 00 00 00 00 00 00 00   P.Åï............	
    00 00 00 00 00 00 00 00 00 00 00 00 00 00 00 00   ................	
    00 00 00 00 66                                    ....f           	
[20/02/2026 12:20:22] Read data (COM4)	
    50 00 81 95 04 0b 04 00 00 00 09 00 00 00 00 09   P.Åï............	
    00 00 00 00 09 00 00 00 04 8a 02 b5 01 8a 02 89   .........ä.µ.ä.â	
    02 89 02 89 05                                    .â.â.           	
[20/02/2026 12:20:22] Written data (COM4)	
    50 00 81 44 00 00 00 00 00 00 00 00 00 00 00 00   P.ÅD............	
    00 00 00 00 00 00 00 00 00 00 00 00 00 00 00 00   ................	
    00 00 00 00 15                                    .....           	
[20/02/2026 12:20:22] Read data (COM4)	
    50 00 81 44 08 00 00 00 01 14 1a 02 14 0c 0e 05   P.ÅD............	
    c4 94 98 00 00 00 00 00 00 00 00 00 00 00 00 00   ƒîò.............	
    00 00 00 00 71                                    ....q           	
[20/02/2026 12:20:22] Written data (COM4)	
    50 00 81 64 00 00 00 00 00 00 00 00 00 00 00 00   P.Åd............	
    00 00 00 00 00 00 00 00 00 00 00 00 00 00 00 00   ................	
    00 00 00 00 35                                    ....5           	
[20/02/2026 12:20:22] Read data (COM4)	
    50 00 81 64 00 00 80 00 00 00 00 00 00 00 00 00   P.Åd..Ä.........	
    00 00 00 00 00 00 00 00 00 00 00 00 00 00 00 00   ................	
    00 00 00 00 b5                                    ....µ           	
[20/02/2026 12:20:22] Written data (COM4)	
    50 00 81 84 00 00 00 00 00 00 00 00 00 00 00 00   P.ÅÑ............	
    00 00 00 00 00 00 00 00 00 00 00 00 00 00 00 00   ................	
    00 00 00 00 55                                    ....U           	
[20/02/2026 12:20:22] Read data (COM4)	
    50 00 81 84 00 00 00 00 00 00 00 00 00 00 00 00   P.ÅÑ............	
    00 00 00 00 00 04 0b 04 00 00 00 09 00 00 00 00   ................	
    09 00 00 00 7a                                    ....z           	
[20/02/2026 12:20:22] Written data (COM4)	
    50 00 81 95 00 00 00 00 00 00 00 00 00 00 00 00   P.Åï............	
    00 00 00 00 00 00 00 00 00 00 00 00 00 00 00 00   ................	
    00 00 00 00 66                                    ....f           	
[20/02/2026 12:20:22] Read data (COM4)	
    50 00 81 95 04 0b 04 00 00 00 09 00 00 00 00 09   P.Åï............	
    00 00 00 00 09 00 00 00 04 8a 02 b5 01 8a 02 89   .........ä.µ.ä.â	
    02 89 02 89 05                                    .â.â.           	
[20/02/2026 12:20:23] Written data (COM4)	
    50 00 81 44 00 00 00 00 00 00 00 00 00 00 00 00   P.ÅD............	
    00 00 00 00 00 00 00 00 00 00 00 00 00 00 00 00   ................	
    00 00 00 00 15                                    .....           	
[20/02/2026 12:20:23] Read data (COM4)	
    50 00 81 44 08 00 00 00 01 14 1a 02 14 0c 0e 06   P.ÅD............	
    c4 94 98 00 00 00 00 00 00 00 00 00 00 00 00 00   ƒîò.............	
    00 00 00 00 72                                    ....r           	
[20/02/2026 12:20:23] Written data (COM4)	
    50 00 81 64 00 00 00 00 00 00 00 00 00 00 00 00   P.Åd............	
    00 00 00 00 00 00 00 00 00 00 00 00 00 00 00 00   ................	
    00 00 00 00 35                                    ....5           	
[20/02/2026 12:20:23] Read data (COM4)	
    50 00 81 64 00 00 80 00 00 00 00 00 00 00 00 00   P.Åd..Ä.........	
    00 00 00 00 00 00 00 00 00 00 00 00 00 00 00 00   ................	
    00 00 00 00 b5                                    ....µ           	
[20/02/2026 12:20:23] Written data (COM4)	
    50 00 81 84 00 00 00 00 00 00 00 00 00 00 00 00   P.ÅÑ............	
    00 00 00 00 00 00 00 00 00 00 00 00 00 00 00 00   ................	
    00 00 00 00 55                                    ....U           	
[20/02/2026 12:20:23] Read data (COM4)	
    50 00 81 84 00 00 00 00 00 00 00 00 00 00 00 00   P.ÅÑ............	
    00 00 00 00 00 04 0b 04 00 00 00 09 00 00 00 00   ................	
    09 00 00 00 7a                                    ....z           	
[20/02/2026 12:20:23] Written data (COM4)	
    50 00 81 95 00 00 00 00 00 00 00 00 00 00 00 00   P.Åï............	
    00 00 00 00 00 00 00 00 00 00 00 00 00 00 00 00   ................	
    00 00 00 00 66                                    ....f           	
[20/02/2026 12:20:23] Read data (COM4)	
    50 00 81 95 04 0b 04 00 00 00 09 00 00 00 00 09   P.Åï............	
    00 00 00 00 09 00 00 00 04 8a 02 b5 01 8a 02 89   .........ä.µ.ä.â	
    02 89 02 89 05                                    .â.â.           	
[20/02/2026 12:20:23] Written data (COM4)	
    50 00 81 44 00 00 00 00 00 00 00 00 00 00 00 00   P.ÅD............	
    00 00 00 00 00 00 00 00 00 00 00 00 00 00 00 00   ................	
    00 00 00 00 15                                    .....           	
[20/02/2026 12:20:23] Read data (COM4)	
    50 00 81 44 08 00 00 00 01 14 1a 02 14 0c 0e 07   P.ÅD............	
    c4 94 98 00 00 00 00 00 00 00 00 00 00 00 00 00   ƒîò.............	
    00 00 00 00 73                                    ....s           	
[20/02/2026 12:20:24] Written data (COM4)	
    50 00 81 64 00 00 00 00 00 00 00 00 00 00 00 00   P.Åd............	
    00 00 00 00 00 00 00 00 00 00 00 00 00 00 00 00   ................	
    00 00 00 00 35                                    ....5           	
[20/02/2026 12:20:24] Read data (COM4)	
    50 00 81 64 00 00 80 00 00 00 00 00 00 00 00 00   P.Åd..Ä.........	
    00 00 00 00 00 00 00 00 00 00 00 00 00 00 00 00   ................	
    00 00 00 00 b5                                    ....µ           	
[20/02/2026 12:20:24] Written data (COM4)	
    50 00 81 84 00 00 00 00 00 00 00 00 00 00 00 00   P.ÅÑ............	
    00 00 00 00 00 00 00 00 00 00 00 00 00 00 00 00   ................	
    00 00 00 00 55                                    ....U           	
[20/02/2026 12:20:24] Read data (COM4)	
    50 00 81 84 00 00 00 00 00 00 00 00 00 00 00 00   P.ÅÑ............	
    00 00 00 00 00 04 0b 04 00 00 00 09 00 00 00 00   ................	
    09 00 00 00 7a                                    ....z           	
[20/02/2026 12:20:24] Written data (COM4)	
    50 00 81 95 00 00 00 00 00 00 00 00 00 00 00 00   P.Åï............	
    00 00 00 00 00 00 00 00 00 00 00 00 00 00 00 00   ................	
    00 00 00 00 66                                    ....f           	
[20/02/2026 12:20:24] Read data (COM4)	
    50 00 81 95 04 0b 04 00 00 00 09 00 00 00 00 09   P.Åï............	
    00 00 00 00 09 00 00 00 04 8a 02 b5 01 8a 02 89   .........ä.µ.ä.â	
    02 89 02 89 05                                    .â.â.           	
[20/02/2026 12:20:24] Written data (COM4)	
    50 00 81 44 00 00 00 00 00 00 00 00 00 00 00 00   P.ÅD............	
    00 00 00 00 00 00 00 00 00 00 00 00 00 00 00 00   ................	
    00 00 00 00 15                                    .....           	
[20/02/2026 12:20:24] Read data (COM4)	
    50 00 81 44 08 00 00 00 01 14 1a 02 14 0c 0e 07   P.ÅD............	
    c4 94 98 00 00 00 00 00 00 00 00 00 00 00 00 00   ƒîò.............	
    00 00 00 00 73                                    ....s           	
[20/02/2026 12:20:24] Written data (COM4)	
    50 00 81 64 00 00 00 00 00 00 00 00 00 00 00 00   P.Åd............	
    00 00 00 00 00 00 00 00 00 00 00 00 00 00 00 00   ................	
    00 00 00 00 35                                    ....5           	
[20/02/2026 12:20:24] Read data (COM4)	
    50 00 81 64 00 00 80 00 00 00 00 00 00 00 00 00   P.Åd..Ä.........	
    00 00 00 00 00 00 00 00 00 00 00 00 00 00 00 00   ................	
    00 00 00 00 b5                                    ....µ           	
[20/02/2026 12:20:25] Written data (COM4)	
    50 00 81 84 00 00 00 00 00 00 00 00 00 00 00 00   P.ÅÑ............	
    00 00 00 00 00 00 00 00 00 00 00 00 00 00 00 00   ................	
    00 00 00 00 55                                    ....U           	
[20/02/2026 12:20:25] Read data (COM4)	
    50 00 81 84 00 00 00 00 00 00 00 00 00 00 00 00   P.ÅÑ............	
    00 00 00 00 00 04 0b 04 00 00 00 09 00 00 00 00   ................	
    09 00 00 00 7a                                    ....z           	
[20/02/2026 12:20:25] Written data (COM4)	
    50 00 81 95 00 00 00 00 00 00 00 00 00 00 00 00   P.Åï............	
    00 00 00 00 00 00 00 00 00 00 00 00 00 00 00 00   ................	
    00 00 00 00 66                                    ....f           	
[20/02/2026 12:20:25] Read data (COM4)	
    50 00 81 95 04 0b 04 00 00 00 09 00 00 00 00 09   P.Åï............	
    00 00 00 00 09 00 00 00 04 8a 02 b5 01 8a 02 89   .........ä.µ.ä.â	
    02 89 02 89 05                                    .â.â.           	
[20/02/2026 12:20:25] Written data (COM4)	
    50 00 81 44 00 00 00 00 00 00 00 00 00 00 00 00   P.ÅD............	
    00 00 00 00 00 00 00 00 00 00 00 00 00 00 00 00   ................	
    00 00 00 00 15                                    .....           	
[20/02/2026 12:20:25] Read data (COM4)	
    50 00 81 44 08 00 00 00 01 14 1a 02 14 0c 0e 08   P.ÅD............	
    c4 94 98 00 00 00 00 00 00 00 00 00 00 00 00 00   ƒîò.............	
    00 00 00 00 74                                    ....t           	
[20/02/2026 12:20:25] Written data (COM4)	
    50 00 81 64 00 00 00 00 00 00 00 00 00 00 00 00   P.Åd............	
    00 00 00 00 00 00 00 00 00 00 00 00 00 00 00 00   ................	
    00 00 00 00 35                                    ....5           	
[20/02/2026 12:20:25] Read data (COM4)	
    50 00 81 64 00 00 80 00 00 00 00 00 00 00 00 00   P.Åd..Ä.........	
    00 00 00 00 00 00 00 00 00 00 00 00 00 00 00 00   ................	
    00 00 00 00 b5                                    ....µ           	
[20/02/2026 12:20:25] Written data (COM4)	
    50 00 81 84 00 00 00 00 00 00 00 00 00 00 00 00   P.ÅÑ............	
    00 00 00 00 00 00 00 00 00 00 00 00 00 00 00 00   ................	
    00 00 00 00 55                                    ....U           	
[20/02/2026 12:20:25] Read data (COM4)	
    50 00 81 84 00 00 00 00 00 00 00 00 00 00 00 00   P.ÅÑ............	
    00 00 00 00 00 04 0b 04 00 00 00 09 00 00 00 00   ................	
    09 00 00 00 7a                                    ....z           	
[20/02/2026 12:20:26] Written data (COM4)	
    50 00 81 95 00 00 00 00 00 00 00 00 00 00 00 00   P.Åï............	
    00 00 00 00 00 00 00 00 00 00 00 00 00 00 00 00   ................	
    00 00 00 00 66                                    ....f           	
[20/02/2026 12:20:26] Read data (COM4)	
    50 00 81 95 04 0b 04 00 00 00 09 00 00 00 00 09   P.Åï............	
    00 00 00 00 09 00 00 00 04 8a 02 b5 01 8a 02 89   .........ä.µ.ä.â	
    02 89 02 89 05                                    .â.â.           	
[20/02/2026 12:20:26] Written data (COM4)	
    50 00 81 44 00 00 00 00 00 00 00 00 00 00 00 00   P.ÅD............	
    00 00 00 00 00 00 00 00 00 00 00 00 00 00 00 00   ................	
    00 00 00 00 15                                    .....           	
[20/02/2026 12:20:26] Read data (COM4)	
    50 00 81 44 08 00 00 00 01 14 1a 02 14 0c 0e 09   P.ÅD............	
    c4 94 98 00 00 00 00 00 00 00 00 00 00 00 00 00   ƒîò.............	
    00 00 00 00 75                                    ....u           	
[20/02/2026 12:20:26] Written data (COM4)	
    50 00 81 64 00 00 00 00 00 00 00 00 00 00 00 00   P.Åd............	
    00 00 00 00 00 00 00 00 00 00 00 00 00 00 00 00   ................	
    00 00 00 00 35                                    ....5           	
[20/02/2026 12:20:26] Read data (COM4)	
    50 00 81 64 00 00 80 00 00 00 00 00 00 00 00 00   P.Åd..Ä.........	
    00 00 00 00 00 00 00 00 00 00 00 00 00 00 00 00   ................	
    00 00 00 00 b5                                    ....µ           	
[20/02/2026 12:20:26] Written data (COM4)	
    50 00 81 84 00 00 00 00 00 00 00 00 00 00 00 00   P.ÅÑ............	
    00 00 00 00 00 00 00 00 00 00 00 00 00 00 00 00   ................	
    00 00 00 00 55                                    ....U           	
[20/02/2026 12:20:26] Read data (COM4)	
    50 00 81 84 00 00 00 00 00 00 00 00 00 00 00 00   P.ÅÑ............	
    00 00 00 00 00 04 0b 04 00 00 00 09 00 00 00 00   ................	
    09 00 00 00 7a                                    ....z           	
[20/02/2026 12:20:26] Written data (COM4)	
    50 00 81 95 00 00 00 00 00 00 00 00 00 00 00 00   P.Åï............	
    00 00 00 00 00 00 00 00 00 00 00 00 00 00 00 00   ................	
    00 00 00 00 66                                    ....f           	
[20/02/2026 12:20:26] Read data (COM4)	
    50 00 81 95 04 0b 04 00 00 00 09 00 00 00 00 09   P.Åï............	
    00 00 00 00 09 00 00 00 04 8a 02 b5 01 8a 02 89   .........ä.µ.ä.â	
    02 89 02 89 05                                    .â.â.           	
[20/02/2026 12:20:27] Written data (COM4)	
    50 00 81 44 00 00 00 00 00 00 00 00 00 00 00 00   P.ÅD............	
    00 00 00 00 00 00 00 00 00 00 00 00 00 00 00 00   ................	
    00 00 00 00 15                                    .....           	
[20/02/2026 12:20:27] Read data (COM4)	
    50 00 81 44 08 00 00 00 01 14 1a 02 14 0c 0e 0a   P.ÅD............	
    c4 94 98 00 00 00 00 00 00 00 00 00 00 00 00 00   ƒîò.............	
    00 00 00 00 76                                    ....v           	
[20/02/2026 12:20:27] Written data (COM4)	
    50 00 81 64 00 00 00 00 00 00 00 00 00 00 00 00   P.Åd............	
    00 00 00 00 00 00 00 00 00 00 00 00 00 00 00 00   ................	
    00 00 00 00 35                                    ....5           	
[20/02/2026 12:20:27] Read data (COM4)	
    50 00 81 64 00 00 80 00 00 00 00 00 00 00 00 00   P.Åd..Ä.........	
    00 00 00 00 00 00 00 00 00 00 00 00 00 00 00 00   ................	
    00 00 00 00 b5                                    ....µ           	
[20/02/2026 12:20:27] Written data (COM4)	
    50 00 81 84 00 00 00 00 00 00 00 00 00 00 00 00   P.ÅÑ............	
    00 00 00 00 00 00 00 00 00 00 00 00 00 00 00 00   ................	
    00 00 00 00 55                                    ....U           	
[20/02/2026 12:20:27] Read data (COM4)	
    50 00 81 84 00 00 00 00 00 00 00 00 00 00 00 00   P.ÅÑ............	
    00 00 00 00 00 04 0b 04 00 00 00 09 00 00 00 00   ................	
    09 00 00 00 7a                                    ....z           	
[20/02/2026 12:20:27] Written data (COM4)	
    50 00 81 95 00 00 00 00 00 00 00 00 00 00 00 00   P.Åï............	
    00 00 00 00 00 00 00 00 00 00 00 00 00 00 00 00   ................	
    00 00 00 00 66                                    ....f           	
[20/02/2026 12:20:27] Read data (COM4)	
    50 00 81 95 04 0b 04 00 00 00 09 00 00 00 00 09   P.Åï............	
    00 00 00 00 09 00 00 00 04 8a 02 b5 01 8a 02 89   .........ä.µ.ä.â	
    02 89 02 89 05                                    .â.â.           	
[20/02/2026 12:20:27] Written data (COM4)	
    50 00 81 44 00 00 00 00 00 00 00 00 00 00 00 00   P.ÅD............	
    00 00 00 00 00 00 00 00 00 00 00 00 00 00 00 00   ................	
    00 00 00 00 15                                    .....           	
[20/02/2026 12:20:27] Read data (COM4)	
    50 00 81 44 08 00 00 00 01 14 1a 02 14 0c 0e 0b   P.ÅD............	
    c4 94 98 00 00 00 00 00 00 00 00 00 00 00 00 00   ƒîò.............	
    00 00 00 00 77                                    ....w           	
[20/02/2026 12:20:28] Written data (COM4)	
    50 00 81 64 00 00 00 00 00 00 00 00 00 00 00 00   P.Åd............	
    00 00 00 00 00 00 00 00 00 00 00 00 00 00 00 00   ................	
    00 00 00 00 35                                    ....5           	
[20/02/2026 12:20:28] Read data (COM4)	
    50 00 81 64 00 00 80 00 00 00 00 00 00 00 00 00   P.Åd..Ä.........	
    00 00 00 00 00 00 00 00 00 00 00 00 00 00 00 00   ................	
    00 00 00 00 b5                                    ....µ           	
[20/02/2026 12:20:28] Written data (COM4)	
    50 00 81 84 00 00 00 00 00 00 00 00 00 00 00 00   P.ÅÑ............	
    00 00 00 00 00 00 00 00 00 00 00 00 00 00 00 00   ................	
    00 00 00 00 55                                    ....U           	
[20/02/2026 12:20:28] Read data (COM4)	
    50 00 81 84 00 00 00 00 00 00 00 00 00 00 00 00   P.ÅÑ............	
    00 00 00 00 00 04 0b 04 00 00 00 09 00 00 00 00   ................	
    09 00 00 00 7a                                    ....z           	
[20/02/2026 12:20:28] Written data (COM4)	
    50 00 81 95 00 00 00 00 00 00 00 00 00 00 00 00   P.Åï............	
    00 00 00 00 00 00 00 00 00 00 00 00 00 00 00 00   ................	
    00 00 00 00 66                                    ....f           	
[20/02/2026 12:20:28] Read data (COM4)	
    50 00 81 95 04 0b 04 00 00 00 09 00 00 00 00 09   P.Åï............	
    00 00 00 00 09 00 00 00 04 8a 02 b5 01 8a 02 89   .........ä.µ.ä.â	
    02 89 02 89 05                                    .â.â.           	
[20/02/2026 12:20:28] Written data (COM4)	
    50 00 81 44 00 00 00 00 00 00 00 00 00 00 00 00   P.ÅD............	
    00 00 00 00 00 00 00 00 00 00 00 00 00 00 00 00   ................	
    00 00 00 00 15                                    .....           	
[20/02/2026 12:20:28] Read data (COM4)	
    50 00 81 44 08 00 00 00 01 14 1a 02 14 0c 0e 0c   P.ÅD............	
    c4 94 98 00 00 00 00 00 00 00 00 00 00 00 00 00   ƒîò.............	
    00 00 00 00 78                                    ....x           	
[20/02/2026 12:20:29] Written data (COM4)	
    50 00 81 64 00 00 00 00 00 00 00 00 00 00 00 00   P.Åd............	
    00 00 00 00 00 00 00 00 00 00 00 00 00 00 00 00   ................	
    00 00 00 00 35                                    ....5           	
[20/02/2026 12:20:29] Read data (COM4)	
    50 00 81 64 00 00 80 00 00 00 00 00 00 00 00 00   P.Åd..Ä.........	
    00 00 00 00 00 00 00 00 00 00 00 00 00 00 00 00   ................	
    00 00 00 00 b5                                    ....µ           	
[20/02/2026 12:20:29] Written data (COM4)	
    50 00 81 84 00 00 00 00 00 00 00 00 00 00 00 00   P.ÅÑ............	
    00 00 00 00 00 00 00 00 00 00 00 00 00 00 00 00   ................	
    00 00 00 00 55                                    ....U           	
[20/02/2026 12:20:29] Read data (COM4)	
    50 00 81 84 00 00 00 00 00 00 00 00 00 00 00 00   P.ÅÑ............	
    00 00 00 00 00 04 0b 04 00 00 00 09 00 00 00 00   ................	
    09 00 00 00 7a                                    ....z           	
[20/02/2026 12:20:29] Written data (COM4)	
    50 00 81 95 00 00 00 00 00 00 00 00 00 00 00 00   P.Åï............	
    00 00 00 00 00 00 00 00 00 00 00 00 00 00 00 00   ................	
    00 00 00 00 66                                    ....f           	
[20/02/2026 12:20:29] Read data (COM4)	
    50 00 81 95 04 0b 04 00 00 00 09 00 00 00 00 09   P.Åï............	
    00 00 00 00 09 00 00 00 04 8a 02 b5 01 8a 02 89   .........ä.µ.ä.â	
    02 89 02 89 05                                    .â.â.           	
[20/02/2026 12:20:29] Written data (COM4)	
    50 00 81 44 00 00 00 00 00 00 00 00 00 00 00 00   P.ÅD............	
    00 00 00 00 00 00 00 00 00 00 00 00 00 00 00 00   ................	
    00 00 00 00 15                                    .....           	
[20/02/2026 12:20:29] Read data (COM4)	
    50 00 81 44 08 00 00 00 01 14 1a 02 14 0c 0e 0c   P.ÅD............	
    c4 94 98 00 00 00 00 00 00 00 00 00 00 00 00 00   ƒîò.............	
    00 00 00 00 78                                    ....x           	
[20/02/2026 12:20:29] Written data (COM4)	
    50 00 81 64 00 00 00 00 00 00 00 00 00 00 00 00   P.Åd............	
    00 00 00 00 00 00 00 00 00 00 00 00 00 00 00 00   ................	
    00 00 00 00 35                                    ....5           	
[20/02/2026 12:20:29] Read data (COM4)	
    50 00 81 64 00 00 80 00 00 00 00 00 00 00 00 00   P.Åd..Ä.........	
    00 00 00 00 00 00 00 00 00 00 00 00 00 00 00 00   ................	
    00 00 00 00 b5                                    ....µ           	
[20/02/2026 12:20:30] Written data (COM4)	
    50 00 81 84 00 00 00 00 00 00 00 00 00 00 00 00   P.ÅÑ............	
    00 00 00 00 00 00 00 00 00 00 00 00 00 00 00 00   ................	
    00 00 00 00 55                                    ....U           	
[20/02/2026 12:20:30] Read data (COM4)	
    50 00 81 84 00 00 00 00 00 00 00 00 00 00 00 00   P.ÅÑ............	
    00 00 00 00 00 04 0b 04 00 00 00 09 00 00 00 00   ................	
    09 00 00 00 7a                                    ....z           	
[20/02/2026 12:20:30] Written data (COM4)	
    50 00 81 95 00 00 00 00 00 00 00 00 00 00 00 00   P.Åï............	
    00 00 00 00 00 00 00 00 00 00 00 00 00 00 00 00   ................	
    00 00 00 00 66                                    ....f           	
[20/02/2026 12:20:30] Read data (COM4)	
    50 00 81 95 04 0b 04 00 00 00 09 00 00 00 00 09   P.Åï............	
    00 00 00 00 09 00 00 00 04 8a 02 b5 01 8a 02 89   .........ä.µ.ä.â	
    02 89 02 89 05                                    .â.â.           	
[20/02/2026 12:20:30] Written data (COM4)	
    50 00 81 44 00 00 00 00 00 00 00 00 00 00 00 00   P.ÅD............	
    00 00 00 00 00 00 00 00 00 00 00 00 00 00 00 00   ................	
    00 00 00 00 15                                    .....           	
[20/02/2026 12:20:30] Read data (COM4)	
    50 00 81 44 08 00 00 00 01 14 1a 02 14 0c 0e 0d   P.ÅD............	
    c4 94 98 00 00 00 00 00 00 00 00 00 00 00 00 00   ƒîò.............	
    00 00 00 00 79                                    ....y           	
[20/02/2026 12:20:30] Written data (COM4)	
    50 00 81 64 00 00 00 00 00 00 00 00 00 00 00 00   P.Åd............	
    00 00 00 00 00 00 00 00 00 00 00 00 00 00 00 00   ................	
    00 00 00 00 35                                    ....5           	
[20/02/2026 12:20:30] Read data (COM4)	
    50 00 81 64 00 00 80 00 00 00 00 00 00 00 00 00   P.Åd..Ä.........	
    00 00 00 00 00 00 00 00 00 00 00 00 00 00 00 00   ................	
    00 00 00 00 b5                                    ....µ           	
[20/02/2026 12:20:30] Written data (COM4)	
    50 00 81 84 00 00 00 00 00 00 00 00 00 00 00 00   P.ÅÑ............	
    00 00 00 00 00 00 00 00 00 00 00 00 00 00 00 00   ................	
    00 00 00 00 55                                    ....U           	
[20/02/2026 12:20:30] Read data (COM4)	
    50 00 81 84 00 00 00 00 00 00 00 00 00 00 00 00   P.ÅÑ............	
    00 00 00 00 00 04 0b 04 00 00 00 09 00 00 00 00   ................	
    09 00 00 00 7a                                    ....z           	
[20/02/2026 12:20:31] Written data (COM4)	
    50 00 81 95 00 00 00 00 00 00 00 00 00 00 00 00   P.Åï............	
    00 00 00 00 00 00 00 00 00 00 00 00 00 00 00 00   ................	
    00 00 00 00 66                                    ....f           	
[20/02/2026 12:20:31] Read data (COM4)	
    50 00 81 95 04 0b 04 00 00 00 09 00 00 00 00 09   P.Åï............	
    00 00 00 00 09 00 00 00 04 8a 02 b5 01 8a 02 89   .........ä.µ.ä.â	
    02 89 02 89 05                                    .â.â.           	
[20/02/2026 12:20:31] Written data (COM4)	
    50 00 81 44 00 00 00 00 00 00 00 00 00 00 00 00   P.ÅD............	
    00 00 00 00 00 00 00 00 00 00 00 00 00 00 00 00   ................	
    00 00 00 00 15                                    .....           	
[20/02/2026 12:20:31] Read data (COM4)	
    50 00 81 44 08 00 00 00 01 14 1a 02 14 0c 0e 0e   P.ÅD............	
    c4 94 98 00 00 00 00 00 00 00 00 00 00 00 00 00   ƒîò.............	
    00 00 00 00 7a                                    ....z           	
[20/02/2026 12:20:31] Written data (COM4)	
    50 00 81 64 00 00 00 00 00 00 00 00 00 00 00 00   P.Åd............	
    00 00 00 00 00 00 00 00 00 00 00 00 00 00 00 00   ................	
    00 00 00 00 35                                    ....5           	
[20/02/2026 12:20:31] Read data (COM4)	
    50 00 81 64 00 00 80 00 00 00 00 00 00 00 00 00   P.Åd..Ä.........	
    00 00 00 00 00 00 00 00 00 00 00 00 00 00 00 00   ................	
    00 00 00 00 b5                                    ....µ           	
[20/02/2026 12:20:31] Written data (COM4)	
    50 00 81 84 00 00 00 00 00 00 00 00 00 00 00 00   P.ÅÑ............	
    00 00 00 00 00 00 00 00 00 00 00 00 00 00 00 00   ................	
    00 00 00 00 55                                    ....U           	
[20/02/2026 12:20:31] Read data (COM4)	
    50 00 81 84 00 00 00 00 00 00 00 00 00 00 00 00   P.ÅÑ............	
    00 00 00 00 00 04 0b 04 00 00 00 09 00 00 00 00   ................	
    09 00 00 00 7a                                    ....z           	
[20/02/2026 12:20:31] Written data (COM4)	
    50 00 81 95 00 00 00 00 00 00 00 00 00 00 00 00   P.Åï............	
    00 00 00 00 00 00 00 00 00 00 00 00 00 00 00 00   ................	
    00 00 00 00 66                                    ....f           	
[20/02/2026 12:20:31] Read data (COM4)	
    50 00 81 95 04 0b 04 00 00 00 09 00 00 00 00 09   P.Åï............	
    00 00 00 00 09 00 00 00 04 8a 02 b5 01 8a 02 89   .........ä.µ.ä.â	
    02 89 02 89 05                                    .â.â.           	
[20/02/2026 12:20:32] Written data (COM4)	
    50 00 81 44 00 00 00 00 00 00 00 00 00 00 00 00   P.ÅD............	
    00 00 00 00 00 00 00 00 00 00 00 00 00 00 00 00   ................	
    00 00 00 00 15                                    .....           	
[20/02/2026 12:20:32] Read data (COM4)	
    50 00 81 44 08 00 00 00 01 14 1a 02 14 0c 0e 0f   P.ÅD............	
    c4 94 98 00 00 00 00 00 00 00 00 00 00 00 00 00   ƒîò.............	
    00 00 00 00 7b                                    ....{           	
[20/02/2026 12:20:32] Written data (COM4)	
    50 00 81 64 00 00 00 00 00 00 00 00 00 00 00 00   P.Åd............	
    00 00 00 00 00 00 00 00 00 00 00 00 00 00 00 00   ................	
    00 00 00 00 35                                    ....5           	
[20/02/2026 12:20:32] Read data (COM4)	
    50 00 81 64 00 00 80 00 00 00 00 00 00 00 00 00   P.Åd..Ä.........	
    00 00 00 00 00 00 00 00 00 00 00 00 00 00 00 00   ................	
    00 00 00 00 b5                                    ....µ           	
[20/02/2026 12:20:32] Written data (COM4)	
    50 00 81 84 00 00 00 00 00 00 00 00 00 00 00 00   P.ÅÑ............	
    00 00 00 00 00 00 00 00 00 00 00 00 00 00 00 00   ................	
    00 00 00 00 55                                    ....U           	
[20/02/2026 12:20:32] Read data (COM4)	
    50 00 81 84 00 00 00 00 00 00 00 00 00 00 00 00   P.ÅÑ............	
    00 00 00 00 00 04 0b 04 00 00 00 09 00 00 00 00   ................	
    09 00 00 00 7a                                    ....z           	
[20/02/2026 12:20:32] Written data (COM4)	
    50 00 81 95 00 00 00 00 00 00 00 00 00 00 00 00   P.Åï............	
    00 00 00 00 00 00 00 00 00 00 00 00 00 00 00 00   ................	
    00 00 00 00 66                                    ....f           	
[20/02/2026 12:20:32] Read data (COM4)	
    50 00 81 95 04 0b 04 00 00 00 09 00 00 00 00 09   P.Åï............	
    00 00 00 00 09 00 00 00 04 8a 02 b5 01 8a 02 89   .........ä.µ.ä.â	
    02 89 02 89 05                                    .â.â.           	
[20/02/2026 12:20:32] Written data (COM4)	
    50 00 81 44 00 00 00 00 00 00 00 00 00 00 00 00   P.ÅD............	
    00 00 00 00 00 00 00 00 00 00 00 00 00 00 00 00   ................	
    00 00 00 00 15                                    .....           	
[20/02/2026 12:20:32] Read data (COM4)	
    50 00 81 44 08 00 00 00 01 14 1a 02 14 0c 0e 10   P.ÅD............	
    c4 94 98 00 00 00 00 00 00 00 00 00 00 00 00 00   ƒîò.............	
    00 00 00 00 7c                                    ....|           	
[20/02/2026 12:20:33] Written data (COM4)	
    50 00 81 64 00 00 00 00 00 00 00 00 00 00 00 00   P.Åd............	
    00 00 00 00 00 00 00 00 00 00 00 00 00 00 00 00   ................	
    00 00 00 00 35                                    ....5           	
[20/02/2026 12:20:33] Read data (COM4)	
    50 00 81 64 00 00 80 00 00 00 00 00 00 00 00 00   P.Åd..Ä.........	
    00 00 00 00 00 00 00 00 00 00 00 00 00 00 00 00   ................	
    00 00 00 00 b5                                    ....µ           	
[20/02/2026 12:20:33] Written data (COM4)	
    50 00 81 84 00 00 00 00 00 00 00 00 00 00 00 00   P.ÅÑ............	
    00 00 00 00 00 00 00 00 00 00 00 00 00 00 00 00   ................	
    00 00 00 00 55                                    ....U           	
[20/02/2026 12:20:33] Read data (COM4)	
    50 00 81 84 00 00 00 00 00 00 00 00 00 00 00 00   P.ÅÑ............	
    00 00 00 00 00 04 0b 04 00 00 00 09 00 00 00 00   ................	
    09 00 00 00 7a                                    ....z           	
[20/02/2026 12:20:33] Written data (COM4)	
    50 00 81 95 00 00 00 00 00 00 00 00 00 00 00 00   P.Åï............	
    00 00 00 00 00 00 00 00 00 00 00 00 00 00 00 00   ................	
    00 00 00 00 66                                    ....f           	
[20/02/2026 12:20:33] Read data (COM4)	
    50 00 81 95 05 09 00 00 00 00 09 00 00 00 00 09   P.Åï............	
    00 00 00 00 09 00 00 00 04 8d 02 b5 01 8b 02 89   .........ç.µ.ã.â	
    02 89 02 89 04                                    .â.â.           	
[20/02/2026 12:20:33] Written data (COM4)	
    50 00 81 44 00 00 00 00 00 00 00 00 00 00 00 00   P.ÅD............	
    00 00 00 00 00 00 00 00 00 00 00 00 00 00 00 00   ................	
    00 00 00 00 15                                    .....           	
[20/02/2026 12:20:33] Read data (COM4)	
    50 00 81 44 08 00 00 00 01 14 1a 02 14 0c 0e 10   P.ÅD............	
    c4 94 97 00 00 00 00 00 00 00 00 00 00 00 00 00   ƒîó.............	
    00 00 00 00 7b                                    ....{           	
[20/02/2026 12:20:33] Written data (COM4)	
    50 00 81 64 00 00 00 00 00 00 00 00 00 00 00 00   P.Åd............	
    00 00 00 00 00 00 00 00 00 00 00 00 00 00 00 00   ................	
    00 00 00 00 35                                    ....5           	
[20/02/2026 12:20:33] Read data (COM4)	
    50 00 81 64 00 00 80 00 00 00 00 00 00 00 00 00   P.Åd..Ä.........	
    00 00 00 00 00 00 00 00 00 00 00 00 00 00 00 00   ................	
    00 00 00 00 b5                                    ....µ           	
[20/02/2026 12:20:34] Written data (COM4)	
    50 00 81 84 00 00 00 00 00 00 00 00 00 00 00 00   P.ÅÑ............	
    00 00 00 00 00 00 00 00 00 00 00 00 00 00 00 00   ................	
    00 00 00 00 55                                    ....U           	
[20/02/2026 12:20:34] Read data (COM4)	
    50 00 81 84 00 00 00 00 00 00 00 00 00 00 00 00   P.ÅÑ............	
    00 00 00 00 00 05 09 00 00 00 00 09 00 00 00 00   ................	
    09 00 00 00 75                                    ....u           	
[20/02/2026 12:20:34] Written data (COM4)	
    50 00 81 95 00 00 00 00 00 00 00 00 00 00 00 00   P.Åï............	
    00 00 00 00 00 00 00 00 00 00 00 00 00 00 00 00   ................	
    00 00 00 00 66                                    ....f           	
[20/02/2026 12:20:34] Read data (COM4)	
    50 00 81 95 05 09 00 00 00 00 09 00 00 00 00 09   P.Åï............	
    00 00 00 00 09 00 00 00 04 8d 02 b5 01 8d 02 89   .........ç.µ.ç.â	
    02 89 02 89 06                                    .â.â.           	
[20/02/2026 12:20:34] Written data (COM4)	
    50 00 81 44 00 00 00 00 00 00 00 00 00 00 00 00   P.ÅD............	
    00 00 00 00 00 00 00 00 00 00 00 00 00 00 00 00   ................	
    00 00 00 00 15                                    .....           	
[20/02/2026 12:20:34] Read data (COM4)	
    50 00 81 44 08 00 00 00 01 14 1a 02 14 0c 0e 11   P.ÅD............	
    c4 94 98 00 00 00 00 00 00 00 00 00 00 00 00 00   ƒîò.............	
    00 00 00 00 7d                                    ....}           	
[20/02/2026 12:20:34] Written data (COM4)	
    50 00 81 64 00 00 00 00 00 00 00 00 00 00 00 00   P.Åd............	
    00 00 00 00 00 00 00 00 00 00 00 00 00 00 00 00   ................	
    00 00 00 00 35                                    ....5           	
[20/02/2026 12:20:34] Read data (COM4)	
    50 00 81 64 00 00 80 00 00 00 00 00 00 00 00 00   P.Åd..Ä.........	
    00 00 00 00 00 00 00 00 00 00 00 00 00 00 00 00   ................	
    00 00 00 00 b5                                    ....µ           	
[20/02/2026 12:20:35] Written data (COM4)	
    50 00 81 84 00 00 00 00 00 00 00 00 00 00 00 00   P.ÅÑ............	
    00 00 00 00 00 00 00 00 00 00 00 00 00 00 00 00   ................	
    00 00 00 00 55                                    ....U           	
[20/02/2026 12:20:35] Read data (COM4)	
    50 00 81 84 00 00 00 00 00 00 00 00 00 00 00 00   P.ÅÑ............	
    00 00 00 00 00 05 09 00 00 00 00 09 00 00 00 00   ................	
    08 00 00 00 74                                    ....t           	
[20/02/2026 12:20:35] Written data (COM4)	
    50 00 81 95 00 00 00 00 00 00 00 00 00 00 00 00   P.Åï............	
    00 00 00 00 00 00 00 00 00 00 00 00 00 00 00 00   ................	
    00 00 00 00 66                                    ....f           	
[20/02/2026 12:20:35] Read data (COM4)	
    50 00 81 95 05 09 00 00 00 00 09 00 00 00 00 08   P.Åï............	
    00 00 00 00 09 00 00 00 04 8d 02 b5 01 8d 02 89   .........ç.µ.ç.â	
    02 89 02 89 05                                    .â.â.           	
[20/02/2026 12:20:35] Written data (COM4)	
    50 00 81 44 00 00 00 00 00 00 00 00 00 00 00 00   P.ÅD............	
    00 00 00 00 00 00 00 00 00 00 00 00 00 00 00 00   ................	
    00 00 00 00 15                                    .....           	
[20/02/2026 12:20:35] Read data (COM4)	
    50 00 81 44 08 00 00 00 01 14 1a 02 14 0c 0e 12   P.ÅD............	
    c4 94 98 00 20 00 00 00 00 00 00 00 00 00 00 00   ƒîò. ...........	
    00 00 00 00 9e                                    ....û           	
[20/02/2026 12:20:35] Written data (COM4)	
    50 00 81 64 00 00 00 00 00 00 00 00 00 00 00 00   P.Åd............	
    00 00 00 00 00 00 00 00 00 00 00 00 00 00 00 00   ................	
    00 00 00 00 35                                    ....5           	
[20/02/2026 12:20:35] Read data (COM4)	
    50 00 81 64 00 00 80 00 00 00 00 00 00 00 00 00   P.Åd..Ä.........	
    00 00 00 00 00 00 00 00 00 00 00 00 00 00 00 00   ................	
    00 00 00 00 b5                                    ....µ           	
[20/02/2026 12:20:35] Written data (COM4)	
    50 00 81 84 00 00 00 00 00 00 00 00 00 00 00 00   P.ÅÑ............	
    00 00 00 00 00 00 00 00 00 00 00 00 00 00 00 00   ................	
    00 00 00 00 55                                    ....U           	
[20/02/2026 12:20:35] Read data (COM4)	
    50 00 81 84 00 00 00 00 00 00 00 00 00 00 00 00   P.ÅÑ............	
    00 00 00 00 00 05 09 00 00 00 00 09 00 00 00 00   ................	
    08 00 00 00 74                                    ....t           	
[20/02/2026 12:20:36] Written data (COM4)	
    50 00 81 95 00 00 00 00 00 00 00 00 00 00 00 00   P.Åï............	
    00 00 00 00 00 00 00 00 00 00 00 00 00 00 00 00   ................	
    00 00 00 00 66                                    ....f           	
[20/02/2026 12:20:36] Read data (COM4)	
    50 00 81 95 05 09 00 00 00 00 09 00 00 00 00 08   P.Åï............	
    00 00 00 00 09 00 00 00 04 8d 02 b5 01 8d 02 89   .........ç.µ.ç.â	
    02 89 02 89 05                                    .â.â.           	
[20/02/2026 12:20:36] Written data (COM4)	
    50 00 81 44 00 00 00 00 00 00 00 00 00 00 00 00   P.ÅD............	
    00 00 00 00 00 00 00 00 00 00 00 00 00 00 00 00   ................	
    00 00 00 00 15                                    .....           	
[20/02/2026 12:20:36] Read data (COM4)	
    50 00 81 44 08 00 00 00 01 14 1a 02 14 0c 0e 13   P.ÅD............	
    c4 94 98 00 20 00 00 00 00 00 00 00 00 00 00 00   ƒîò. ...........	
    00 00 00 00 9f                                    ....ü           	
[20/02/2026 12:20:36] Written data (COM4)	
    50 00 81 64 00 00 00 00 00 00 00 00 00 00 00 00   P.Åd............	
    00 00 00 00 00 00 00 00 00 00 00 00 00 00 00 00   ................	
    00 00 00 00 35                                    ....5           	
[20/02/2026 12:20:36] Read data (COM4)	
    50 00 81 64 00 00 80 00 00 00 00 00 00 00 00 00   P.Åd..Ä.........	
    00 00 00 00 00 00 00 00 00 00 00 00 00 00 00 00   ................	
    00 00 00 00 b5                                    ....µ           	
[20/02/2026 12:20:36] Written data (COM4)	
    50 00 81 84 00 00 00 00 00 00 00 00 00 00 00 00   P.ÅÑ............	
    00 00 00 00 00 00 00 00 00 00 00 00 00 00 00 00   ................	
    00 00 00 00 55                                    ....U           	
[20/02/2026 12:20:36] Read data (COM4)	
    50 00 81 84 00 00 00 00 00 00 00 00 00 00 00 00   P.ÅÑ............	
    00 00 00 00 00 05 09 00 00 00 00 09 00 00 00 00   ................	
    08 00 00 00 74                                    ....t           	
[20/02/2026 12:20:36] Written data (COM4)	
    50 00 81 95 00 00 00 00 00 00 00 00 00 00 00 00   P.Åï............	
    00 00 00 00 00 00 00 00 00 00 00 00 00 00 00 00   ................	
    00 00 00 00 66                                    ....f           	
[20/02/2026 12:20:36] Read data (COM4)	
    50 00 81 95 05 09 00 00 00 00 09 00 00 00 00 08   P.Åï............	
    00 00 00 00 09 00 00 00 04 8d 02 b5 01 8d 02 89   .........ç.µ.ç.â	
    02 89 02 89 05                                    .â.â.           	
[20/02/2026 12:20:37] Written data (COM4)	
    50 00 81 44 00 00 00 00 00 00 00 00 00 00 00 00   P.ÅD............	
    00 00 00 00 00 00 00 00 00 00 00 00 00 00 00 00   ................	
    00 00 00 00 15                                    .....           	
[20/02/2026 12:20:37] Read data (COM4)	
    50 00 81 44 08 00 00 00 01 14 1a 02 14 0c 0e 14   P.ÅD............	
    c4 94 97 00 20 00 00 00 00 00 00 00 00 00 00 00   ƒîó. ...........	
    00 00 00 00 9f                                    ....ü           	
[20/02/2026 12:20:37] Written data (COM4)	
    50 00 81 64 00 00 00 00 00 00 00 00 00 00 00 00   P.Åd............	
    00 00 00 00 00 00 00 00 00 00 00 00 00 00 00 00   ................	
    00 00 00 00 35                                    ....5           	
[20/02/2026 12:20:37] Read data (COM4)	
    50 00 81 64 00 00 80 00 00 00 00 00 00 00 00 00   P.Åd..Ä.........	
    00 00 00 00 00 00 00 00 00 00 00 00 00 00 00 00   ................	
    00 00 00 00 b5                                    ....µ           	
[20/02/2026 12:20:37] Written data (COM4)	
    50 00 81 84 00 00 00 00 00 00 00 00 00 00 00 00   P.ÅÑ............	
    00 00 00 00 00 00 00 00 00 00 00 00 00 00 00 00   ................	
    00 00 00 00 55                                    ....U           	
[20/02/2026 12:20:37] Read data (COM4)	
    50 00 81 84 00 00 00 00 00 00 00 00 00 00 00 00   P.ÅÑ............	
    00 00 00 00 00 05 09 00 00 00 00 09 00 00 00 00   ................	
    08 00 00 00 74                                    ....t           	
[20/02/2026 12:20:37] Written data (COM4)	
    50 00 81 95 00 00 00 00 00 00 00 00 00 00 00 00   P.Åï............	
    00 00 00 00 00 00 00 00 00 00 00 00 00 00 00 00   ................	
    00 00 00 00 66                                    ....f           	
[20/02/2026 12:20:37] Read data (COM4)	
    50 00 81 95 05 09 00 00 00 00 09 00 00 00 00 08   P.Åï............	
    00 00 00 00 09 00 00 00 04 8d 02 b5 01 8d 02 89   .........ç.µ.ç.â	
    02 89 02 89 05                                    .â.â.           	
[20/02/2026 12:20:37] Written data (COM4)	
    50 00 81 44 00 00 00 00 00 00 00 00 00 00 00 00   P.ÅD............	
    00 00 00 00 00 00 00 00 00 00 00 00 00 00 00 00   ................	
    00 00 00 00 15                                    .....           	
[20/02/2026 12:20:37] Read data (COM4)	
    50 00 81 44 08 00 00 00 01 14 1a 02 14 0c 0e 15   P.ÅD............	
    c4 94 97 00 20 00 00 00 00 00 00 00 00 00 00 00   ƒîó. ...........	
    00 00 00 00 a0                                    ....†           	
[20/02/2026 12:20:38] Written data (COM4)	
    50 00 81 64 00 00 00 00 00 00 00 00 00 00 00 00   P.Åd............	
    00 00 00 00 00 00 00 00 00 00 00 00 00 00 00 00   ................	
    00 00 00 00 35                                    ....5           	
[20/02/2026 12:20:38] Read data (COM4)	
    50 00 81 64 00 00 80 00 00 00 00 00 00 00 00 00   P.Åd..Ä.........	
    00 00 00 00 00 00 00 00 00 00 00 00 00 00 00 00   ................	
    00 00 00 00 b5                                    ....µ           	
[20/02/2026 12:20:38] Written data (COM4)	
    50 00 81 84 00 00 00 00 00 00 00 00 00 00 00 00   P.ÅÑ............	
    00 00 00 00 00 00 00 00 00 00 00 00 00 00 00 00   ................	
    00 00 00 00 55                                    ....U           	
[20/02/2026 12:20:38] Read data (COM4)	
    50 00 81 84 00 00 00 00 00 00 00 00 00 00 00 00   P.ÅÑ............	
    00 00 00 00 00 05 09 00 00 00 00 09 00 00 00 00   ................	
    08 00 00 00 74                                    ....t           	
[20/02/2026 12:20:38] Written data (COM4)	
    50 00 81 95 00 00 00 00 00 00 00 00 00 00 00 00   P.Åï............	
    00 00 00 00 00 00 00 00 00 00 00 00 00 00 00 00   ................	
    00 00 00 00 66                                    ....f           	
[20/02/2026 12:20:38] Read data (COM4)	
    50 00 81 95 05 09 00 00 00 00 09 00 00 00 00 08   P.Åï............	
    00 00 00 00 09 00 00 00 04 8d 02 b5 01 8d 02 89   .........ç.µ.ç.â	
    02 89 02 89 05                                    .â.â.           	
[20/02/2026 12:20:38] Written data (COM4)	
    50 00 81 44 00 00 00 00 00 00 00 00 00 00 00 00   P.ÅD............	
    00 00 00 00 00 00 00 00 00 00 00 00 00 00 00 00   ................	
    00 00 00 00 15                                    .....           	
[20/02/2026 12:20:38] Read data (COM4)	
    50 00 81 44 08 00 00 00 01 14 1a 02 14 0c 0e 15   P.ÅD............	
    c4 94 98 00 20 00 00 00 00 00 00 00 00 00 00 00   ƒîò. ...........	
    00 00 00 00 a1                                    ....°           	
[20/02/2026 12:20:38] Written data (COM4)	
    50 00 81 64 00 00 00 00 00 00 00 00 00 00 00 00   P.Åd............	
    00 00 00 00 00 00 00 00 00 00 00 00 00 00 00 00   ................	
    00 00 00 00 35                                    ....5           	
[20/02/2026 12:20:38] Read data (COM4)	
    50 00 81 64 00 00 80 00 00 00 00 00 00 00 00 00   P.Åd..Ä.........	
    00 00 00 00 00 00 00 00 00 00 00 00 00 00 00 00   ................	
    00 00 00 00 b5                                    ....µ           	
[20/02/2026 12:20:39] Written data (COM4)	
    50 00 81 84 00 00 00 00 00 00 00 00 00 00 00 00   P.ÅÑ............	
    00 00 00 00 00 00 00 00 00 00 00 00 00 00 00 00   ................	
    00 00 00 00 55                                    ....U           	
[20/02/2026 12:20:39] Read data (COM4)	
    50 00 81 84 00 00 00 00 00 00 00 00 00 00 00 00   P.ÅÑ............	
    00 00 00 00 00 05 09 00 00 00 00 09 00 00 00 00   ................	
    08 00 00 00 74                                    ....t           	
[20/02/2026 12:20:39] Written data (COM4)	
    50 00 81 95 00 00 00 00 00 00 00 00 00 00 00 00   P.Åï............	
    00 00 00 00 00 00 00 00 00 00 00 00 00 00 00 00   ................	
    00 00 00 00 66                                    ....f           	
[20/02/2026 12:20:39] Read data (COM4)	
    50 00 81 95 05 09 00 00 00 00 09 00 00 00 00 08   P.Åï............	
    00 00 00 00 09 00 00 00 04 8d 02 b5 01 8d 02 89   .........ç.µ.ç.â	
    02 89 02 89 05                                    .â.â.           	
[20/02/2026 12:20:39] Written data (COM4)	
    50 00 81 44 00 00 00 00 00 00 00 00 00 00 00 00   P.ÅD............	
    00 00 00 00 00 00 00 00 00 00 00 00 00 00 00 00   ................	
    00 00 00 00 15                                    .....           	
[20/02/2026 12:20:39] Read data (COM4)	
    50 00 81 44 08 00 00 00 01 14 1a 02 14 0c 0e 16   P.ÅD............	
    c4 94 97 00 20 00 00 00 00 00 00 00 00 00 00 00   ƒîó. ...........	
    00 00 00 00 a1                                    ....°           	
[20/02/2026 12:20:39] Written data (COM4)	
    50 00 81 64 00 00 00 00 00 00 00 00 00 00 00 00   P.Åd............	
    00 00 00 00 00 00 00 00 00 00 00 00 00 00 00 00   ................	
    00 00 00 00 35                                    ....5           	
[20/02/2026 12:20:39] Read data (COM4)	
    50 00 81 64 00 00 80 00 00 00 00 00 00 00 00 00   P.Åd..Ä.........	
    00 00 00 00 00 00 00 00 00 00 00 00 00 00 00 00   ................	
    00 00 00 00 b5                                    ....µ           	
[20/02/2026 12:20:39] Written data (COM4)	
    50 00 81 84 00 00 00 00 00 00 00 00 00 00 00 00   P.ÅÑ............	
    00 00 00 00 00 00 00 00 00 00 00 00 00 00 00 00   ................	
    00 00 00 00 55                                    ....U           	
[20/02/2026 12:20:39] Read data (COM4)	
    50 00 81 84 00 00 00 00 00 00 00 00 00 00 00 00   P.ÅÑ............	
    00 00 00 00 00 05 09 00 00 00 00 09 00 00 00 00   ................	
    08 00 00 00 74                                    ....t           	
[20/02/2026 12:20:40] Written data (COM4)	
    50 00 81 95 00 00 00 00 00 00 00 00 00 00 00 00   P.Åï............	
    00 00 00 00 00 00 00 00 00 00 00 00 00 00 00 00   ................	
    00 00 00 00 66                                    ....f           	
[20/02/2026 12:20:40] Read data (COM4)	
    50 00 81 95 05 09 00 00 00 00 09 00 00 00 00 08   P.Åï............	
    00 00 00 00 09 00 00 00 04 8d 02 b5 01 8d 02 89   .........ç.µ.ç.â	
    02 89 02 89 05                                    .â.â.           	
[20/02/2026 12:20:40] Written data (COM4)	
    50 00 81 44 00 00 00 00 00 00 00 00 00 00 00 00   P.ÅD............	
    00 00 00 00 00 00 00 00 00 00 00 00 00 00 00 00   ................	
    00 00 00 00 15                                    .....           	
[20/02/2026 12:20:40] Read data (COM4)	
    50 00 81 44 08 00 00 00 01 14 1a 02 14 0c 0e 17   P.ÅD............	
    c4 94 98 00 20 00 00 00 00 00 00 00 00 00 00 00   ƒîò. ...........	
    00 00 00 00 a3                                    ....£           	
[20/02/2026 12:20:40] Written data (COM4)	
    50 00 81 64 00 00 00 00 00 00 00 00 00 00 00 00   P.Åd............	
    00 00 00 00 00 00 00 00 00 00 00 00 00 00 00 00   ................	
    00 00 00 00 35                                    ....5           	
[20/02/2026 12:20:40] Read data (COM4)	
    50 00 81 64 00 00 80 00 00 00 00 00 00 00 00 00   P.Åd..Ä.........	
    00 00 00 00 00 00 00 00 00 00 00 00 00 00 00 00   ................	
    00 00 00 00 b5                                    ....µ           	
[20/02/2026 12:20:40] Written data (COM4)	
    50 00 81 84 00 00 00 00 00 00 00 00 00 00 00 00   P.ÅÑ............	
    00 00 00 00 00 00 00 00 00 00 00 00 00 00 00 00   ................	
    00 00 00 00 55                                    ....U           	
[20/02/2026 12:20:40] Read data (COM4)	
    50 00 81 84 00 00 00 00 00 00 00 00 00 00 00 00   P.ÅÑ............	
    00 00 00 00 00 05 09 00 00 00 00 09 00 00 00 00   ................	
    08 00 00 00 74                                    ....t           	
[20/02/2026 12:20:40] Written data (COM4)	
    50 00 81 95 00 00 00 00 00 00 00 00 00 00 00 00   P.Åï............	
    00 00 00 00 00 00 00 00 00 00 00 00 00 00 00 00   ................	
    00 00 00 00 66                                    ....f           	
[20/02/2026 12:20:40] Read data (COM4)	
    50 00 81 95 05 0c 00 00 00 00 09 00 00 00 00 08   P.Åï............	
    00 00 00 00 09 00 00 00 04 8d 02 b5 01 8d 02 89   .........ç.µ.ç.â	
    02 89 02 89 08                                    .â.â.           	
[20/02/2026 12:20:41] Written data (COM4)	
    50 00 81 44 00 00 00 00 00 00 00 00 00 00 00 00   P.ÅD............	
    00 00 00 00 00 00 00 00 00 00 00 00 00 00 00 00   ................	
    00 00 00 00 15                                    .....           	
[20/02/2026 12:20:41] Read data (COM4)	
    50 00 81 44 08 00 00 00 01 14 1a 02 14 0c 0e 18   P.ÅD............	
    c4 94 98 00 20 00 01 00 00 00 00 00 00 00 00 00   ƒîò. ...........	
    00 00 00 00 a5                                    ....•           	
[20/02/2026 12:20:41] Written data (COM4)	
    50 00 81 64 00 00 00 00 00 00 00 00 00 00 00 00   P.Åd............	
    00 00 00 00 00 00 00 00 00 00 00 00 00 00 00 00   ................	
    00 00 00 00 35                                    ....5           	
[20/02/2026 12:20:41] Read data (COM4)	
    50 00 81 64 00 00 80 00 00 00 00 00 00 00 00 00   P.Åd..Ä.........	
    00 00 00 00 00 00 00 00 00 00 00 00 00 20 00 00   ............. ..	
    00 00 00 00 d5                                    ....’           	
[20/02/2026 12:20:41] Written data (COM4)	
    50 00 81 84 00 00 00 00 00 00 00 00 00 00 00 00   P.ÅÑ............	
    00 00 00 00 00 00 00 00 00 00 00 00 00 00 00 00   ................	
    00 00 00 00 55                                    ....U           	
[20/02/2026 12:20:41] Read data (COM4)	
    50 00 81 84 00 00 00 00 00 00 00 00 00 00 00 00   P.ÅÑ............	
    00 00 00 00 00 05 0c 00 00 00 00 09 00 00 00 00   ................	
    08 00 00 00 77                                    ....w           	
[20/02/2026 12:20:41] Written data (COM4)	
    50 00 81 95 00 00 00 00 00 00 00 00 00 00 00 00   P.Åï............	
    00 00 00 00 00 00 00 00 00 00 00 00 00 00 00 00   ................	
    00 00 00 00 66                                    ....f           	
[20/02/2026 12:20:41] Read data (COM4)	
    50 00 81 95 05 0c 00 00 00 00 09 00 00 00 00 08   P.Åï............	
    00 00 00 00 09 00 00 00 04 8d 02 b5 01 8d 02 89   .........ç.µ.ç.â	
    02 89 02 89 08                                    .â.â.           	
[20/02/2026 12:20:42] Written data (COM4)	
    50 00 81 44 00 00 00 00 00 00 00 00 00 00 00 00   P.ÅD............	
    00 00 00 00 00 00 00 00 00 00 00 00 00 00 00 00   ................	
    00 00 00 00 15                                    .....           	
[20/02/2026 12:20:42] Read data (COM4)	
    50 00 81 44 08 00 00 00 01 14 1a 02 14 0c 0e 19   P.ÅD............	
    c4 94 97 00 00 00 01 00 00 00 00 00 00 00 00 00   ƒîó.............	
    00 00 00 00 85                                    ....Ö           	
[20/02/2026 12:20:42] Written data (COM4)	
    50 00 81 64 00 00 00 00 00 00 00 00 00 00 00 00   P.Åd............	
    00 00 00 00 00 00 00 00 00 00 00 00 00 00 00 00   ................	
    00 00 00 00 35                                    ....5           	
[20/02/2026 12:20:42] Read data (COM4)	
    50 00 81 64 00 00 80 00 00 00 00 00 00 00 00 00   P.Åd..Ä.........	
    00 00 00 00 00 00 00 00 00 00 00 00 00 20 00 00   ............. ..	
    00 00 00 00 d5                                    ....’           	
[20/02/2026 12:20:42] Written data (COM4)	
    50 00 81 84 00 00 00 00 00 00 00 00 00 00 00 00   P.ÅÑ............	
    00 00 00 00 00 00 00 00 00 00 00 00 00 00 00 00   ................	
    00 00 00 00 55                                    ....U           	
[20/02/2026 12:20:42] Read data (COM4)	
    50 00 81 84 00 00 00 00 00 00 00 00 00 00 00 00   P.ÅÑ............	
    00 00 00 00 00 05 0c 00 00 00 00 09 00 00 00 00   ................	
    09 00 00 00 78                                    ....x           	
[20/02/2026 12:20:42] Written data (COM4)	
    50 00 81 95 00 00 00 00 00 00 00 00 00 00 00 00   P.Åï............	
    00 00 00 00 00 00 00 00 00 00 00 00 00 00 00 00   ................	
    00 00 00 00 66                                    ....f           	
[20/02/2026 12:20:42] Read data (COM4)	
    50 00 81 95 05 0c 00 00 00 00 09 00 00 00 00 09   P.Åï............	
    00 00 00 00 09 00 00 00 04 8d 02 b5 01 8d 02 89   .........ç.µ.ç.â	
    02 89 02 89 09                                    .â.â.           	
[20/02/2026 12:20:42] Written data (COM4)	
    50 00 81 44 00 00 00 00 00 00 00 00 00 00 00 00   P.ÅD............	
    00 00 00 00 00 00 00 00 00 00 00 00 00 00 00 00   ................	
    00 00 00 00 15                                    .....           	
[20/02/2026 12:20:42] Read data (COM4)	
    50 00 81 44 08 00 00 00 01 14 1a 02 14 0c 0e 1a   P.ÅD............	
    c4 94 98 00 00 00 01 00 00 00 00 00 00 00 00 00   ƒîò.............	
    00 00 00 00 87                                    ....á           	
[20/02/2026 12:20:43] Written data (COM4)	
    50 00 81 64 00 00 00 00 00 00 00 00 00 00 00 00   P.Åd............	
    00 00 00 00 00 00 00 00 00 00 00 00 00 00 00 00   ................	
    00 00 00 00 35                                    ....5           	
[20/02/2026 12:20:43] Read data (COM4)	
    50 00 81 64 00 00 80 00 00 00 00 00 00 00 00 00   P.Åd..Ä.........	
    00 00 00 00 00 00 00 00 00 00 00 00 00 20 00 00   ............. ..	
    00 00 00 00 d5                                    ....’           	
[20/02/2026 12:20:43] Written data (COM4)	
    50 00 81 84 00 00 00 00 00 00 00 00 00 00 00 00   P.ÅÑ............	
    00 00 00 00 00 00 00 00 00 00 00 00 00 00 00 00   ................	
    00 00 00 00 55                                    ....U           	
[20/02/2026 12:20:43] Read data (COM4)	
    50 00 81 84 00 00 00 00 00 00 00 00 00 00 00 00   P.ÅÑ............	
    00 00 00 00 00 05 0c 00 00 00 00 09 00 00 00 00   ................	
    09 00 00 00 78                                    ....x           	
[20/02/2026 12:20:43] Written data (COM4)	
    50 00 81 95 00 00 00 00 00 00 00 00 00 00 00 00   P.Åï............	
    00 00 00 00 00 00 00 00 00 00 00 00 00 00 00 00   ................	
    00 00 00 00 66                                    ....f           	
[20/02/2026 12:20:43] Read data (COM4)	
    50 00 81 95 05 0c 00 00 00 00 09 00 00 00 00 09   P.Åï............	
    00 00 00 00 09 00 00 00 04 8d 02 b5 01 8d 02 89   .........ç.µ.ç.â	
    02 89 02 89 09                                    .â.â.           	
[20/02/2026 12:20:43] Written data (COM4)	
    50 00 81 44 00 00 00 00 00 00 00 00 00 00 00 00   P.ÅD............	
    00 00 00 00 00 00 00 00 00 00 00 00 00 00 00 00   ................	
    00 00 00 00 15                                    .....           	
[20/02/2026 12:20:43] Read data (COM4)	
    50 00 81 44 08 00 00 00 01 14 1a 02 14 0c 0e 1a   P.ÅD............	
    c4 94 98 00 00 00 01 00 00 00 00 00 00 00 00 00   ƒîò.............	
    00 00 00 00 87                                    ....á           	
[20/02/2026 12:20:43] Written data (COM4)	
    50 00 81 64 00 00 00 00 00 00 00 00 00 00 00 00   P.Åd............	
    00 00 00 00 00 00 00 00 00 00 00 00 00 00 00 00   ................	
    00 00 00 00 35                                    ....5           	
[20/02/2026 12:20:43] Read data (COM4)	
    50 00 81 64 00 00 80 00 00 00 00 00 00 00 00 00   P.Åd..Ä.........	
    00 00 00 00 00 00 00 00 00 00 00 00 00 20 00 00   ............. ..	
    00 00 00 00 d5                                    ....’           	
[20/02/2026 12:20:44] Written data (COM4)	
    50 00 81 84 00 00 00 00 00 00 00 00 00 00 00 00   P.ÅÑ............	
    00 00 00 00 00 00 00 00 00 00 00 00 00 00 00 00   ................	
    00 00 00 00 55                                    ....U           	
[20/02/2026 12:20:44] Read data (COM4)	
    50 00 81 84 00 00 00 00 00 00 00 00 00 00 00 00   P.ÅÑ............	
    00 00 00 00 00 05 0c 00 00 00 00 09 00 00 00 00   ................	
    09 00 00 00 78                                    ....x           	
[20/02/2026 12:20:44] Written data (COM4)	
    50 00 81 95 00 00 00 00 00 00 00 00 00 00 00 00   P.Åï............	
    00 00 00 00 00 00 00 00 00 00 00 00 00 00 00 00   ................	
    00 00 00 00 66                                    ....f           	
[20/02/2026 12:20:44] Read data (COM4)	
    50 00 81 95 05 0c 00 00 00 00 09 00 00 00 00 09   P.Åï............	
    00 00 00 00 09 00 00 00 04 8d 02 b5 01 8d 02 89   .........ç.µ.ç.â	
    02 89 02 89 09                                    .â.â.           	
[20/02/2026 12:20:44] Written data (COM4)	
    50 00 81 44 00 00 00 00 00 00 00 00 00 00 00 00   P.ÅD............	
    00 00 00 00 00 00 00 00 00 00 00 00 00 00 00 00   ................	
    00 00 00 00 15                                    .....           	
[20/02/2026 12:20:44] Read data (COM4)	
    50 00 81 44 08 00 00 00 01 14 1a 02 14 0c 0e 1b   P.ÅD............	
    c4 94 98 00 00 00 01 00 00 00 00 00 00 00 00 00   ƒîò.............	
    00 00 00 00 88                                    ....à           	
[20/02/2026 12:20:44] Written data (COM4)	
    50 00 81 64 00 00 00 00 00 00 00 00 00 00 00 00   P.Åd............	
    00 00 00 00 00 00 00 00 00 00 00 00 00 00 00 00   ................	
    00 00 00 00 35                                    ....5           	
[20/02/2026 12:20:44] Read data (COM4)	
    50 00 81 64 00 00 80 00 00 00 00 00 00 00 00 00   P.Åd..Ä.........	
    00 00 00 00 00 00 00 00 00 00 00 00 00 20 00 00   ............. ..	
    00 00 00 00 d5                                    ....’           	
[20/02/2026 12:20:44] Written data (COM4)	
    50 00 81 84 00 00 00 00 00 00 00 00 00 00 00 00   P.ÅÑ............	
    00 00 00 00 00 00 00 00 00 00 00 00 00 00 00 00   ................	
    00 00 00 00 55                                    ....U           	
[20/02/2026 12:20:45] Read data (COM4)	
    50 00 81 84 00 00 00 00 00 00 00 00 00 00 00 00   P.ÅÑ............	
    00 00 00 00 00 05 0c 00 00 00 00 09 00 00 00 00   ................	
    08 00 00 00 77                                    ....w           	
[20/02/2026 12:20:45] Written data (COM4)	
    50 00 81 95 00 00 00 00 00 00 00 00 00 00 00 00   P.Åï............	
    00 00 00 00 00 00 00 00 00 00 00 00 00 00 00 00   ................	
    00 00 00 00 66                                    ....f           	
[20/02/2026 12:20:45] Read data (COM4)	
    50 00 81 95 05 0c 00 00 00 00 09 00 00 00 00 08   P.Åï............	
    00 00 00 00 09 00 00 00 04 8d 02 b5 01 8d 02 89   .........ç.µ.ç.â	
    02 89 02 89 08                                    .â.â.           	
[20/02/2026 12:20:45] Written data (COM4)	
    50 00 81 44 00 00 00 00 00 00 00 00 00 00 00 00   P.ÅD............	
    00 00 00 00 00 00 00 00 00 00 00 00 00 00 00 00   ................	
    00 00 00 00 15                                    .....           	
[20/02/2026 12:20:45] Read data (COM4)	
    50 00 81 44 08 00 00 00 01 14 1a 02 14 0c 0e 1c   P.ÅD............	
    c4 94 98 00 20 00 01 00 00 00 00 00 00 00 00 00   ƒîò. ...........	
    00 00 00 00 a9                                    ....©           	
[20/02/2026 12:20:45] Written data (COM4)	
    50 00 81 64 00 00 00 00 00 00 00 00 00 00 00 00   P.Åd............	
    00 00 00 00 00 00 00 00 00 00 00 00 00 00 00 00   ................	
    00 00 00 00 35                                    ....5           	
[20/02/2026 12:20:45] Read data (COM4)	
    50 00 81 64 00 00 80 00 00 00 00 00 00 00 00 00   P.Åd..Ä.........	
    00 00 00 00 00 00 00 00 00 00 00 00 00 20 00 00   ............. ..	
    00 00 00 00 d5                                    ....’           	
[20/02/2026 12:20:45] Written data (COM4)	
    50 00 81 84 00 00 00 00 00 00 00 00 00 00 00 00   P.ÅÑ............	
    00 00 00 00 00 00 00 00 00 00 00 00 00 00 00 00   ................	
    00 00 00 00 55                                    ....U           	
[20/02/2026 12:20:45] Read data (COM4)	
    50 00 81 84 00 00 00 00 00 00 00 00 00 00 00 00   P.ÅÑ............	
    00 00 00 00 00 05 0c 00 00 00 00 09 00 00 00 00   ................	
    08 00 00 00 77                                    ....w           	
[20/02/2026 12:20:46] Written data (COM4)	
    50 00 81 95 00 00 00 00 00 00 00 00 00 00 00 00   P.Åï............	
    00 00 00 00 00 00 00 00 00 00 00 00 00 00 00 00   ................	
    00 00 00 00 66                                    ....f           	
[20/02/2026 12:20:46] Read data (COM4)	
    50 00 81 95 05 0c 00 00 00 00 09 00 00 00 00 08   P.Åï............	
    00 00 00 00 09 00 00 00 04 8d 02 b5 01 8d 02 89   .........ç.µ.ç.â	
    02 89 02 89 08                                    .â.â.           	
[20/02/2026 12:20:46] Written data (COM4)	
    50 00 81 44 00 00 00 00 00 00 00 00 00 00 00 00   P.ÅD............	
    00 00 00 00 00 00 00 00 00 00 00 00 00 00 00 00   ................	
    00 00 00 00 15                                    .....           	
[20/02/2026 12:20:46] Read data (COM4)	
    50 00 81 44 08 00 00 00 01 14 1a 02 14 0c 0e 1d   P.ÅD............	
    c4 94 97 00 20 00 01 00 00 00 00 00 00 00 00 00   ƒîó. ...........	
    00 00 00 00 a9                                    ....©           	
[20/02/2026 12:20:46] Written data (COM4)	
    50 00 81 64 00 00 00 00 00 00 00 00 00 00 00 00   P.Åd............	
    00 00 00 00 00 00 00 00 00 00 00 00 00 00 00 00   ................	
    00 00 00 00 35                                    ....5           	
[20/02/2026 12:20:46] Read data (COM4)	
    50 00 81 64 00 00 80 00 00 00 00 00 00 00 00 00   P.Åd..Ä.........	
    00 00 00 00 00 00 00 00 00 00 00 00 00 20 00 00   ............. ..	
    00 00 00 00 d5                                    ....’           	
[20/02/2026 12:20:46] Written data (COM4)	
    50 00 81 84 00 00 00 00 00 00 00 00 00 00 00 00   P.ÅÑ............	
    00 00 00 00 00 00 00 00 00 00 00 00 00 00 00 00   ................	
    00 00 00 00 55                                    ....U           	
[20/02/2026 12:20:46] Read data (COM4)	
    50 00 81 84 00 00 00 00 00 00 00 00 00 00 00 00   P.ÅÑ............	
    00 00 00 00 00 05 0c 00 00 00 00 09 00 00 00 00   ................	
    09 00 00 00 78                                    ....x           	
[20/02/2026 12:20:47] Written data (COM4)	
    50 00 81 95 00 00 00 00 00 00 00 00 00 00 00 00   P.Åï............	
    00 00 00 00 00 00 00 00 00 00 00 00 00 00 00 00   ................	
    00 00 00 00 66                                    ....f           	
[20/02/2026 12:20:47] Read data (COM4)	
    50 00 81 95 05 0c 00 00 00 00 09 00 00 00 00 09   P.Åï............	
    00 00 00 00 09 00 00 00 04 8d 02 b5 01 8d 02 89   .........ç.µ.ç.â	
    02 89 02 89 09                                    .â.â.           	
[20/02/2026 12:20:47] Written data (COM4)	
    50 00 81 44 00 00 00 00 00 00 00 00 00 00 00 00   P.ÅD............	
    00 00 00 00 00 00 00 00 00 00 00 00 00 00 00 00   ................	
    00 00 00 00 15                                    .....           	
[20/02/2026 12:20:47] Read data (COM4)	
    50 00 81 44 08 00 00 00 01 14 1a 02 14 0c 0e 1e   P.ÅD............	
    c4 94 98 00 00 00 01 00 00 00 00 00 00 00 00 00   ƒîò.............	
    00 00 00 00 8b                                    ....ã           	
[20/02/2026 12:20:47] Written data (COM4)	
    50 00 81 64 00 00 00 00 00 00 00 00 00 00 00 00   P.Åd............	
    00 00 00 00 00 00 00 00 00 00 00 00 00 00 00 00   ................	
    00 00 00 00 35                                    ....5           	
[20/02/2026 12:20:47] Read data (COM4)	
    50 00 81 64 00 00 80 00 00 00 00 00 00 00 00 00   P.Åd..Ä.........	
    00 00 00 00 00 00 00 00 00 00 00 00 00 20 00 00   ............. ..	
    00 00 00 00 d5                                    ....’           	
[20/02/2026 12:20:47] Written data (COM4)	
    50 00 81 84 00 00 00 00 00 00 00 00 00 00 00 00   P.ÅÑ............	
    00 00 00 00 00 00 00 00 00 00 00 00 00 00 00 00   ................	
    00 00 00 00 55                                    ....U           	
[20/02/2026 12:20:47] Read data (COM4)	
    50 00 81 84 00 00 00 00 00 00 00 00 00 00 00 00   P.ÅÑ............	
    00 00 00 00 00 05 0c 00 00 00 00 09 00 00 00 00   ................	
    09 00 00 00 78                                    ....x           	
[20/02/2026 12:20:47] Written data (COM4)	
    50 00 81 95 00 00 00 00 00 00 00 00 00 00 00 00   P.Åï............	
    00 00 00 00 00 00 00 00 00 00 00 00 00 00 00 00   ................	
    00 00 00 00 66                                    ....f           	
[20/02/2026 12:20:47] Read data (COM4)	
    50 00 81 95 05 0c 00 00 00 00 09 00 00 00 00 09   P.Åï............	
    00 00 00 00 09 00 00 00 04 8d 02 b5 01 8d 02 89   .........ç.µ.ç.â	
    02 89 02 89 09                                    .â.â.           	
[20/02/2026 12:20:48] Written data (COM4)	
    50 00 81 44 00 00 00 00 00 00 00 00 00 00 00 00   P.ÅD............	
    00 00 00 00 00 00 00 00 00 00 00 00 00 00 00 00   ................	
    00 00 00 00 15                                    .....           	
[20/02/2026 12:20:48] Read data (COM4)	
    50 00 81 44 08 00 00 00 01 14 1a 02 14 0c 0e 1f   P.ÅD............	
    c4 94 98 00 00 00 01 00 00 00 00 00 00 00 00 00   ƒîò.............	
    00 00 00 00 8c                                    ....å           	
[20/02/2026 12:20:48] Written data (COM4)	
    50 00 81 64 00 00 00 00 00 00 00 00 00 00 00 00   P.Åd............	
    00 00 00 00 00 00 00 00 00 00 00 00 00 00 00 00   ................	
    00 00 00 00 35                                    ....5           	
[20/02/2026 12:20:48] Read data (COM4)	
    50 00 81 64 00 00 80 00 00 00 00 00 00 00 00 00   P.Åd..Ä.........	
    00 00 00 00 00 00 00 00 00 00 00 00 00 20 00 00   ............. ..	
    00 00 00 00 d5                                    ....’           	
[20/02/2026 12:20:48] Written data (COM4)	
    50 00 81 84 00 00 00 00 00 00 00 00 00 00 00 00   P.ÅÑ............	
    00 00 00 00 00 00 00 00 00 00 00 00 00 00 00 00   ................	
    00 00 00 00 55                                    ....U           	
[20/02/2026 12:20:48] Read data (COM4)	
    50 00 81 84 00 00 00 00 00 00 00 00 00 00 00 00   P.ÅÑ............	
    00 00 00 00 00 05 0c 00 00 00 00 09 00 00 00 00   ................	
    09 00 00 00 78                                    ....x           	
[20/02/2026 12:20:48] Written data (COM4)	
    50 00 81 95 00 00 00 00 00 00 00 00 00 00 00 00   P.Åï............	
    00 00 00 00 00 00 00 00 00 00 00 00 00 00 00 00   ................	
    00 00 00 00 66                                    ....f           	
[20/02/2026 12:20:48] Read data (COM4)	
    50 00 81 95 05 0c 00 00 00 00 09 00 00 00 00 09   P.Åï............	
    00 00 00 00 09 00 00 00 04 8d 02 b5 01 8d 02 89   .........ç.µ.ç.â	
    02 89 02 89 09                                    .â.â.           	
[20/02/2026 12:20:48] Written data (COM4)	
    50 00 81 44 00 00 00 00 00 00 00 00 00 00 00 00   P.ÅD............	
    00 00 00 00 00 00 00 00 00 00 00 00 00 00 00 00   ................	
    00 00 00 00 15                                    .....           	
[20/02/2026 12:20:48] Read data (COM4)	
    50 00 81 44 08 00 00 00 01 14 1a 02 14 0c 0e 20   P.ÅD........... 	
    c4 94 97 00 00 00 01 00 00 00 00 00 00 00 00 00   ƒîó.............	
    00 00 00 00 8c                                    ....å           	
[20/02/2026 12:20:49] Written data (COM4)	
    50 00 81 64 00 00 00 00 00 00 00 00 00 00 00 00   P.Åd............	
    00 00 00 00 00 00 00 00 00 00 00 00 00 00 00 00   ................	
    00 00 00 00 35                                    ....5           	
[20/02/2026 12:20:49] Read data (COM4)	
    50 00 81 64 00 00 80 00 00 00 00 00 00 00 00 00   P.Åd..Ä.........	
    00 00 00 00 00 00 00 00 00 00 00 00 00 20 00 00   ............. ..	
    00 00 00 00 d5                                    ....’           	
[20/02/2026 12:20:49] Written data (COM4)	
    50 00 81 84 00 00 00 00 00 00 00 00 00 00 00 00   P.ÅÑ............	
    00 00 00 00 00 00 00 00 00 00 00 00 00 00 00 00   ................	
    00 00 00 00 55                                    ....U           	
[20/02/2026 12:20:49] Read data (COM4)	
    50 00 81 84 00 00 00 00 00 00 00 00 00 00 00 00   P.ÅÑ............	
    00 00 00 00 00 05 0c 00 00 00 00 09 00 00 00 00   ................	
    09 00 00 00 78                                    ....x           	
[20/02/2026 12:20:49] Written data (COM4)	
    40 00 60 00 00 00 00 00 00 00 00 00 00 00 00 00   @.`.............	
    00 00 00 00 00 00 00 00 00 00 00 00 00 00 00 00   ................	
    00 00 00 00 a0                                    ....†           	
[20/02/2026 12:20:49] Read data (COM4)	
    40 00 60 00 00 00 00 00 00 00 00 00 00 00 00 00   @.`.............	
    00 00 00 00 00 00 00 00 00 00 00 00 00 00 00 00   ................	
    00 00 00 00 a0                                    ....†           	
[20/02/2026 12:20:49] Written data (COM4)	
    50 00 81 95 00 00 00 00 00 00 00 00 00 00 00 00   P.Åï............	
    00 00 00 00 00 00 00 00 00 00 00 00 00 00 00 00   ................	
    00 00 00 00 66                                    ....f           	
[20/02/2026 12:20:49] Read data (COM4)	
    50 00 81 95 00 08 00 00 00 00 09 00 00 00 00 09   P.Åï............	
    00 00 00 00 09 00 00 00 04 8e 02 b5 01 8e 02 89   .........é.µ.é.â	
    02 89 02 89 02                                    .â.â.           	
[20/02/2026 12:20:49] Written data (COM4)	
    50 00 81 44 00 00 00 00 00 00 00 00 00 00 00 00   P.ÅD............	
    00 00 00 00 00 00 00 00 00 00 00 00 00 00 00 00   ................	
    00 00 00 00 15                                    .....           	
[20/02/2026 12:20:49] Read data (COM4)	
    50 00 81 44 08 00 00 00 01 14 1a 02 14 0c 0e 21   P.ÅD...........!	
    c4 94 98 00 00 00 01 00 00 00 00 00 00 00 00 00   ƒîò.............	
    00 00 00 00 8e                                    ....é           	
[20/02/2026 12:20:50] Written data (COM4)	
    50 00 81 64 00 00 00 00 00 00 00 00 00 00 00 00   P.Åd............	
    00 00 00 00 00 00 00 00 00 00 00 00 00 00 00 00   ................	
    00 00 00 00 35                                    ....5           	
[20/02/2026 12:20:50] Read data (COM4)	
    50 00 81 64 00 00 80 00 00 00 00 00 00 00 00 00   P.Åd..Ä.........	
    00 00 00 00 00 00 00 00 00 00 00 00 00 00 00 00   ................	
    00 00 00 00 b5                                    ....µ           	
[20/02/2026 12:20:50] Written data (COM4)	
    50 00 81 84 00 00 00 00 00 00 00 00 00 00 00 00   P.ÅÑ............	
    00 00 00 00 00 00 00 00 00 00 00 00 00 00 00 00   ................	
    00 00 00 00 55                                    ....U           	
[20/02/2026 12:20:50] Read data (COM4)	
    50 00 81 84 00 00 00 00 00 00 00 00 00 00 00 00   P.ÅÑ............	
    00 00 00 00 00 00 08 00 00 00 00 09 00 00 00 00   ................	
    09 00 00 00 6f                                    ....o           	
[20/02/2026 12:20:50] Written data (COM4)	
    50 00 81 95 00 00 00 00 00 00 00 00 00 00 00 00   P.Åï............	
    00 00 00 00 00 00 00 00 00 00 00 00 00 00 00 00   ................	
    00 00 00 00 66                                    ....f           	
[20/02/2026 12:20:50] Read data (COM4)	
    50 00 81 95 00 08 00 00 00 00 09 00 00 00 00 09   P.Åï............	
    00 00 00 00 09 00 00 00 04 8e 02 b5 01 8e 02 89   .........é.µ.é.â	
    02 89 02 89 02                                    .â.â.           	
[20/02/2026 12:20:50] Written data (COM4)	
    50 00 81 44 00 00 00 00 00 00 00 00 00 00 00 00   P.ÅD............	
    00 00 00 00 00 00 00 00 00 00 00 00 00 00 00 00   ................	
    00 00 00 00 15                                    .....           	
[20/02/2026 12:20:50] Read data (COM4)	
    50 00 81 44 08 00 00 00 01 14 1a 02 14 0c 0e 22   P.ÅD..........."	
    c4 94 97 00 00 00 01 00 00 00 00 00 00 00 00 00   ƒîó.............	
    00 00 00 00 8e                                    ....é           	
[20/02/2026 12:20:51] Written data (COM4)	
    50 00 81 64 00 00 00 00 00 00 00 00 00 00 00 00   P.Åd............	
    00 00 00 00 00 00 00 00 00 00 00 00 00 00 00 00   ................	
    00 00 00 00 35                                    ....5           	
[20/02/2026 12:20:51] Read data (COM4)	
    50 00 81 64 00 00 80 00 00 00 00 00 00 00 00 00   P.Åd..Ä.........	
    00 00 00 00 00 00 00 00 00 00 00 00 00 00 00 00   ................	
    00 00 00 00 b5                                    ....µ           	
[20/02/2026 12:20:51] Written data (COM4)	
    50 00 81 84 00 00 00 00 00 00 00 00 00 00 00 00   P.ÅÑ............	
    00 00 00 00 00 00 00 00 00 00 00 00 00 00 00 00   ................	
    00 00 00 00 55                                    ....U           	
[20/02/2026 12:20:51] Read data (COM4)	
    50 00 81 84 00 00 00 00 00 00 00 00 00 00 00 00   P.ÅÑ............	
    00 00 00 00 00 00 08 00 00 00 00 09 00 00 00 00   ................	
    09 00 00 00 6f                                    ....o           	
[20/02/2026 12:20:51] Written data (COM4)	
    50 00 81 95 00 00 00 00 00 00 00 00 00 00 00 00   P.Åï............	
    00 00 00 00 00 00 00 00 00 00 00 00 00 00 00 00   ................	
    00 00 00 00 66                                    ....f           	
[20/02/2026 12:20:51] Read data (COM4)	
    50 00 81 95 00 08 00 00 00 00 09 00 00 00 00 09   P.Åï............	
    00 00 00 00 09 00 00 00 04 8e 02 b5 01 8e 02 89   .........é.µ.é.â	
    02 89 02 89 02                                    .â.â.           	
[20/02/2026 12:20:51] Written data (COM4)	
    50 00 81 44 00 00 00 00 00 00 00 00 00 00 00 00   P.ÅD............	
    00 00 00 00 00 00 00 00 00 00 00 00 00 00 00 00   ................	
    00 00 00 00 15                                    .....           	
[20/02/2026 12:20:51] Read data (COM4)	
    50 00 81 44 08 00 00 00 01 14 1a 02 14 0c 0e 22   P.ÅD..........."	
    c4 94 98 00 00 00 01 00 00 00 00 00 00 00 00 00   ƒîò.............	
    00 00 00 00 8f                                    ....è           	
[20/02/2026 12:20:51] Written data (COM4)	
    50 00 81 64 00 00 00 00 00 00 00 00 00 00 00 00   P.Åd............	
    00 00 00 00 00 00 00 00 00 00 00 00 00 00 00 00   ................	
    00 00 00 00 35                                    ....5           	
[20/02/2026 12:20:51] Read data (COM4)	
    50 00 81 64 00 00 80 00 00 00 00 00 00 00 00 00   P.Åd..Ä.........	
    00 00 00 00 00 00 00 00 00 00 00 00 00 00 00 00   ................	
    00 00 00 00 b5                                    ....µ           	
[20/02/2026 12:20:52] Written data (COM4)	
    50 00 81 84 00 00 00 00 00 00 00 00 00 00 00 00   P.ÅÑ............	
    00 00 00 00 00 00 00 00 00 00 00 00 00 00 00 00   ................	
    00 00 00 00 55                                    ....U           	
[20/02/2026 12:20:52] Read data (COM4)	
    50 00 81 84 00 00 00 00 00 00 00 00 00 00 00 00   P.ÅÑ............	
    00 00 00 00 00 00 08 00 00 00 00 09 00 00 00 00   ................	
    09 00 00 00 6f                                    ....o           	
[20/02/2026 12:20:52] Written data (COM4)	
    50 00 81 95 00 00 00 00 00 00 00 00 00 00 00 00   P.Åï............	
    00 00 00 00 00 00 00 00 00 00 00 00 00 00 00 00   ................	
    00 00 00 00 66                                    ....f           	
[20/02/2026 12:20:52] Read data (COM4)	
    50 00 81 95 00 08 00 00 00 00 09 00 00 00 00 09   P.Åï............	
    00 00 00 00 09 00 00 00 04 8e 02 b5 01 8e 02 89   .........é.µ.é.â	
    02 89 02 89 02                                    .â.â.           	
[20/02/2026 12:20:52] Written data (COM4)	
    50 00 81 44 00 00 00 00 00 00 00 00 00 00 00 00   P.ÅD............	
    00 00 00 00 00 00 00 00 00 00 00 00 00 00 00 00   ................	
    00 00 00 00 15                                    .....           	
[20/02/2026 12:20:52] Read data (COM4)	
    50 00 81 44 08 00 00 00 01 14 1a 02 14 0c 0e 23   P.ÅD...........#	
    c4 94 98 00 00 00 01 00 00 00 00 00 00 00 00 00   ƒîò.............	
    00 00 00 00 90                                    ....ê           	
[20/02/2026 12:20:52] Written data (COM4)	
    50 00 81 64 00 00 00 00 00 00 00 00 00 00 00 00   P.Åd............	
    00 00 00 00 00 00 00 00 00 00 00 00 00 00 00 00   ................	
    00 00 00 00 35                                    ....5           	
[20/02/2026 12:20:52] Read data (COM4)	
    50 00 81 64 00 00 80 00 00 00 00 00 00 00 00 00   P.Åd..Ä.........	
    00 00 00 00 00 00 00 00 00 00 00 00 00 00 00 00   ................	
    00 00 00 00 b5                                    ....µ           	
[20/02/2026 12:20:52] Written data (COM4)	
    50 00 81 84 00 00 00 00 00 00 00 00 00 00 00 00   P.ÅÑ............	
    00 00 00 00 00 00 00 00 00 00 00 00 00 00 00 00   ................	
    00 00 00 00 55                                    ....U           	
[20/02/2026 12:20:52] Read data (COM4)	
    50 00 81 84 00 00 00 00 00 00 00 00 00 00 00 00   P.ÅÑ............	
    00 00 00 00 00 00 08 00 00 00 00 09 00 00 00 00   ................	
    09 00 00 00 6f                                    ....o           	
[20/02/2026 12:20:53] Written data (COM4)	
    50 00 81 95 00 00 00 00 00 00 00 00 00 00 00 00   P.Åï............	
    00 00 00 00 00 00 00 00 00 00 00 00 00 00 00 00   ................	
    00 00 00 00 66                                    ....f           	
[20/02/2026 12:20:53] Read data (COM4)	
    50 00 81 95 00 08 00 00 00 00 09 00 00 00 00 09   P.Åï............	
    00 00 00 00 09 00 00 00 04 8e 02 b5 01 8e 02 89   .........é.µ.é.â	
    02 89 02 89 02                                    .â.â.           	
[20/02/2026 12:20:53] Written data (COM4)	
    50 00 81 44 00 00 00 00 00 00 00 00 00 00 00 00   P.ÅD............	
    00 00 00 00 00 00 00 00 00 00 00 00 00 00 00 00   ................	
    00 00 00 00 15                                    .....           	
[20/02/2026 12:20:53] Read data (COM4)	
    50 00 81 44 08 00 00 00 01 14 1a 02 14 0c 0e 24   P.ÅD...........$	
    c4 94 98 00 00 00 01 00 00 00 00 00 00 00 00 00   ƒîò.............	
    00 00 00 00 91                                    ....ë           	
[20/02/2026 12:20:53] Written data (COM4)	
    50 00 81 64 00 00 00 00 00 00 00 00 00 00 00 00   P.Åd............	
    00 00 00 00 00 00 00 00 00 00 00 00 00 00 00 00   ................	
    00 00 00 00 35                                    ....5           	
[20/02/2026 12:20:53] Read data (COM4)	
    50 00 81 64 00 00 80 00 00 00 00 00 00 00 00 00   P.Åd..Ä.........	
    00 00 00 00 00 00 00 00 00 00 00 00 00 00 00 00   ................	
    00 00 00 00 b5                                    ....µ           	
[20/02/2026 12:20:53] Written data (COM4)	
    50 00 81 84 00 00 00 00 00 00 00 00 00 00 00 00   P.ÅÑ............	
    00 00 00 00 00 00 00 00 00 00 00 00 00 00 00 00   ................	
    00 00 00 00 55                                    ....U           	
[20/02/2026 12:20:53] Read data (COM4)	
    50 00 81 84 00 00 00 00 00 00 00 00 00 00 00 00   P.ÅÑ............	
    00 00 00 00 00 00 08 00 00 00 00 09 00 00 00 00   ................	
    09 00 00 00 6f                                    ....o           	
[20/02/2026 12:20:53] Written data (COM4)	
    50 00 81 95 00 00 00 00 00 00 00 00 00 00 00 00   P.Åï............	
    00 00 00 00 00 00 00 00 00 00 00 00 00 00 00 00   ................	
    00 00 00 00 66                                    ....f           	
[20/02/2026 12:20:53] Read data (COM4)	
    50 00 81 95 00 08 00 00 00 00 09 00 00 00 00 09   P.Åï............	
    00 00 00 00 09 00 00 00 04 8e 02 b5 01 8e 02 89   .........é.µ.é.â	
    02 89 02 89 02                                    .â.â.           	
[20/02/2026 12:20:54] Written data (COM4)	
    50 00 81 44 00 00 00 00 00 00 00 00 00 00 00 00   P.ÅD............	
    00 00 00 00 00 00 00 00 00 00 00 00 00 00 00 00   ................	
    00 00 00 00 15                                    .....           	
[20/02/2026 12:20:54] Read data (COM4)	
    50 00 81 44 08 00 00 00 01 14 1a 02 14 0c 0e 25   P.ÅD...........%	
    c4 94 98 00 00 00 01 00 00 00 00 00 00 00 00 00   ƒîò.............	
    00 00 00 00 92                                    ....í           	
[20/02/2026 12:20:54] Written data (COM4)	
    50 00 81 64 00 00 00 00 00 00 00 00 00 00 00 00   P.Åd............	
    00 00 00 00 00 00 00 00 00 00 00 00 00 00 00 00   ................	
    00 00 00 00 35                                    ....5           	
[20/02/2026 12:20:54] Read data (COM4)	
    50 00 81 64 00 00 80 00 00 00 00 00 00 00 00 00   P.Åd..Ä.........	
    00 00 00 00 00 00 00 00 00 00 00 00 00 00 00 00   ................	
    00 00 00 00 b5                                    ....µ           	
[20/02/2026 12:20:54] Written data (COM4)	
    50 00 81 84 00 00 00 00 00 00 00 00 00 00 00 00   P.ÅÑ............	
    00 00 00 00 00 00 00 00 00 00 00 00 00 00 00 00   ................	
    00 00 00 00 55                                    ....U           	
[20/02/2026 12:20:54] Read data (COM4)	
    50 00 81 84 00 00 00 00 00 00 00 00 00 00 00 00   P.ÅÑ............	
    00 00 00 00 00 00 08 00 00 00 00 09 00 00 00 00   ................	
    09 00 00 00 6f                                    ....o           	
[20/02/2026 12:20:54] Written data (COM4)	
    50 00 81 95 00 00 00 00 00 00 00 00 00 00 00 00   P.Åï............	
    00 00 00 00 00 00 00 00 00 00 00 00 00 00 00 00   ................	
    00 00 00 00 66                                    ....f           	
[20/02/2026 12:20:54] Read data (COM4)	
    50 00 81 95 00 08 00 00 00 00 09 00 00 00 00 09   P.Åï............	
    00 00 00 00 09 00 00 00 04 8e 02 b5 01 8e 02 89   .........é.µ.é.â	
    02 89 02 89 02                                    .â.â.           	
[20/02/2026 12:20:54] Written data (COM4)	
    50 00 81 44 00 00 00 00 00 00 00 00 00 00 00 00   P.ÅD............	
    00 00 00 00 00 00 00 00 00 00 00 00 00 00 00 00   ................	
    00 00 00 00 15                                    .....           	
[20/02/2026 12:20:54] Read data (COM4)	
    50 00 81 44 08 00 00 00 01 14 1a 02 14 0c 0e 26   P.ÅD...........&	
    c4 94 98 00 00 00 01 00 00 00 00 00 00 00 00 00   ƒîò.............	
    00 00 00 00 93                                    ....ì           	
[20/02/2026 12:20:55] Written data (COM4)	
    50 00 81 64 00 00 00 00 00 00 00 00 00 00 00 00   P.Åd............	
    00 00 00 00 00 00 00 00 00 00 00 00 00 00 00 00   ................	
    00 00 00 00 35                                    ....5           	
[20/02/2026 12:20:55] Read data (COM4)	
    50 00 81 64 00 00 80 00 00 00 00 00 00 00 00 00   P.Åd..Ä.........	
    00 00 00 00 00 00 00 00 00 00 00 00 00 00 00 00   ................	
    00 00 00 00 b5                                    ....µ           	
[20/02/2026 12:20:55] Written data (COM4)	
    50 00 81 84 00 00 00 00 00 00 00 00 00 00 00 00   P.ÅÑ............	
    00 00 00 00 00 00 00 00 00 00 00 00 00 00 00 00   ................	
    00 00 00 00 55                                    ....U           	
[20/02/2026 12:20:55] Read data (COM4)	
    50 00 81 84 00 00 00 00 00 00 00 00 00 00 00 00   P.ÅÑ............	
    00 00 00 00 00 00 08 00 00 00 00 09 00 00 00 00   ................	
    09 00 00 00 6f                                    ....o           	
[20/02/2026 12:20:55] Written data (COM4)	
    50 00 81 95 00 00 00 00 00 00 00 00 00 00 00 00   P.Åï............	
    00 00 00 00 00 00 00 00 00 00 00 00 00 00 00 00   ................	
    00 00 00 00 66                                    ....f           	
[20/02/2026 12:20:55] Read data (COM4)	
    50 00 81 95 00 08 00 00 00 00 09 00 00 00 00 09   P.Åï............	
    00 00 00 00 09 00 00 00 04 8e 02 b5 01 8e 02 89   .........é.µ.é.â	
    02 89 02 89 02                                    .â.â.           	
[20/02/2026 12:20:55] Written data (COM4)	
    50 00 81 44 00 00 00 00 00 00 00 00 00 00 00 00   P.ÅD............	
    00 00 00 00 00 00 00 00 00 00 00 00 00 00 00 00   ................	
    00 00 00 00 15                                    .....           	
[20/02/2026 12:20:55] Read data (COM4)	
    50 00 81 44 08 00 00 00 01 14 1a 02 14 0c 0e 26   P.ÅD...........&	
    c4 94 97 00 00 00 01 00 00 00 00 00 00 00 00 00   ƒîó.............	
    00 00 00 00 92                                    ....í           	
[20/02/2026 12:20:55] Written data (COM4)	
    50 00 81 64 00 00 00 00 00 00 00 00 00 00 00 00   P.Åd............	
    00 00 00 00 00 00 00 00 00 00 00 00 00 00 00 00   ................	
    00 00 00 00 35                                    ....5           	
[20/02/2026 12:20:56] Read data (COM4)	
    50 00 81 64 00 00 80 00 00 00 00 00 00 00 00 00   P.Åd..Ä.........	
    00 00 00 00 00 00 00 00 00 00 00 00 00 00 00 00   ................	
    00 00 00 00 b5                                    ....µ           	
[20/02/2026 12:20:56] Written data (COM4)	
    50 00 81 84 00 00 00 00 00 00 00 00 00 00 00 00   P.ÅÑ............	
    00 00 00 00 00 00 00 00 00 00 00 00 00 00 00 00   ................	
    00 00 00 00 55                                    ....U           	
[20/02/2026 12:20:56] Read data (COM4)	
    50 00 81 84 00 00 00 00 00 00 00 00 00 00 00 00   P.ÅÑ............	
    00 00 00 00 00 00 08 00 00 00 00 09 00 00 00 00   ................	
    09 00 00 00 6f                                    ....o           	
[20/02/2026 12:20:56] Written data (COM4)	
    50 00 81 95 00 00 00 00 00 00 00 00 00 00 00 00   P.Åï............	
    00 00 00 00 00 00 00 00 00 00 00 00 00 00 00 00   ................	
    00 00 00 00 66                                    ....f           	
[20/02/2026 12:20:56] Read data (COM4)	
    50 00 81 95 00 08 00 00 00 00 09 00 00 00 00 08   P.Åï............	
    00 00 00 00 09 00 00 00 04 8e 02 b5 01 8e 02 89   .........é.µ.é.â	
    02 89 02 89 01                                    .â.â.           	
[20/02/2026 12:20:56] Written data (COM4)	
    50 00 81 44 00 00 00 00 00 00 00 00 00 00 00 00   P.ÅD............	
    00 00 00 00 00 00 00 00 00 00 00 00 00 00 00 00   ................	
    00 00 00 00 15                                    .....           	
[20/02/2026 12:20:56] Read data (COM4)	
    50 00 81 44 08 00 00 00 01 14 1a 02 14 0c 0e 27   P.ÅD...........'	
    c4 94 98 00 20 00 01 00 00 00 00 00 00 00 00 00   ƒîò. ...........	
    00 00 00 00 b4                                    ....¥           	
[20/02/2026 12:20:56] Written data (COM4)	
    50 00 81 64 00 00 00 00 00 00 00 00 00 00 00 00   P.Åd............	
    00 00 00 00 00 00 00 00 00 00 00 00 00 00 00 00   ................	
    00 00 00 00 35                                    ....5           	
[20/02/2026 12:20:56] Read data (COM4)	
    50 00 81 64 00 00 80 00 00 00 00 00 00 00 00 00   P.Åd..Ä.........	
    00 00 00 00 00 00 00 00 00 00 00 00 00 00 00 00   ................	
    00 00 00 00 b5                                    ....µ           	
[20/02/2026 12:20:57] Written data (COM4)	
    50 00 81 84 00 00 00 00 00 00 00 00 00 00 00 00   P.ÅÑ............	
    00 00 00 00 00 00 00 00 00 00 00 00 00 00 00 00   ................	
    00 00 00 00 55                                    ....U           	
[20/02/2026 12:20:57] Read data (COM4)	
    50 00 81 84 00 00 00 00 00 00 00 00 00 00 00 00   P.ÅÑ............	
    00 00 00 00 00 00 08 00 00 00 00 09 00 00 00 00   ................	
    08 00 00 00 6e                                    ....n           	
[20/02/2026 12:20:57] Written data (COM4)	
    50 00 81 95 00 00 00 00 00 00 00 00 00 00 00 00   P.Åï............	
    00 00 00 00 00 00 00 00 00 00 00 00 00 00 00 00   ................	
    00 00 00 00 66                                    ....f           	
[20/02/2026 12:20:57] Read data (COM4)	
    50 00 81 95 00 08 00 00 00 00 09 00 00 00 00 08   P.Åï............	
    00 00 00 00 09 00 00 00 04 8e 02 b5 01 8e 02 89   .........é.µ.é.â	
    02 89 02 89 01                                    .â.â.           	
[20/02/2026 12:20:57] Written data (COM4)	
    50 00 81 44 00 00 00 00 00 00 00 00 00 00 00 00   P.ÅD............	
    00 00 00 00 00 00 00 00 00 00 00 00 00 00 00 00   ................	
    00 00 00 00 15                                    .....           	
[20/02/2026 12:20:57] Read data (COM4)	
    50 00 81 44 08 00 00 00 01 14 1a 02 14 0c 0e 28   P.ÅD...........(	
    c4 94 97 00 20 00 01 00 00 00 00 00 00 00 00 00   ƒîó. ...........	
    00 00 00 00 b4                                    ....¥           	
[20/02/2026 12:20:57] Written data (COM4)	
    50 00 81 64 00 00 00 00 00 00 00 00 00 00 00 00   P.Åd............	
    00 00 00 00 00 00 00 00 00 00 00 00 00 00 00 00   ................	
    00 00 00 00 35                                    ....5           	
[20/02/2026 12:20:57] Read data (COM4)	
    50 00 81 64 00 00 80 00 00 00 00 00 00 00 00 00   P.Åd..Ä.........	
    00 00 00 00 00 00 00 00 00 00 00 00 00 00 00 00   ................	
    00 00 00 00 b5                                    ....µ           	
[20/02/2026 12:20:57] Written data (COM4)	
    50 00 81 84 00 00 00 00 00 00 00 00 00 00 00 00   P.ÅÑ............	
    00 00 00 00 00 00 00 00 00 00 00 00 00 00 00 00   ................	
    00 00 00 00 55                                    ....U           	
[20/02/2026 12:20:57] Read data (COM4)	
    50 00 81 84 00 00 00 00 00 00 00 00 00 00 00 00   P.ÅÑ............	
    00 00 00 00 00 00 08 00 00 00 00 09 00 00 00 00   ................	
    08 00 00 00 6e                                    ....n           	
[20/02/2026 12:20:58] Written data (COM4)	
    50 00 81 95 00 00 00 00 00 00 00 00 00 00 00 00   P.Åï............	
    00 00 00 00 00 00 00 00 00 00 00 00 00 00 00 00   ................	
    00 00 00 00 66                                    ....f           	
[20/02/2026 12:20:58] Read data (COM4)	
    50 00 81 95 00 08 00 00 00 00 09 00 00 00 00 08   P.Åï............	
    00 00 00 00 09 00 00 00 04 8e 02 b5 01 8e 02 89   .........é.µ.é.â	
    02 89 02 89 01                                    .â.â.           	
[20/02/2026 12:20:58] Written data (COM4)	
    50 00 81 44 00 00 00 00 00 00 00 00 00 00 00 00   P.ÅD............	
    00 00 00 00 00 00 00 00 00 00 00 00 00 00 00 00   ................	
    00 00 00 00 15                                    .....           	
[20/02/2026 12:20:58] Read data (COM4)	
    50 00 81 44 08 00 00 00 01 14 1a 02 14 0c 0e 29   P.ÅD...........)	
    c4 94 98 00 20 00 01 00 00 00 00 00 00 00 00 00   ƒîò. ...........	
    00 00 00 00 b6                                    ....∂           	
[20/02/2026 12:20:58] Written data (COM4)	
    50 00 81 64 00 00 00 00 00 00 00 00 00 00 00 00   P.Åd............	
    00 00 00 00 00 00 00 00 00 00 00 00 00 00 00 00   ................	
    00 00 00 00 35                                    ....5           	
[20/02/2026 12:20:58] Read data (COM4)	
    50 00 81 64 00 00 80 00 00 00 00 00 00 00 00 00   P.Åd..Ä.........	
    00 00 00 00 00 00 00 00 00 00 00 00 00 00 00 00   ................	
    00 00 00 00 b5                                    ....µ           	
[20/02/2026 12:20:58] Written data (COM4)	
    50 00 81 84 00 00 00 00 00 00 00 00 00 00 00 00   P.ÅÑ............	
    00 00 00 00 00 00 00 00 00 00 00 00 00 00 00 00   ................	
    00 00 00 00 55                                    ....U           	
[20/02/2026 12:20:58] Read data (COM4)	
    50 00 81 84 00 00 00 00 00 00 00 00 00 00 00 00   P.ÅÑ............	
    00 00 00 00 00 00 08 00 00 00 00 09 00 00 00 00   ................	
    08 00 00 00 6e                                    ....n           	
[20/02/2026 12:20:58] Written data (COM4)	
    50 00 81 95 00 00 00 00 00 00 00 00 00 00 00 00   P.Åï............	
    00 00 00 00 00 00 00 00 00 00 00 00 00 00 00 00   ................	
    00 00 00 00 66                                    ....f           	
[20/02/2026 12:20:58] Read data (COM4)	
    50 00 81 95 00 08 00 00 00 00 09 00 00 00 00 08   P.Åï............	
    00 00 00 00 09 00 00 00 04 8e 02 b5 01 8e 02 89   .........é.µ.é.â	
    02 89 02 89 01                                    .â.â.           	
[20/02/2026 12:20:59] Written data (COM4)	
    50 00 81 44 00 00 00 00 00 00 00 00 00 00 00 00   P.ÅD............	
    00 00 00 00 00 00 00 00 00 00 00 00 00 00 00 00   ................	
    00 00 00 00 15                                    .....           	
[20/02/2026 12:20:59] Read data (COM4)	
    50 00 81 44 08 00 00 00 01 14 1a 02 14 0c 0e 2a   P.ÅD...........*	
    c4 94 98 00 20 00 01 00 00 00 00 00 00 00 00 00   ƒîò. ...........	
    00 00 00 00 b7                                    ....∑           	
[20/02/2026 12:20:59] Written data (COM4)	
    50 00 81 64 00 00 00 00 00 00 00 00 00 00 00 00   P.Åd............	
    00 00 00 00 00 00 00 00 00 00 00 00 00 00 00 00   ................	
    00 00 00 00 35                                    ....5           	
[20/02/2026 12:20:59] Read data (COM4)	
    50 00 81 64 00 00 80 00 00 00 00 00 00 00 00 00   P.Åd..Ä.........	
    00 00 00 00 00 00 00 00 00 00 00 00 00 00 00 00   ................	
    00 00 00 00 b5                                    ....µ           	
[20/02/2026 12:20:59] Written data (COM4)	
    50 00 81 84 00 00 00 00 00 00 00 00 00 00 00 00   P.ÅÑ............	
    00 00 00 00 00 00 00 00 00 00 00 00 00 00 00 00   ................	
    00 00 00 00 55                                    ....U           	
[20/02/2026 12:20:59] Read data (COM4)	
    50 00 81 84 00 00 00 00 00 00 00 00 00 00 00 00   P.ÅÑ............	
    00 00 00 00 00 00 09 00 00 00 00 09 00 00 00 00   ................	
    08 00 00 00 6f                                    ....o           	
[20/02/2026 12:20:59] Written data (COM4)	
    50 00 81 95 00 00 00 00 00 00 00 00 00 00 00 00   P.Åï............	
    00 00 00 00 00 00 00 00 00 00 00 00 00 00 00 00   ................	
    00 00 00 00 66                                    ....f           	
[20/02/2026 12:20:59] Read data (COM4)	
    50 00 81 95 00 09 00 00 00 00 09 00 00 00 00 08   P.Åï............	
    00 00 00 00 09 00 00 00 04 8e 02 b5 01 8e 02 89   .........é.µ.é.â	
    02 89 02 89 02                                    .â.â.           	
[20/02/2026 12:20:59] Written data (COM4)	
    50 00 81 44 00 00 00 00 00 00 00 00 00 00 00 00   P.ÅD............	
    00 00 00 00 00 00 00 00 00 00 00 00 00 00 00 00   ................	
    00 00 00 00 15                                    .....           	
[20/02/2026 12:20:59] Read data (COM4)	
    50 00 81 44 08 00 00 00 01 14 1a 02 14 0c 0e 2b   P.ÅD...........+	
    c4 94 98 00 20 00 00 00 00 00 00 00 00 00 00 00   ƒîò. ...........	
    00 00 00 00 b7                                    ....∑           	
[20/02/2026 12:21:00] Written data (COM4)	
    50 00 81 64 00 00 00 00 00 00 00 00 00 00 00 00   P.Åd............	
    00 00 00 00 00 00 00 00 00 00 00 00 00 00 00 00   ................	
    00 00 00 00 35                                    ....5           	
[20/02/2026 12:21:00] Read data (COM4)	
    50 00 81 64 00 00 80 00 00 00 00 00 00 00 00 00   P.Åd..Ä.........	
    00 00 00 00 00 00 00 00 00 00 00 00 00 00 00 00   ................	
    00 00 00 00 b5                                    ....µ           	
[20/02/2026 12:21:00] Written data (COM4)	
    50 00 81 84 00 00 00 00 00 00 00 00 00 00 00 00   P.ÅÑ............	
    00 00 00 00 00 00 00 00 00 00 00 00 00 00 00 00   ................	
    00 00 00 00 55                                    ....U           	
[20/02/2026 12:21:00] Read data (COM4)	
    50 00 81 84 00 00 00 00 00 00 00 00 00 00 00 00   P.ÅÑ............	
    00 00 00 00 00 00 09 00 00 00 00 09 00 00 00 00   ................	
    08 00 00 00 6f                                    ....o           	
[20/02/2026 12:21:00] Written data (COM4)	
    50 00 81 95 00 00 00 00 00 00 00 00 00 00 00 00   P.Åï............	
    00 00 00 00 00 00 00 00 00 00 00 00 00 00 00 00   ................	
    00 00 00 00 66                                    ....f           	
[20/02/2026 12:21:00] Read data (COM4)	
    50 00 81 95 00 09 00 00 00 00 09 00 00 00 00 08   P.Åï............	
    00 00 00 00 09 00 00 00 04 8e 02 b5 01 8e 02 89   .........é.µ.é.â	
    02 89 02 89 02                                    .â.â.           	
[20/02/2026 12:21:00] Written data (COM4)	
    50 00 81 44 00 00 00 00 00 00 00 00 00 00 00 00   P.ÅD............	
    00 00 00 00 00 00 00 00 00 00 00 00 00 00 00 00   ................	
    00 00 00 00 15                                    .....           	
[20/02/2026 12:21:00] Read data (COM4)	
    50 00 81 44 08 00 00 00 01 14 1a 02 14 0c 0e 2b   P.ÅD...........+	
    c4 94 97 00 20 00 00 00 00 00 00 00 00 00 00 00   ƒîó. ...........	
    00 00 00 00 b6                                    ....∂           	
[20/02/2026 12:21:00] Written data (COM4)	
    50 00 81 64 00 00 00 00 00 00 00 00 00 00 00 00   P.Åd............	
    00 00 00 00 00 00 00 00 00 00 00 00 00 00 00 00   ................	
    00 00 00 00 35                                    ....5           	
[20/02/2026 12:21:00] Read data (COM4)	
    50 00 81 64 00 00 80 00 00 00 00 00 00 00 00 00   P.Åd..Ä.........	
    00 00 00 00 00 00 00 00 00 00 00 00 00 00 00 00   ................	
    00 00 00 00 b5                                    ....µ           	
[20/02/2026 12:21:01] Written data (COM4)	
    50 00 81 84 00 00 00 00 00 00 00 00 00 00 00 00   P.ÅÑ............	
    00 00 00 00 00 00 00 00 00 00 00 00 00 00 00 00   ................	
    00 00 00 00 55                                    ....U           	
[20/02/2026 12:21:01] Read data (COM4)	
    50 00 81 84 00 00 00 00 00 00 00 00 00 00 00 00   P.ÅÑ............	
    00 00 00 00 00 00 09 00 00 00 00 09 00 00 00 00   ................	
    08 00 00 00 6f                                    ....o           	
[20/02/2026 12:21:01] Written data (COM4)	
    50 00 81 95 00 00 00 00 00 00 00 00 00 00 00 00   P.Åï............	
    00 00 00 00 00 00 00 00 00 00 00 00 00 00 00 00   ................	
    00 00 00 00 66                                    ....f           	
[20/02/2026 12:21:01] Read data (COM4)	
    50 00 81 95 00 09 00 00 00 00 09 00 00 00 00 08   P.Åï............	
    00 00 00 00 09 00 00 00 04 8e 02 b5 01 8e 02 89   .........é.µ.é.â	
    02 89 02 89 02                                    .â.â.           	
[20/02/2026 12:21:01] Written data (COM4)	
    50 00 81 44 00 00 00 00 00 00 00 00 00 00 00 00   P.ÅD............	
    00 00 00 00 00 00 00 00 00 00 00 00 00 00 00 00   ................	
    00 00 00 00 15                                    .....           	
[20/02/2026 12:21:01] Read data (COM4)	
    50 00 81 44 08 00 00 00 01 14 1a 02 14 0c 0e 2c   P.ÅD...........,	
    c4 94 98 00 20 00 00 00 00 00 00 00 00 00 00 00   ƒîò. ...........	
    00 00 00 00 b8                                    ....∏           	
[20/02/2026 12:21:01] Written data (COM4)	
    50 00 81 64 00 00 00 00 00 00 00 00 00 00 00 00   P.Åd............	
    00 00 00 00 00 00 00 00 00 00 00 00 00 00 00 00   ................	
    00 00 00 00 35                                    ....5           	
[20/02/2026 12:21:01] Read data (COM4)	
    50 00 81 64 00 00 80 00 00 00 00 00 00 00 00 00   P.Åd..Ä.........	
    00 00 00 00 00 00 00 00 00 00 00 00 00 00 00 00   ................	
    00 00 00 00 b5                                    ....µ           	
[20/02/2026 12:21:01] Written data (COM4)	
    50 00 81 84 00 00 00 00 00 00 00 00 00 00 00 00   P.ÅÑ............	
    00 00 00 00 00 00 00 00 00 00 00 00 00 00 00 00   ................	
    00 00 00 00 55                                    ....U           	
[20/02/2026 12:21:01] Read data (COM4)	
    50 00 81 84 00 00 00 00 00 00 00 00 00 00 00 00   P.ÅÑ............	
    00 00 00 00 00 00 09 00 00 00 00 09 00 00 00 00   ................	
    08 00 00 00 6f                                    ....o           	
[20/02/2026 12:21:02] Written data (COM4)	
    50 00 81 95 00 00 00 00 00 00 00 00 00 00 00 00   P.Åï............	
    00 00 00 00 00 00 00 00 00 00 00 00 00 00 00 00   ................	
    00 00 00 00 66                                    ....f           	
[20/02/2026 12:21:02] Read data (COM4)	
    50 00 81 95 00 09 00 00 00 00 09 00 00 00 00 08   P.Åï............	
    00 00 00 00 09 00 00 00 04 8e 02 b5 01 8e 02 89   .........é.µ.é.â	
    02 89 02 89 02                                    .â.â.           	
[20/02/2026 12:21:02] Written data (COM4)	
    50 00 81 44 00 00 00 00 00 00 00 00 00 00 00 00   P.ÅD............	
    00 00 00 00 00 00 00 00 00 00 00 00 00 00 00 00   ................	
    00 00 00 00 15                                    .....           	
[20/02/2026 12:21:02] Read data (COM4)	
    50 00 81 44 08 00 00 00 01 14 1a 02 14 0c 0e 2d   P.ÅD...........-	
    c4 94 98 00 20 00 00 00 00 00 00 00 00 00 00 00   ƒîò. ...........	
    00 00 00 00 b9                                    ....π           	
[20/02/2026 12:21:02] Written data (COM4)	
    50 00 81 64 00 00 00 00 00 00 00 00 00 00 00 00   P.Åd............	
    00 00 00 00 00 00 00 00 00 00 00 00 00 00 00 00   ................	
    00 00 00 00 35                                    ....5           	
[20/02/2026 12:21:02] Read data (COM4)	
    50 00 81 64 00 00 80 00 00 00 00 00 00 00 00 00   P.Åd..Ä.........	
    00 00 00 00 00 00 00 00 00 00 00 00 00 00 00 00   ................	
    00 00 00 00 b5                                    ....µ           	
[20/02/2026 12:21:02] Written data (COM4)	
    50 00 81 84 00 00 00 00 00 00 00 00 00 00 00 00   P.ÅÑ............	
    00 00 00 00 00 00 00 00 00 00 00 00 00 00 00 00   ................	
    00 00 00 00 55                                    ....U           	
[20/02/2026 12:21:02] Read data (COM4)	
    50 00 81 84 00 00 00 00 00 00 00 00 00 00 00 00   P.ÅÑ............	
    00 00 00 00 00 00 09 00 00 00 00 09 00 00 00 00   ................	
    08 00 00 00 6f                                    ....o           	
[20/02/2026 12:21:02] Written data (COM4)	
    50 00 81 95 00 00 00 00 00 00 00 00 00 00 00 00   P.Åï............	
    00 00 00 00 00 00 00 00 00 00 00 00 00 00 00 00   ................	
    00 00 00 00 66                                    ....f           	
[20/02/2026 12:21:03] Read data (COM4)	
    50 00 81 95 00 09 00 00 00 00 09 00 00 00 00 08   P.Åï............	
    00 00 00 00 09 00 00 00 04 8e 02 b5 01 8e 02 89   .........é.µ.é.â	
    02 89 02 89 02                                    .â.â.           	
[20/02/2026 12:21:03] Written data (COM4)	
    50 00 81 44 00 00 00 00 00 00 00 00 00 00 00 00   P.ÅD............	
    00 00 00 00 00 00 00 00 00 00 00 00 00 00 00 00   ................	
    00 00 00 00 15                                    .....           	
[20/02/2026 12:21:03] Read data (COM4)	
    50 00 81 44 08 00 00 00 01 14 1a 02 14 0c 0e 2e   P.ÅD............	
    c4 94 98 00 20 00 00 00 00 00 00 00 00 00 00 00   ƒîò. ...........	
    00 00 00 00 ba                                    ....∫           	
[20/02/2026 12:21:03] Written data (COM4)	
    50 00 81 64 00 00 00 00 00 00 00 00 00 00 00 00   P.Åd............	
    00 00 00 00 00 00 00 00 00 00 00 00 00 00 00 00   ................	
    00 00 00 00 35                                    ....5           	
[20/02/2026 12:21:03] Read data (COM4)	
    50 00 81 64 00 00 80 00 00 00 00 00 00 00 00 00   P.Åd..Ä.........	
    00 00 00 00 00 00 00 00 00 00 00 00 00 00 00 00   ................	
    00 00 00 00 b5                                    ....µ           	
[20/02/2026 12:21:03] Written data (COM4)	
    50 00 81 84 00 00 00 00 00 00 00 00 00 00 00 00   P.ÅÑ............	
    00 00 00 00 00 00 00 00 00 00 00 00 00 00 00 00   ................	
    00 00 00 00 55                                    ....U           	
[20/02/2026 12:21:03] Read data (COM4)	
    50 00 81 84 00 00 00 00 00 00 00 00 00 00 00 00   P.ÅÑ............	
    00 00 00 00 00 00 09 00 00 00 00 09 00 00 00 00   ................	
    08 00 00 00 6f                                    ....o           	
[20/02/2026 12:21:03] Written data (COM4)	
    50 00 81 95 00 00 00 00 00 00 00 00 00 00 00 00   P.Åï............	
    00 00 00 00 00 00 00 00 00 00 00 00 00 00 00 00   ................	
    00 00 00 00 66                                    ....f           	
[20/02/2026 12:21:03] Read data (COM4)	
    50 00 81 95 00 09 00 00 00 00 09 00 00 00 00 08   P.Åï............	
    00 00 00 00 09 00 00 00 04 8e 02 b5 01 8e 02 89   .........é.µ.é.â	
    02 89 02 89 02                                    .â.â.           	
[20/02/2026 12:21:03] Written data (COM4)	
    50 00 81 44 00 00 00 00 00 00 00 00 00 00 00 00   P.ÅD............	
    00 00 00 00 00 00 00 00 00 00 00 00 00 00 00 00   ................	
    00 00 00 00 15                                    .....           	
[20/02/2026 12:21:04] Read data (COM4)	
    50 00 81 44 08 00 00 00 01 14 1a 02 14 0c 0e 2f   P.ÅD.........../	
    c4 94 98 00 20 00 00 00 00 00 00 00 00 00 00 00   ƒîò. ...........	
    00 00 00 00 bb                                    ....ª           	
[20/02/2026 12:21:04] Written data (COM4)	
    50 00 81 64 00 00 00 00 00 00 00 00 00 00 00 00   P.Åd............	
    00 00 00 00 00 00 00 00 00 00 00 00 00 00 00 00   ................	
    00 00 00 00 35                                    ....5           	
[20/02/2026 12:21:04] Read data (COM4)	
    50 00 81 64 00 00 80 00 00 00 00 00 00 00 00 00   P.Åd..Ä.........	
    00 00 00 00 00 00 00 00 00 00 00 00 00 00 00 00   ................	
    00 00 00 00 b5                                    ....µ           	
[20/02/2026 12:21:04] Written data (COM4)	
    50 00 81 84 00 00 00 00 00 00 00 00 00 00 00 00   P.ÅÑ............	
    00 00 00 00 00 00 00 00 00 00 00 00 00 00 00 00   ................	
    00 00 00 00 55                                    ....U           	
[20/02/2026 12:21:04] Read data (COM4)	
    50 00 81 84 00 00 00 00 00 00 00 00 00 00 00 00   P.ÅÑ............	
    00 00 00 00 00 00 09 00 00 00 00 09 00 00 00 00   ................	
    08 00 00 00 6f                                    ....o           	
[20/02/2026 12:21:04] Written data (COM4)	
    50 00 81 95 00 00 00 00 00 00 00 00 00 00 00 00   P.Åï............	
    00 00 00 00 00 00 00 00 00 00 00 00 00 00 00 00   ................	
    00 00 00 00 66                                    ....f           	
[20/02/2026 12:21:04] Read data (COM4)	
    50 00 81 95 00 09 00 00 00 00 09 00 00 00 00 08   P.Åï............	
    00 00 00 00 09 00 00 00 04 8e 02 b5 01 8e 02 89   .........é.µ.é.â	
    02 89 02 89 02                                    .â.â.           	
[20/02/2026 12:21:04] Written data (COM4)	
    50 00 81 44 00 00 00 00 00 00 00 00 00 00 00 00   P.ÅD............	
    00 00 00 00 00 00 00 00 00 00 00 00 00 00 00 00   ................	
    00 00 00 00 15                                    .....           	
[20/02/2026 12:21:04] Read data (COM4)	
    50 00 81 44 08 00 00 00 01 14 1a 02 14 0c 0e 30   P.ÅD...........0	
    c4 94 98 00 00 00 00 00 00 00 00 00 00 00 00 00   ƒîò.............	
    00 00 00 00 9c                                    ....ú           	
[20/02/2026 12:21:05] Written data (COM4)	
    50 00 81 64 00 00 00 00 00 00 00 00 00 00 00 00   P.Åd............	
    00 00 00 00 00 00 00 00 00 00 00 00 00 00 00 00   ................	
    00 00 00 00 35                                    ....5           	
[20/02/2026 12:21:05] Read data (COM4)	
    50 00 81 64 00 00 80 00 00 00 00 00 00 00 00 00   P.Åd..Ä.........	
    00 00 00 00 00 00 00 00 00 00 00 00 00 00 00 00   ................	
    00 00 00 00 b5                                    ....µ           	
[20/02/2026 12:21:05] Written data (COM4)	
    50 00 81 84 00 00 00 00 00 00 00 00 00 00 00 00   P.ÅÑ............	
    00 00 00 00 00 00 00 00 00 00 00 00 00 00 00 00   ................	
    00 00 00 00 55                                    ....U           	
[20/02/2026 12:21:05] Read data (COM4)	
    50 00 81 84 00 00 00 00 00 00 00 00 00 00 00 00   P.ÅÑ............	
    00 00 00 00 00 00 09 00 00 00 00 09 00 00 00 00   ................	
    09 00 00 00 70                                    ....p           	
[20/02/2026 12:21:05] Written data (COM4)	
    50 00 81 95 00 00 00 00 00 00 00 00 00 00 00 00   P.Åï............	
    00 00 00 00 00 00 00 00 00 00 00 00 00 00 00 00   ................	
    00 00 00 00 66                                    ....f           	
[20/02/2026 12:21:05] Read data (COM4)	
    50 00 81 95 00 09 00 00 00 00 09 00 00 00 00 09   P.Åï............	
    00 00 00 00 09 00 00 00 04 8e 02 b5 01 8e 02 89   .........é.µ.é.â	
    02 89 02 89 03                                    .â.â.           	
[20/02/2026 12:21:05] Written data (COM4)	
    50 00 81 44 00 00 00 00 00 00 00 00 00 00 00 00   P.ÅD............	
    00 00 00 00 00 00 00 00 00 00 00 00 00 00 00 00   ................	
    00 00 00 00 15                                    .....           	
[20/02/2026 12:21:05] Read data (COM4)	
    50 00 81 44 08 00 00 00 01 14 1a 02 14 0c 0e 30   P.ÅD...........0	
    c4 94 98 00 00 00 00 00 00 00 00 00 00 00 00 00   ƒîò.............	
    00 00 00 00 9c                                    ....ú           	
[20/02/2026 12:21:05] Written data (COM4)	
    50 00 81 64 00 00 00 00 00 00 00 00 00 00 00 00   P.Åd............	
    00 00 00 00 00 00 00 00 00 00 00 00 00 00 00 00   ................	
    00 00 00 00 35                                    ....5           	
[20/02/2026 12:21:05] Read data (COM4)	
    50 00 81 64 00 00 80 00 00 00 00 00 00 00 00 00   P.Åd..Ä.........	
    00 00 00 00 00 00 00 00 00 00 00 00 00 00 00 00   ................	
    00 00 00 00 b5                                    ....µ           	
[20/02/2026 12:21:06] Written data (COM4)	
    50 00 81 84 00 00 00 00 00 00 00 00 00 00 00 00   P.ÅÑ............	
    00 00 00 00 00 00 00 00 00 00 00 00 00 00 00 00   ................	
    00 00 00 00 55                                    ....U           	
[20/02/2026 12:21:06] Read data (COM4)	
    50 00 81 84 00 00 00 00 00 00 00 00 00 00 00 00   P.ÅÑ............	
    00 00 00 00 00 00 09 00 00 00 00 09 00 00 00 00   ................	
    09 00 00 00 70                                    ....p           	
[20/02/2026 12:21:06] Written data (COM4)	
    50 00 81 95 00 00 00 00 00 00 00 00 00 00 00 00   P.Åï............	
    00 00 00 00 00 00 00 00 00 00 00 00 00 00 00 00   ................	
    00 00 00 00 66                                    ....f           	
[20/02/2026 12:21:06] Read data (COM4)	
    50 00 81 95 00 09 00 00 00 00 09 00 00 00 00 09   P.Åï............	
    00 00 00 00 09 00 00 00 04 8e 02 b5 01 8e 02 89   .........é.µ.é.â	
    02 89 02 89 03                                    .â.â.           	
[20/02/2026 12:21:06] Written data (COM4)	
    50 00 81 44 00 00 00 00 00 00 00 00 00 00 00 00   P.ÅD............	
    00 00 00 00 00 00 00 00 00 00 00 00 00 00 00 00   ................	
    00 00 00 00 15                                    .....           	
[20/02/2026 12:21:06] Read data (COM4)	
    50 00 81 44 08 00 00 00 01 14 1a 02 14 0c 0e 31   P.ÅD...........1	
    c4 94 98 00 00 00 00 00 00 00 00 00 00 00 00 00   ƒîò.............	
    00 00 00 00 9d                                    ....ù           	
[20/02/2026 12:21:06] Written data (COM4)	
    50 00 81 64 00 00 00 00 00 00 00 00 00 00 00 00   P.Åd............	
    00 00 00 00 00 00 00 00 00 00 00 00 00 00 00 00   ................	
    00 00 00 00 35                                    ....5           	
[20/02/2026 12:21:06] Read data (COM4)	
    50 00 81 64 00 00 80 00 00 00 00 00 00 00 00 00   P.Åd..Ä.........	
    00 00 00 00 00 00 00 00 00 00 00 00 00 00 00 00   ................	
    00 00 00 00 b5                                    ....µ           	
[20/02/2026 12:21:06] Written data (COM4)	
    50 00 81 84 00 00 00 00 00 00 00 00 00 00 00 00   P.ÅÑ............	
    00 00 00 00 00 00 00 00 00 00 00 00 00 00 00 00   ................	
    00 00 00 00 55                                    ....U           	
[20/02/2026 12:21:06] Read data (COM4)	
    50 00 81 84 00 00 00 00 00 00 00 00 00 00 00 00   P.ÅÑ............	
    00 00 00 00 00 00 09 00 00 00 00 09 00 00 00 00   ................	
    09 00 00 00 70                                    ....p           	
[20/02/2026 12:21:07] Written data (COM4)	
    50 00 81 95 00 00 00 00 00 00 00 00 00 00 00 00   P.Åï............	
    00 00 00 00 00 00 00 00 00 00 00 00 00 00 00 00   ................	
    00 00 00 00 66                                    ....f           	
[20/02/2026 12:21:07] Read data (COM4)	
    50 00 81 95 00 09 00 00 00 00 09 00 00 00 00 09   P.Åï............	
    00 00 00 00 09 00 00 00 04 8e 02 b5 01 8e 02 89   .........é.µ.é.â	
    02 89 02 89 03                                    .â.â.           	
[20/02/2026 12:21:07] Written data (COM4)	
    50 00 81 44 00 00 00 00 00 00 00 00 00 00 00 00   P.ÅD............	
    00 00 00 00 00 00 00 00 00 00 00 00 00 00 00 00   ................	
    00 00 00 00 15                                    .....           	
[20/02/2026 12:21:07] Read data (COM4)	
    50 00 81 44 08 00 00 00 01 14 1a 02 14 0c 0e 32   P.ÅD...........2	
    c4 94 98 00 00 00 00 00 00 00 00 00 00 00 00 00   ƒîò.............	
    00 00 00 00 9e                                    ....û           	
[20/02/2026 12:21:07] Written data (COM4)	
    50 00 81 64 00 00 00 00 00 00 00 00 00 00 00 00   P.Åd............	
    00 00 00 00 00 00 00 00 00 00 00 00 00 00 00 00   ................	
    00 00 00 00 35                                    ....5           	
[20/02/2026 12:21:07] Read data (COM4)	
    50 00 81 64 00 00 80 00 00 00 00 00 00 00 00 00   P.Åd..Ä.........	
    00 00 00 00 00 00 00 00 00 00 00 00 00 00 00 00   ................	
    00 00 00 00 b5                                    ....µ           	
[20/02/2026 12:21:07] Written data (COM4)	
    50 00 81 84 00 00 00 00 00 00 00 00 00 00 00 00   P.ÅÑ............	
    00 00 00 00 00 00 00 00 00 00 00 00 00 00 00 00   ................	
    00 00 00 00 55                                    ....U           	
[20/02/2026 12:21:07] Read data (COM4)	
    50 00 81 84 00 00 00 00 00 00 00 00 00 00 00 00   P.ÅÑ............	
    00 00 00 00 00 00 09 00 00 00 00 09 00 00 00 00   ................	
    09 00 00 00 70                                    ....p           	
[20/02/2026 12:21:07] Written data (COM4)	
    50 00 81 95 00 00 00 00 00 00 00 00 00 00 00 00   P.Åï............	
    00 00 00 00 00 00 00 00 00 00 00 00 00 00 00 00   ................	
    00 00 00 00 66                                    ....f           	
[20/02/2026 12:21:07] Read data (COM4)	
    50 00 81 95 00 09 00 00 00 00 09 00 00 00 00 09   P.Åï............	
    00 00 00 00 09 00 00 00 04 8e 02 b5 01 8e 02 89   .........é.µ.é.â	
    02 89 02 89 03                                    .â.â.           	
[20/02/2026 12:21:08] Written data (COM4)	
    50 00 81 44 00 00 00 00 00 00 00 00 00 00 00 00   P.ÅD............	
    00 00 00 00 00 00 00 00 00 00 00 00 00 00 00 00   ................	
    00 00 00 00 15                                    .....           	
[20/02/2026 12:21:08] Read data (COM4)	
    50 00 81 44 08 00 00 00 01 14 1a 02 14 0c 0e 33   P.ÅD...........3	
    c4 94 98 00 00 00 00 00 00 00 00 00 00 00 00 00   ƒîò.............	
    00 00 00 00 9f                                    ....ü           	
[20/02/2026 12:21:08] Written data (COM4)	
    50 00 81 64 00 00 00 00 00 00 00 00 00 00 00 00   P.Åd............	
    00 00 00 00 00 00 00 00 00 00 00 00 00 00 00 00   ................	
    00 00 00 00 35                                    ....5           	
[20/02/2026 12:21:08] Read data (COM4)	
    50 00 81 64 00 00 80 00 00 00 00 00 00 00 00 00   P.Åd..Ä.........	
    00 00 00 00 00 00 00 00 00 00 00 00 00 00 00 00   ................	
    00 00 00 00 b5                                    ....µ           	
[20/02/2026 12:21:08] Written data (COM4)	
    50 00 81 84 00 00 00 00 00 00 00 00 00 00 00 00   P.ÅÑ............	
    00 00 00 00 00 00 00 00 00 00 00 00 00 00 00 00   ................	
    00 00 00 00 55                                    ....U           	
[20/02/2026 12:21:08] Read data (COM4)	
    50 00 81 84 00 00 00 00 00 00 00 00 00 00 00 00   P.ÅÑ............	
    00 00 00 00 00 00 09 00 00 00 00 09 00 00 00 00   ................	
    09 00 00 00 70                                    ....p           	
[20/02/2026 12:21:08] Written data (COM4)	
    50 00 81 95 00 00 00 00 00 00 00 00 00 00 00 00   P.Åï............	
    00 00 00 00 00 00 00 00 00 00 00 00 00 00 00 00   ................	
    00 00 00 00 66                                    ....f           	
[20/02/2026 12:21:08] Read data (COM4)	
    50 00 81 95 00 09 00 00 00 00 09 00 00 00 00 09   P.Åï............	
    00 00 00 00 09 00 00 00 04 8e 02 b5 01 8e 02 89   .........é.µ.é.â	
    02 89 02 89 03                                    .â.â.           	
[20/02/2026 12:21:09] Written data (COM4)	
    50 00 81 44 00 00 00 00 00 00 00 00 00 00 00 00   P.ÅD............	
    00 00 00 00 00 00 00 00 00 00 00 00 00 00 00 00   ................	
    00 00 00 00 15                                    .....           	
[20/02/2026 12:21:09] Read data (COM4)	
    50 00 81 44 08 00 00 00 01 14 1a 02 14 0c 0e 34   P.ÅD...........4	
    c4 94 98 00 00 00 00 00 00 00 00 00 00 00 00 00   ƒîò.............	
    00 00 00 00 a0                                    ....†           	
[20/02/2026 12:21:09] Written data (COM4)	
    50 00 81 64 00 00 00 00 00 00 00 00 00 00 00 00   P.Åd............	
    00 00 00 00 00 00 00 00 00 00 00 00 00 00 00 00   ................	
    00 00 00 00 35                                    ....5           	
[20/02/2026 12:21:09] Read data (COM4)	
    50 00 81 64 00 00 80 00 00 00 00 00 00 00 00 00   P.Åd..Ä.........	
    00 00 00 00 00 00 00 00 00 00 00 00 00 00 00 00   ................	
    00 00 00 00 b5                                    ....µ           	
[20/02/2026 12:21:09] Written data (COM4)	
    50 00 81 84 00 00 00 00 00 00 00 00 00 00 00 00   P.ÅÑ............	
    00 00 00 00 00 00 00 00 00 00 00 00 00 00 00 00   ................	
    00 00 00 00 55                                    ....U           	
[20/02/2026 12:21:09] Read data (COM4)	
    50 00 81 84 00 00 00 00 00 00 00 00 00 00 00 00   P.ÅÑ............	
    00 00 00 00 00 00 09 00 00 00 00 09 00 00 00 00   ................	
    09 00 00 00 70                                    ....p           	
[20/02/2026 12:21:09] Written data (COM4)	
    50 00 81 95 00 00 00 00 00 00 00 00 00 00 00 00   P.Åï............	
    00 00 00 00 00 00 00 00 00 00 00 00 00 00 00 00   ................	
    00 00 00 00 66                                    ....f           	
[20/02/2026 12:21:09] Read data (COM4)	
    50 00 81 95 00 09 00 00 00 00 09 00 00 00 00 09   P.Åï............	
    00 00 00 00 09 00 00 00 04 8e 02 b5 01 8e 02 89   .........é.µ.é.â	
    02 89 02 89 03                                    .â.â.           	
[20/02/2026 12:21:09] Written data (COM4)	
    50 00 81 44 00 00 00 00 00 00 00 00 00 00 00 00   P.ÅD............	
    00 00 00 00 00 00 00 00 00 00 00 00 00 00 00 00   ................	
    00 00 00 00 15                                    .....           	
[20/02/2026 12:21:09] Read data (COM4)	
    50 00 81 44 08 00 00 00 01 14 1a 02 14 0c 0e 35   P.ÅD...........5	
    c4 94 96 00 00 00 00 00 00 00 00 00 00 00 00 00   ƒîñ.............	
    00 00 00 00 9f                                    ....ü           	
