[20/02/2026 16:02:57] Written data (COM4)	
    ff ff ff ff ff ff ff ff ff ff ff ff ff ff ff ff   ˇˇˇˇˇˇˇˇˇˇˇˇˇˇˇˇ	
    ff ff ff ff ff ff ff ff ff ff ff ff ff ff ff ff   ˇˇˇˇˇˇˇˇˇˇˇˇˇˇˇˇ	
    ff ff ff ff ff                                    ˇˇˇˇˇ           	
[20/02/2026 16:02:58] Read data (COM4)	
    ff 00 00 00 00 00 00 00 00 00 00 00 00 00 00 00   ˇ...............	
    00 00 00 00 00 00 00 00 00 00 00 00 00 00 00 00   ................	
    00 00 00 00 ff                                    ....ˇ           	
[20/02/2026 16:02:58] Written data (COM4)	
    5f 20 00 00 00 00 00 00 00 00 00 00 00 00 00 00   _ ..............	
    00 00 00 00 00 00 00 00 00 00 00 00 00 00 00 00   ................	
    00 00 00 00 7f                                    ....           	
[20/02/2026 16:02:59] Read data (COM4)	
    00 00 08 10 00 04 00 00 00 00 00 00 06 12 02 b0   ...............∞	
    51 00 00 00 00 00 00 00 00 00 00 00 00 00 00 00   Q...............	
    00 00 00 00 37                                    ....7           	
[20/02/2026 16:03:00] Written data (COM4)	
    00 00 08 10 00 04 00 00 00 00 00 00 0a 12 02 b0   ...............∞	
    51 00 00 00 00 00 00 00 00 00 00 00 00 00 00 00   Q...............	
    00 00 00 00 3b                                    ....;           	
[20/02/2026 16:03:00] Read data (COM4)	
    10 00 00 00 00 00 00 00 00 00 00 00 00 00 00 00   ................	
    00 00 00 00 00 00 00 00 00 00 00 00 00 00 00 00   ................	
    00 00 00 00 10                                    .....           	
[20/02/2026 16:03:00] Written data (COM4)	
    50 00 00 00 00 00 00 00 00 00 00 00 00 00 00 00   P...............	
    00 00 00 00 00 00 00 00 00 00 00 00 00 00 00 00   ................	
    00 00 00 00 50                                    ....P           	
[20/02/2026 16:03:00] Read data (COM4)	
    50 00 00 00 06 01 09 20 03 06 00 00 04 00 00 00   P...... ........	
    00 00 00 ff 01 09 20 03 01 01 09 20 03 02 01 09   ...ˇ.. .... ....	
    20 03 03 01 1a                                     ....           	
[20/02/2026 16:03:00] Written data (COM4)	
    50 00 81 44 00 00 00 00 00 00 00 00 00 00 00 00   P.ÅD............	
    00 00 00 00 00 00 00 00 00 00 00 00 00 00 00 00   ................	
    00 00 00 00 15                                    .....           	
[20/02/2026 16:03:00] Read data (COM4)	
    50 00 81 44 08 00 00 00 01 14 1a 02 14 0f 38 2b   P.ÅD..........8+	
    c5 94 98 00 00 00 00 00 00 00 00 00 00 00 00 00   ≈îò.............	
    00 00 00 00 c5                                    ....≈           	
[20/02/2026 16:03:00] Written data (COM4)	
    50 00 81 64 00 00 00 00 00 00 00 00 00 00 00 00   P.Åd............	
    00 00 00 00 00 00 00 00 00 00 00 00 00 00 00 00   ................	
    00 00 00 00 35                                    ....5           	
[20/02/2026 16:03:00] Read data (COM4)	
    50 00 81 64 00 00 80 00 00 00 00 00 00 00 00 00   P.Åd..Ä.........	
    00 00 00 00 00 00 00 00 00 00 00 00 00 00 00 00   ................	
    00 00 00 00 b5                                    ....µ           	
[20/02/2026 16:03:00] Written data (COM4)	
    50 00 81 84 00 00 00 00 00 00 00 00 00 00 00 00   P.ÅÑ............	
    00 00 00 00 00 00 00 00 00 00 00 00 00 00 00 00   ................	
    00 00 00 00 55                                    ....U           	
[20/02/2026 16:03:00] Read data (COM4)	
    50 00 81 84 00 00 00 00 00 00 00 00 00 00 00 00   P.ÅÑ............	
    00 00 00 00 00 00 09 00 00 00 00 09 00 00 00 00   ................	
    09 00 00 00 70                                    ....p           	
[20/02/2026 16:03:00] Written data (COM4)	
    50 00 81 95 00 00 00 00 00 00 00 00 00 00 00 00   P.Åï............	
    00 00 00 00 00 00 00 00 00 00 00 00 00 00 00 00   ................	
    00 00 00 00 66                                    ....f           	
[20/02/2026 16:03:00] Read data (COM4)	
    50 00 81 95 00 09 00 00 00 00 09 00 00 00 00 09   P.Åï............	
    00 00 00 00 09 00 00 00 04 99 02 97 02 99 02 98   .........ô.ó.ô.ò	
    02 98 02 98 29                                    .ò.ò)           	
[20/02/2026 16:03:00] Written data (COM4)	
    50 00 0b c0 00 00 00 00 00 00 00 00 00 00 00 00   P..¿............	
    00 00 00 00 00 00 00 00 00 00 00 00 00 00 00 00   ................	
    00 00 00 00 1b                                    .....           	
[20/02/2026 16:03:00] Read data (COM4)	
    50 00 0b c0 aa aa aa 00 00 8f 00 00 00 00 00 78   P..¿™™™..è.....x	
    45 18 eb 0f 00 8f 00 00 00 00 00 00 00 00 00 00   E.Î..è..........	
    00 00 00 00 06                                    .....           	
[20/02/2026 16:03:00] Written data (COM4)	
    50 00 81 bc 00 00 00 00 00 00 00 00 00 00 00 00   P.Åº............	
    00 00 00 00 00 00 00 00 00 00 00 00 00 00 00 00   ................	
    00 00 00 00 8d                                    ....ç           	
[20/02/2026 16:03:00] Read data (COM4)	
    50 00 81 bc fe 0f 00 00 00 00 00 00 00 00 00 00   P.Åº˛...........	
    20 ff d5 29 e6 03 00 00 00 00 00 00 00 00 00 00    ˇ’)Ê...........	
    20 1d 08 00 e5                                     ...Â           	
[20/02/2026 16:03:01] Written data (COM4)	
    50 00 81 bc 00 00 00 00 00 00 00 00 00 00 00 00   P.Åº............	
    00 00 00 00 00 00 00 00 00 00 00 00 00 00 00 00   ................	
    00 00 00 00 8d                                    ....ç           	
[20/02/2026 16:03:01] Read data (COM4)	
    50 00 81 bc fe 0f 00 00 00 00 00 00 00 00 00 00   P.Åº˛...........	
    06 ff 22 28 e6 03 00 00 00 00 00 00 00 00 00 00   .ˇ"(Ê...........	
    20 1d 08 00 17                                     ....           	
[20/02/2026 16:03:01] Written data (COM4)	
    50 00 14 20 00 00 00 00 00 00 00 00 00 00 00 00   P.. ............	
    00 00 00 00 00 00 00 00 00 00 00 00 00 00 00 00   ................	
    00 00 00 00 84                                    ....Ñ           	
[20/02/2026 16:03:01] Read data (COM4)	
    50 00 14 20 1b 36 22 d7 1b 3c 25 9f 1b 36 22 d7   P.. .6"◊.<%ü.6"◊	
    00 00 00 00 00 00 00 00 00 00 00 00 00 00 00 00   ................	
    00 00 00 00 33                                    ....3           	
[20/02/2026 16:03:02] Written data (COM4)	
    50 00 15 90 00 00 00 00 00 00 00 00 00 00 00 00   P..ê............	
    00 00 00 00 00 00 00 00 00 00 00 00 00 00 00 00   ................	
    00 00 00 00 f5                                    ....ı           	
[20/02/2026 16:03:02] Read data (COM4)	
    50 00 15 90 00 00 00 00 00 00 00 00 00 00 00 00   P..ê............	
    00 00 00 00 00 00 00 00 00 00 00 00 00 00 00 00   ................	
    00 00 00 00 f5                                    ....ı           	
[20/02/2026 16:03:02] Written data (COM4)	
    50 00 15 b0 00 00 00 00 00 00 00 00 00 00 00 00   P..∞............	
    00 00 00 00 00 00 00 00 00 00 00 00 00 00 00 00   ................	
    00 00 00 00 15                                    .....           	
[20/02/2026 16:03:02] Read data (COM4)	
    50 00 15 b0 00 00 00 00 00 00 00 00 00 00 00 00   P..∞............	
    00 00 00 00 00 00 00 00 00 00 00 00 00 00 00 00   ................	
    00 00 00 00 15                                    .....           	
[20/02/2026 16:03:02] Written data (COM4)	
    50 00 15 d4 00 00 00 00 00 00 00 00 00 00 00 00   P..‘............	
    00 00 00 00 00 00 00 00 00 00 00 00 00 00 00 00   ................	
    00 00 00 00 39                                    ....9           	
[20/02/2026 16:03:02] Read data (COM4)	
    50 00 15 d4 00 00 00 00 00 00 00 00 00 00 00 00   P..‘............	
    00 00 00 00 00 00 00 00 00 00 00 00 00 00 00 00   ................	
    00 00 00 00 39                                    ....9           	
[20/02/2026 16:03:02] Written data (COM4)	
    50 00 14 00 00 00 00 00 00 00 00 00 00 00 00 00   P...............	
    00 00 00 00 00 00 00 00 00 00 00 00 00 00 00 00   ................	
    00 00 00 00 64                                    ....d           	
[20/02/2026 16:03:02] Read data (COM4)	
    50 00 14 00 1b 36 22 d7 1b 3c 25 9f 34 3b 06 9d   P....6"◊.<%ü4;.ù	
    34 3b 06 d2 1b 36 22 d7 1b 3c 25 9f 1b 3c 25 9f   4;.“.6"◊.<%ü.<%ü	
    1b 36 22 d7 ec                                    .6"◊Ï           	
[20/02/2026 16:03:02] Written data (COM4)	
    50 00 14 20 00 00 00 00 00 00 00 00 00 00 00 00   P.. ............	
    00 00 00 00 00 00 00 00 00 00 00 00 00 00 00 00   ................	
    00 00 00 00 84                                    ....Ñ           	
[20/02/2026 16:03:02] Read data (COM4)	
    50 00 14 20 1b 36 22 d7 1b 3c 25 9f 1b 36 22 d7   P.. .6"◊.<%ü.6"◊	
    00 00 00 00 00 00 00 00 00 00 00 00 00 00 00 00   ................	
    00 00 00 00 33                                    ....3           	
[20/02/2026 16:03:02] Written data (COM4)	
    50 00 15 90 00 00 00 00 00 00 00 00 00 00 00 00   P..ê............	
    00 00 00 00 00 00 00 00 00 00 00 00 00 00 00 00   ................	
    00 00 00 00 f5                                    ....ı           	
[20/02/2026 16:03:02] Read data (COM4)	
    50 00 15 90 00 00 00 00 00 00 00 00 00 00 00 00   P..ê............	
    00 00 00 00 00 00 00 00 00 00 00 00 00 00 00 00   ................	
    00 00 00 00 f5                                    ....ı           	
[20/02/2026 16:03:02] Written data (COM4)	
    50 00 15 b0 00 00 00 00 00 00 00 00 00 00 00 00   P..∞............	
    00 00 00 00 00 00 00 00 00 00 00 00 00 00 00 00   ................	
    00 00 00 00 15                                    .....           	
[20/02/2026 16:03:02] Read data (COM4)	
    50 00 15 b0 00 00 00 00 00 00 00 00 00 00 00 00   P..∞............	
    00 00 00 00 00 00 00 00 00 00 00 00 00 00 00 00   ................	
    00 00 00 00 15                                    .....           	
[20/02/2026 16:03:03] Written data (COM4)	
    50 00 15 d4 00 00 00 00 00 00 00 00 00 00 00 00   P..‘............	
    00 00 00 00 00 00 00 00 00 00 00 00 00 00 00 00   ................	
    00 00 00 00 39                                    ....9           	
[20/02/2026 16:03:03] Read data (COM4)	
    50 00 15 d4 00 00 00 00 00 00 00 00 00 00 00 00   P..‘............	
    00 00 00 00 00 00 00 00 00 00 00 00 00 00 00 00   ................	
    00 00 00 00 39                                    ....9           	
[20/02/2026 16:03:03] Written data (COM4)	
    50 00 81 64 00 00 00 00 00 00 00 00 00 00 00 00   P.Åd............	
    00 00 00 00 00 00 00 00 00 00 00 00 00 00 00 00   ................	
    00 00 00 00 35                                    ....5           	
[20/02/2026 16:03:03] Read data (COM4)	
    50 00 81 64 00 00 80 00 00 00 00 00 00 00 00 00   P.Åd..Ä.........	
    00 00 00 00 00 00 00 00 00 00 00 00 00 00 00 00   ................	
    00 00 00 00 b5                                    ....µ           	
[20/02/2026 16:03:03] Written data (COM4)	
    50 00 81 84 00 00 00 00 00 00 00 00 00 00 00 00   P.ÅÑ............	
    00 00 00 00 00 00 00 00 00 00 00 00 00 00 00 00   ................	
    00 00 00 00 55                                    ....U           	
[20/02/2026 16:03:03] Read data (COM4)	
    50 00 81 84 00 00 00 00 00 00 00 00 00 00 00 00   P.ÅÑ............	
    00 00 00 00 00 00 09 00 00 00 00 09 00 00 00 00   ................	
    09 00 00 00 70                                    ....p           	
[20/02/2026 16:03:03] Written data (COM4)	
    50 00 81 95 00 00 00 00 00 00 00 00 00 00 00 00   P.Åï............	
    00 00 00 00 00 00 00 00 00 00 00 00 00 00 00 00   ................	
    00 00 00 00 66                                    ....f           	
[20/02/2026 16:03:03] Read data (COM4)	
    50 00 81 95 00 09 00 00 00 00 09 00 00 00 00 09   P.Åï............	
    00 00 00 00 09 00 00 00 04 99 02 97 02 99 02 98   .........ô.ó.ô.ò	
    02 98 02 98 29                                    .ò.ò)           	
[20/02/2026 16:03:04] Written data (COM4)	
    50 00 81 44 00 00 00 00 00 00 00 00 00 00 00 00   P.ÅD............	
    00 00 00 00 00 00 00 00 00 00 00 00 00 00 00 00   ................	
    00 00 00 00 15                                    .....           	
[20/02/2026 16:03:04] Read data (COM4)	
    50 00 81 44 08 00 00 00 01 14 1a 02 14 0f 38 2f   P.ÅD..........8/	
    c5 94 98 00 00 00 00 00 00 00 00 00 00 00 00 00   ≈îò.............	
    00 00 00 00 c9                                    ....…           	
[20/02/2026 16:03:04] Written data (COM4)	
    50 00 81 64 00 00 00 00 00 00 00 00 00 00 00 00   P.Åd............	
    00 00 00 00 00 00 00 00 00 00 00 00 00 00 00 00   ................	
    00 00 00 00 35                                    ....5           	
[20/02/2026 16:03:04] Read data (COM4)	
    50 00 81 64 00 00 80 00 00 00 00 00 00 00 00 00   P.Åd..Ä.........	
    00 00 00 00 00 00 00 00 00 00 00 00 00 00 00 00   ................	
    00 00 00 00 b5                                    ....µ           	
[20/02/2026 16:03:04] Written data (COM4)	
    50 00 81 84 00 00 00 00 00 00 00 00 00 00 00 00   P.ÅÑ............	
    00 00 00 00 00 00 00 00 00 00 00 00 00 00 00 00   ................	
    00 00 00 00 55                                    ....U           	
[20/02/2026 16:03:04] Read data (COM4)	
    50 00 81 84 00 00 00 00 00 00 00 00 00 00 00 00   P.ÅÑ............	
    00 00 00 00 00 00 09 00 00 00 00 09 00 00 00 00   ................	
    09 00 00 00 70                                    ....p           	
[20/02/2026 16:03:04] Written data (COM4)	
    50 00 81 95 00 00 00 00 00 00 00 00 00 00 00 00   P.Åï............	
    00 00 00 00 00 00 00 00 00 00 00 00 00 00 00 00   ................	
    00 00 00 00 66                                    ....f           	
[20/02/2026 16:03:04] Read data (COM4)	
    50 00 81 95 00 09 00 00 00 00 09 00 00 00 00 09   P.Åï............	
    00 00 00 00 09 00 00 00 04 99 02 97 02 99 02 98   .........ô.ó.ô.ò	
    02 98 02 98 29                                    .ò.ò)           	
[20/02/2026 16:03:04] Written data (COM4)	
    50 00 81 44 00 00 00 00 00 00 00 00 00 00 00 00   P.ÅD............	
    00 00 00 00 00 00 00 00 00 00 00 00 00 00 00 00   ................	
    00 00 00 00 15                                    .....           	
[20/02/2026 16:03:04] Read data (COM4)	
    50 00 81 44 08 00 00 00 01 14 1a 02 14 0f 38 2f   P.ÅD..........8/	
    c4 94 97 00 00 00 00 00 00 00 00 00 00 00 00 00   ƒîó.............	
    00 00 00 00 c7                                    ....«           	
[20/02/2026 16:03:05] Written data (COM4)	
    50 00 81 64 00 00 00 00 00 00 00 00 00 00 00 00   P.Åd............	
    00 00 00 00 00 00 00 00 00 00 00 00 00 00 00 00   ................	
    00 00 00 00 35                                    ....5           	
[20/02/2026 16:03:05] Read data (COM4)	
    50 00 81 64 00 00 80 00 00 00 00 00 00 00 00 00   P.Åd..Ä.........	
    00 00 00 00 00 00 00 00 00 00 00 00 00 00 00 00   ................	
    00 00 00 00 b5                                    ....µ           	
[20/02/2026 16:03:05] Written data (COM4)	
    50 00 81 84 00 00 00 00 00 00 00 00 00 00 00 00   P.ÅÑ............	
    00 00 00 00 00 00 00 00 00 00 00 00 00 00 00 00   ................	
    00 00 00 00 55                                    ....U           	
[20/02/2026 16:03:05] Read data (COM4)	
    50 00 81 84 00 00 00 00 00 00 00 00 00 00 00 00   P.ÅÑ............	
    00 00 00 00 00 00 09 00 00 00 00 09 00 00 00 00   ................	
    09 00 00 00 70                                    ....p           	
[20/02/2026 16:03:05] Written data (COM4)	
    50 00 81 95 00 00 00 00 00 00 00 00 00 00 00 00   P.Åï............	
    00 00 00 00 00 00 00 00 00 00 00 00 00 00 00 00   ................	
    00 00 00 00 66                                    ....f           	
[20/02/2026 16:03:05] Read data (COM4)	
    50 00 81 95 00 09 00 00 00 00 09 00 00 00 00 09   P.Åï............	
    00 00 00 00 09 00 00 00 04 99 02 97 02 99 02 98   .........ô.ó.ô.ò	
    02 98 02 98 29                                    .ò.ò)           	
[20/02/2026 16:03:05] Written data (COM4)	
    50 00 81 44 00 00 00 00 00 00 00 00 00 00 00 00   P.ÅD............	
    00 00 00 00 00 00 00 00 00 00 00 00 00 00 00 00   ................	
    00 00 00 00 15                                    .....           	
[20/02/2026 16:03:05] Read data (COM4)	
    50 00 81 44 08 00 00 00 01 14 1a 02 14 0f 38 30   P.ÅD..........80	
    c5 94 98 00 00 00 00 00 00 00 00 00 00 00 00 00   ≈îò.............	
    00 00 00 00 ca                                    ....            	
[20/02/2026 16:03:05] Written data (COM4)	
    50 00 81 64 00 00 00 00 00 00 00 00 00 00 00 00   P.Åd............	
    00 00 00 00 00 00 00 00 00 00 00 00 00 00 00 00   ................	
    00 00 00 00 35                                    ....5           	
[20/02/2026 16:03:05] Read data (COM4)	
    50 00 81 64 00 00 80 00 00 00 00 00 00 00 00 00   P.Åd..Ä.........	
    00 00 00 00 00 00 00 00 00 00 00 00 00 00 00 00   ................	
    00 00 00 00 b5                                    ....µ           	
[20/02/2026 16:03:06] Written data (COM4)	
    50 00 81 84 00 00 00 00 00 00 00 00 00 00 00 00   P.ÅÑ............	
    00 00 00 00 00 00 00 00 00 00 00 00 00 00 00 00   ................	
    00 00 00 00 55                                    ....U           	
[20/02/2026 16:03:06] Read data (COM4)	
    50 00 81 84 00 00 00 00 00 00 00 00 00 00 00 00   P.ÅÑ............	
    00 00 00 00 00 00 09 00 00 00 00 09 00 00 00 00   ................	
    09 00 00 00 70                                    ....p           	
[20/02/2026 16:03:06] Written data (COM4)	
    50 00 81 95 00 00 00 00 00 00 00 00 00 00 00 00   P.Åï............	
    00 00 00 00 00 00 00 00 00 00 00 00 00 00 00 00   ................	
    00 00 00 00 66                                    ....f           	
[20/02/2026 16:03:06] Read data (COM4)	
    50 00 81 95 00 09 00 00 00 00 09 00 00 00 00 09   P.Åï............	
    00 00 00 00 09 00 00 00 04 99 02 97 02 99 02 98   .........ô.ó.ô.ò	
    02 98 02 98 29                                    .ò.ò)           	
[20/02/2026 16:03:06] Written data (COM4)	
    50 00 81 44 00 00 00 00 00 00 00 00 00 00 00 00   P.ÅD............	
    00 00 00 00 00 00 00 00 00 00 00 00 00 00 00 00   ................	
    00 00 00 00 15                                    .....           	
[20/02/2026 16:03:06] Read data (COM4)	
    50 00 81 44 08 00 00 00 01 14 1a 02 14 0f 38 31   P.ÅD..........81	
    c5 94 98 00 00 00 00 00 00 00 00 00 00 00 00 00   ≈îò.............	
    00 00 00 00 cb                                    ....À           	
[20/02/2026 16:03:06] Written data (COM4)	
    50 00 81 64 00 00 00 00 00 00 00 00 00 00 00 00   P.Åd............	
    00 00 00 00 00 00 00 00 00 00 00 00 00 00 00 00   ................	
    00 00 00 00 35                                    ....5           	
[20/02/2026 16:03:06] Read data (COM4)	
    50 00 81 64 00 00 80 00 00 00 00 00 00 00 00 00   P.Åd..Ä.........	
    00 00 00 00 00 00 00 00 00 00 00 00 00 00 00 00   ................	
    00 00 00 00 b5                                    ....µ           	
[20/02/2026 16:03:07] Written data (COM4)	
    50 00 81 84 00 00 00 00 00 00 00 00 00 00 00 00   P.ÅÑ............	
    00 00 00 00 00 00 00 00 00 00 00 00 00 00 00 00   ................	
    00 00 00 00 55                                    ....U           	
[20/02/2026 16:03:07] Read data (COM4)	
    50 00 81 84 00 00 00 00 00 00 00 00 00 00 00 00   P.ÅÑ............	
    00 00 00 00 00 00 09 00 00 00 00 09 00 00 00 00   ................	
    09 00 00 00 70                                    ....p           	
[20/02/2026 16:03:07] Written data (COM4)	
    50 00 81 95 00 00 00 00 00 00 00 00 00 00 00 00   P.Åï............	
    00 00 00 00 00 00 00 00 00 00 00 00 00 00 00 00   ................	
    00 00 00 00 66                                    ....f           	
[20/02/2026 16:03:07] Read data (COM4)	
    50 00 81 95 00 09 00 00 00 00 09 00 00 00 00 09   P.Åï............	
    00 00 00 00 09 00 00 00 04 99 02 97 02 99 02 98   .........ô.ó.ô.ò	
    02 98 02 98 29                                    .ò.ò)           	
[20/02/2026 16:03:07] Written data (COM4)	
    50 00 81 44 00 00 00 00 00 00 00 00 00 00 00 00   P.ÅD............	
    00 00 00 00 00 00 00 00 00 00 00 00 00 00 00 00   ................	
    00 00 00 00 15                                    .....           	
[20/02/2026 16:03:07] Read data (COM4)	
    50 00 81 44 08 00 00 00 01 14 1a 02 14 0f 38 32   P.ÅD..........82	
    c4 94 98 00 00 00 00 00 00 00 00 00 00 00 00 00   ƒîò.............	
    00 00 00 00 cb                                    ....À           	
[20/02/2026 16:03:07] Written data (COM4)	
    50 00 81 64 00 00 00 00 00 00 00 00 00 00 00 00   P.Åd............	
    00 00 00 00 00 00 00 00 00 00 00 00 00 00 00 00   ................	
    00 00 00 00 35                                    ....5           	
[20/02/2026 16:03:07] Read data (COM4)	
    50 00 81 64 00 00 80 00 00 00 00 00 00 00 00 00   P.Åd..Ä.........	
    00 00 00 00 00 00 00 00 00 00 00 00 00 00 00 00   ................	
    00 00 00 00 b5                                    ....µ           	
[20/02/2026 16:03:07] Written data (COM4)	
    50 00 81 84 00 00 00 00 00 00 00 00 00 00 00 00   P.ÅÑ............	
    00 00 00 00 00 00 00 00 00 00 00 00 00 00 00 00   ................	
    00 00 00 00 55                                    ....U           	
[20/02/2026 16:03:07] Read data (COM4)	
    50 00 81 84 00 00 00 00 00 00 00 00 00 00 00 00   P.ÅÑ............	
    00 00 00 00 00 00 09 00 00 00 00 09 00 00 00 00   ................	
    09 00 00 00 70                                    ....p           	
[20/02/2026 16:03:08] Written data (COM4)	
    50 00 81 95 00 00 00 00 00 00 00 00 00 00 00 00   P.Åï............	
    00 00 00 00 00 00 00 00 00 00 00 00 00 00 00 00   ................	
    00 00 00 00 66                                    ....f           	
[20/02/2026 16:03:08] Read data (COM4)	
    50 00 81 95 00 09 00 00 00 00 09 00 00 00 00 09   P.Åï............	
    00 00 00 00 09 00 00 00 04 99 02 97 02 99 02 98   .........ô.ó.ô.ò	
    02 98 02 98 29                                    .ò.ò)           	
[20/02/2026 16:03:08] Written data (COM4)	
    50 00 81 44 00 00 00 00 00 00 00 00 00 00 00 00   P.ÅD............	
    00 00 00 00 00 00 00 00 00 00 00 00 00 00 00 00   ................	
    00 00 00 00 15                                    .....           	
[20/02/2026 16:03:08] Read data (COM4)	
    50 00 81 44 08 00 00 00 01 14 1a 02 14 0f 38 33   P.ÅD..........83	
    c5 94 97 00 00 00 00 00 00 00 00 00 00 00 00 00   ≈îó.............	
    00 00 00 00 cc                                    ....Ã           	
[20/02/2026 16:03:08] Written data (COM4)	
    50 00 81 64 00 00 00 00 00 00 00 00 00 00 00 00   P.Åd............	
    00 00 00 00 00 00 00 00 00 00 00 00 00 00 00 00   ................	
    00 00 00 00 35                                    ....5           	
[20/02/2026 16:03:08] Read data (COM4)	
    50 00 81 64 00 00 80 00 00 00 00 00 00 00 00 00   P.Åd..Ä.........	
    00 00 00 00 00 00 00 00 00 00 00 00 00 00 00 00   ................	
    00 00 00 00 b5                                    ....µ           	
[20/02/2026 16:03:08] Written data (COM4)	
    50 00 81 84 00 00 00 00 00 00 00 00 00 00 00 00   P.ÅÑ............	
    00 00 00 00 00 00 00 00 00 00 00 00 00 00 00 00   ................	
    00 00 00 00 55                                    ....U           	
[20/02/2026 16:03:08] Read data (COM4)	
    50 00 81 84 00 00 00 00 00 00 00 00 00 00 00 00   P.ÅÑ............	
    00 00 00 00 00 00 09 00 00 00 00 09 00 00 00 00   ................	
    09 00 00 00 70                                    ....p           	
[20/02/2026 16:03:08] Written data (COM4)	
    50 00 81 95 00 00 00 00 00 00 00 00 00 00 00 00   P.Åï............	
    00 00 00 00 00 00 00 00 00 00 00 00 00 00 00 00   ................	
    00 00 00 00 66                                    ....f           	
[20/02/2026 16:03:08] Read data (COM4)	
    50 00 81 95 00 09 00 00 00 00 09 00 00 00 00 09   P.Åï............	
    00 00 00 00 09 00 00 00 04 99 02 97 02 99 02 98   .........ô.ó.ô.ò	
    02 98 02 98 29                                    .ò.ò)           	
[20/02/2026 16:03:09] Written data (COM4)	
    50 00 81 44 00 00 00 00 00 00 00 00 00 00 00 00   P.ÅD............	
    00 00 00 00 00 00 00 00 00 00 00 00 00 00 00 00   ................	
    00 00 00 00 15                                    .....           	
[20/02/2026 16:03:09] Read data (COM4)	
    50 00 81 44 08 00 00 00 01 14 1a 02 14 0f 38 34   P.ÅD..........84	
    c5 94 98 00 00 00 00 00 00 00 00 00 00 00 00 00   ≈îò.............	
    00 00 00 00 ce                                    ....Œ           	
[20/02/2026 16:03:09] Written data (COM4)	
    50 00 81 64 00 00 00 00 00 00 00 00 00 00 00 00   P.Åd............	
    00 00 00 00 00 00 00 00 00 00 00 00 00 00 00 00   ................	
    00 00 00 00 35                                    ....5           	
[20/02/2026 16:03:09] Read data (COM4)	
    50 00 81 64 00 00 80 00 00 00 00 00 00 00 00 00   P.Åd..Ä.........	
    00 00 00 00 00 00 00 00 00 00 00 00 00 00 00 00   ................	
    00 00 00 00 b5                                    ....µ           	
[20/02/2026 16:03:09] Written data (COM4)	
    50 00 81 84 00 00 00 00 00 00 00 00 00 00 00 00   P.ÅÑ............	
    00 00 00 00 00 00 00 00 00 00 00 00 00 00 00 00   ................	
    00 00 00 00 55                                    ....U           	
[20/02/2026 16:03:09] Read data (COM4)	
    50 00 81 84 00 00 00 00 00 00 00 00 00 00 00 00   P.ÅÑ............	
    00 00 00 00 00 00 09 00 00 00 00 09 00 00 00 00   ................	
    09 00 00 00 70                                    ....p           	
[20/02/2026 16:03:09] Written data (COM4)	
    50 00 81 95 00 00 00 00 00 00 00 00 00 00 00 00   P.Åï............	
    00 00 00 00 00 00 00 00 00 00 00 00 00 00 00 00   ................	
    00 00 00 00 66                                    ....f           	
[20/02/2026 16:03:09] Read data (COM4)	
    50 00 81 95 00 09 00 00 00 00 09 00 00 00 00 09   P.Åï............	
    00 00 00 00 09 00 00 00 04 99 02 97 02 99 02 98   .........ô.ó.ô.ò	
    02 98 02 98 29                                    .ò.ò)           	
[20/02/2026 16:03:10] Written data (COM4)	
    50 00 81 44 00 00 00 00 00 00 00 00 00 00 00 00   P.ÅD............	
    00 00 00 00 00 00 00 00 00 00 00 00 00 00 00 00   ................	
    00 00 00 00 15                                    .....           	
[20/02/2026 16:03:10] Read data (COM4)	
    50 00 81 44 08 00 00 00 01 14 1a 02 14 0f 38 35   P.ÅD..........85	
    c5 94 97 00 00 00 00 00 00 00 00 00 00 00 00 00   ≈îó.............	
    00 00 00 00 ce                                    ....Œ           	
[20/02/2026 16:03:10] Written data (COM4)	
    50 00 81 64 00 00 00 00 00 00 00 00 00 00 00 00   P.Åd............	
    00 00 00 00 00 00 00 00 00 00 00 00 00 00 00 00   ................	
    00 00 00 00 35                                    ....5           	
[20/02/2026 16:03:10] Read data (COM4)	
    50 00 81 64 00 00 80 00 00 00 00 00 00 00 00 00   P.Åd..Ä.........	
    00 00 00 00 00 00 00 00 00 00 00 00 00 00 00 00   ................	
    00 00 00 00 b5                                    ....µ           	
[20/02/2026 16:03:10] Written data (COM4)	
    50 00 81 84 00 00 00 00 00 00 00 00 00 00 00 00   P.ÅÑ............	
    00 00 00 00 00 00 00 00 00 00 00 00 00 00 00 00   ................	
    00 00 00 00 55                                    ....U           	
[20/02/2026 16:03:10] Read data (COM4)	
    50 00 81 84 00 00 00 00 00 00 00 00 00 00 00 00   P.ÅÑ............	
    00 00 00 00 00 00 09 00 00 00 00 09 00 00 00 00   ................	
    09 00 00 00 70                                    ....p           	
[20/02/2026 16:03:10] Written data (COM4)	
    50 00 81 95 00 00 00 00 00 00 00 00 00 00 00 00   P.Åï............	
    00 00 00 00 00 00 00 00 00 00 00 00 00 00 00 00   ................	
    00 00 00 00 66                                    ....f           	
[20/02/2026 16:03:10] Read data (COM4)	
    50 00 81 95 00 09 00 00 00 00 09 00 00 00 00 09   P.Åï............	
    00 00 00 00 09 00 00 00 04 99 02 97 02 99 02 98   .........ô.ó.ô.ò	
    02 98 02 98 29                                    .ò.ò)           	
[20/02/2026 16:03:10] Written data (COM4)	
    50 00 81 44 00 00 00 00 00 00 00 00 00 00 00 00   P.ÅD............	
    00 00 00 00 00 00 00 00 00 00 00 00 00 00 00 00   ................	
    00 00 00 00 15                                    .....           	
[20/02/2026 16:03:10] Read data (COM4)	
    50 00 81 44 08 00 00 00 01 14 1a 02 14 0f 38 35   P.ÅD..........85	
    c4 94 98 00 00 00 00 00 00 00 00 00 00 00 00 00   ƒîò.............	
    00 00 00 00 ce                                    ....Œ           	
[20/02/2026 16:03:11] Written data (COM4)	
    50 00 81 64 00 00 00 00 00 00 00 00 00 00 00 00   P.Åd............	
    00 00 00 00 00 00 00 00 00 00 00 00 00 00 00 00   ................	
    00 00 00 00 35                                    ....5           	
[20/02/2026 16:03:11] Read data (COM4)	
    50 00 81 64 00 00 80 00 00 00 00 00 00 00 00 00   P.Åd..Ä.........	
    00 00 00 00 00 00 00 00 00 00 00 00 00 00 00 00   ................	
    00 00 00 00 b5                                    ....µ           	
[20/02/2026 16:03:11] Written data (COM4)	
    50 00 81 84 00 00 00 00 00 00 00 00 00 00 00 00   P.ÅÑ............	
    00 00 00 00 00 00 00 00 00 00 00 00 00 00 00 00   ................	
    00 00 00 00 55                                    ....U           	
[20/02/2026 16:03:11] Read data (COM4)	
    50 00 81 84 00 00 00 00 00 00 00 00 00 00 00 00   P.ÅÑ............	
    00 00 00 00 00 00 09 00 00 00 00 09 00 00 00 00   ................	
    09 00 00 00 70                                    ....p           	
[20/02/2026 16:03:11] Written data (COM4)	
    50 00 81 95 00 00 00 00 00 00 00 00 00 00 00 00   P.Åï............	
    00 00 00 00 00 00 00 00 00 00 00 00 00 00 00 00   ................	
    00 00 00 00 66                                    ....f           	
[20/02/2026 16:03:11] Read data (COM4)	
    50 00 81 95 00 09 00 00 00 00 09 00 00 00 00 09   P.Åï............	
    00 00 00 00 09 00 00 00 04 99 02 97 02 99 02 98   .........ô.ó.ô.ò	
    02 98 02 98 29                                    .ò.ò)           	
[20/02/2026 16:03:11] Written data (COM4)	
    50 00 81 44 00 00 00 00 00 00 00 00 00 00 00 00   P.ÅD............	
    00 00 00 00 00 00 00 00 00 00 00 00 00 00 00 00   ................	
    00 00 00 00 15                                    .....           	
[20/02/2026 16:03:11] Read data (COM4)	
    50 00 81 44 08 00 00 00 01 14 1a 02 14 0f 38 36   P.ÅD..........86	
    c5 94 99 00 00 00 00 00 00 00 00 00 00 00 00 00   ≈îô.............	
    00 00 00 00 d1                                    ....—           	
[20/02/2026 16:03:11] Written data (COM4)	
    50 00 81 64 00 00 00 00 00 00 00 00 00 00 00 00   P.Åd............	
    00 00 00 00 00 00 00 00 00 00 00 00 00 00 00 00   ................	
    00 00 00 00 35                                    ....5           	
[20/02/2026 16:03:11] Read data (COM4)	
    50 00 81 64 00 00 80 00 00 00 00 00 00 00 00 00   P.Åd..Ä.........	
    00 00 00 00 00 00 00 00 00 00 00 00 00 00 00 00   ................	
    00 00 00 00 b5                                    ....µ           	
[20/02/2026 16:03:12] Written data (COM4)	
    50 00 81 84 00 00 00 00 00 00 00 00 00 00 00 00   P.ÅÑ............	
    00 00 00 00 00 00 00 00 00 00 00 00 00 00 00 00   ................	
    00 00 00 00 55                                    ....U           	
[20/02/2026 16:03:12] Read data (COM4)	
    50 00 81 84 00 00 00 00 00 00 00 00 00 00 00 00   P.ÅÑ............	
    00 00 00 00 00 00 09 00 00 00 00 09 00 00 00 00   ................	
    09 00 00 00 70                                    ....p           	
[20/02/2026 16:03:12] Written data (COM4)	
    50 00 81 95 00 00 00 00 00 00 00 00 00 00 00 00   P.Åï............	
    00 00 00 00 00 00 00 00 00 00 00 00 00 00 00 00   ................	
    00 00 00 00 66                                    ....f           	
[20/02/2026 16:03:12] Read data (COM4)	
    50 00 81 95 00 09 00 00 00 00 09 00 00 00 00 09   P.Åï............	
    00 00 00 00 09 00 00 00 04 99 02 97 02 99 02 98   .........ô.ó.ô.ò	
    02 98 02 98 29                                    .ò.ò)           	
[20/02/2026 16:03:12] Written data (COM4)	
    50 00 81 44 00 00 00 00 00 00 00 00 00 00 00 00   P.ÅD............	
    00 00 00 00 00 00 00 00 00 00 00 00 00 00 00 00   ................	
    00 00 00 00 15                                    .....           	
[20/02/2026 16:03:12] Read data (COM4)	
    50 00 81 44 08 00 00 00 01 14 1a 02 14 0f 38 37   P.ÅD..........87	
    c5 94 99 00 00 00 00 00 00 00 00 00 00 00 00 00   ≈îô.............	
    00 00 00 00 d2                                    ....“           	
[20/02/2026 16:03:12] Written data (COM4)	
    50 00 81 64 00 00 00 00 00 00 00 00 00 00 00 00   P.Åd............	
    00 00 00 00 00 00 00 00 00 00 00 00 00 00 00 00   ................	
    00 00 00 00 35                                    ....5           	
[20/02/2026 16:03:12] Read data (COM4)	
    50 00 81 64 00 00 80 00 00 00 00 00 00 00 00 00   P.Åd..Ä.........	
    00 00 00 00 00 00 00 00 00 00 00 00 00 00 00 00   ................	
    00 00 00 00 b5                                    ....µ           	
[20/02/2026 16:03:12] Written data (COM4)	
    50 00 81 84 00 00 00 00 00 00 00 00 00 00 00 00   P.ÅÑ............	
    00 00 00 00 00 00 00 00 00 00 00 00 00 00 00 00   ................	
    00 00 00 00 55                                    ....U           	
[20/02/2026 16:03:12] Read data (COM4)	
    50 00 81 84 00 00 00 00 00 00 00 00 00 00 00 00   P.ÅÑ............	
    00 00 00 00 00 00 09 00 00 00 00 09 00 00 00 00   ................	
    09 00 00 00 70                                    ....p           	
[20/02/2026 16:03:13] Written data (COM4)	
    50 00 81 95 00 00 00 00 00 00 00 00 00 00 00 00   P.Åï............	
    00 00 00 00 00 00 00 00 00 00 00 00 00 00 00 00   ................	
    00 00 00 00 66                                    ....f           	
[20/02/2026 16:03:13] Read data (COM4)	
    50 00 81 95 00 09 00 00 00 00 09 00 00 00 00 09   P.Åï............	
    00 00 00 00 09 00 00 00 04 99 02 97 02 99 02 98   .........ô.ó.ô.ò	
    02 98 02 98 29                                    .ò.ò)           	
[20/02/2026 16:03:13] Written data (COM4)	
    40 00 80 00 00 00 00 00 00 00 00 00 00 00 00 00   @.Ä.............	
    00 00 00 00 00 00 00 00 00 00 00 00 00 00 00 00   ................	
    00 00 00 00 c0                                    ....¿           	
[20/02/2026 16:03:13] Read data (COM4)	
    40 00 80 00 00 00 00 00 00 00 00 00 00 00 00 00   @.Ä.............	
    00 00 00 00 00 00 00 00 00 00 00 00 00 00 00 00   ................	
    00 00 00 00 c0                                    ....¿           	
[20/02/2026 16:03:13] Written data (COM4)	
    50 00 81 44 00 00 00 00 00 00 00 00 00 00 00 00   P.ÅD............	
    00 00 00 00 00 00 00 00 00 00 00 00 00 00 00 00   ................	
    00 00 00 00 15                                    .....           	
[20/02/2026 16:03:13] Read data (COM4)	
    50 00 81 44 08 00 00 00 01 14 1a 02 14 0f 38 38   P.ÅD..........88	
    c5 94 99 00 00 00 00 00 00 00 00 00 00 00 00 00   ≈îô.............	
    00 00 00 00 d3                                    ....”           	
[20/02/2026 16:03:13] Written data (COM4)	
    50 00 81 64 00 00 00 00 00 00 00 00 00 00 00 00   P.Åd............	
    00 00 00 00 00 00 00 00 00 00 00 00 00 00 00 00   ................	
    00 00 00 00 35                                    ....5           	
[20/02/2026 16:03:13] Read data (COM4)	
    50 00 81 64 00 00 80 00 00 00 00 00 00 00 00 00   P.Åd..Ä.........	
    00 00 00 00 00 00 00 00 00 00 00 00 00 00 00 00   ................	
    00 00 00 00 b5                                    ....µ           	
[20/02/2026 16:03:13] Written data (COM4)	
    50 00 81 84 00 00 00 00 00 00 00 00 00 00 00 00   P.ÅÑ............	
    00 00 00 00 00 00 00 00 00 00 00 00 00 00 00 00   ................	
    00 00 00 00 55                                    ....U           	
[20/02/2026 16:03:13] Read data (COM4)	
    50 00 81 84 00 00 00 00 00 00 00 00 00 00 00 00   P.ÅÑ............	
    00 00 00 00 00 00 09 00 00 00 00 09 00 00 00 00   ................	
    09 00 00 00 70                                    ....p           	
[20/02/2026 16:03:14] Written data (COM4)	
    50 00 81 95 00 00 00 00 00 00 00 00 00 00 00 00   P.Åï............	
    00 00 00 00 00 00 00 00 00 00 00 00 00 00 00 00   ................	
    00 00 00 00 66                                    ....f           	
[20/02/2026 16:03:14] Read data (COM4)	
    50 00 81 95 00 09 00 00 00 00 09 00 00 00 00 09   P.Åï............	
    00 00 00 00 09 00 00 00 04 99 02 97 02 99 02 98   .........ô.ó.ô.ò	
    02 98 02 98 29                                    .ò.ò)           	
[20/02/2026 16:03:14] Written data (COM4)	
    50 00 81 44 00 00 00 00 00 00 00 00 00 00 00 00   P.ÅD............	
    00 00 00 00 00 00 00 00 00 00 00 00 00 00 00 00   ................	
    00 00 00 00 15                                    .....           	
[20/02/2026 16:03:14] Read data (COM4)	
    50 00 81 44 08 00 00 00 01 14 1a 02 14 0f 38 39   P.ÅD..........89	
    c5 94 98 00 00 00 00 00 00 00 00 00 00 00 00 00   ≈îò.............	
    00 00 00 00 d3                                    ....”           	
[20/02/2026 16:03:14] Written data (COM4)	
    50 00 81 64 00 00 00 00 00 00 00 00 00 00 00 00   P.Åd............	
    00 00 00 00 00 00 00 00 00 00 00 00 00 00 00 00   ................	
    00 00 00 00 35                                    ....5           	
[20/02/2026 16:03:14] Read data (COM4)	
    50 00 81 64 00 00 80 00 00 00 00 00 00 00 00 00   P.Åd..Ä.........	
    00 00 00 00 00 00 00 00 00 00 00 00 00 00 00 00   ................	
    00 00 00 00 b5                                    ....µ           	
[20/02/2026 16:03:14] Written data (COM4)	
    50 00 81 84 00 00 00 00 00 00 00 00 00 00 00 00   P.ÅÑ............	
    00 00 00 00 00 00 00 00 00 00 00 00 00 00 00 00   ................	
    00 00 00 00 55                                    ....U           	
[20/02/2026 16:03:14] Read data (COM4)	
    50 00 81 84 00 00 00 00 00 00 00 00 00 00 00 00   P.ÅÑ............	
    00 00 00 00 00 00 09 00 00 00 00 09 00 00 00 00   ................	
    09 00 00 00 70                                    ....p           	
[20/02/2026 16:03:14] Written data (COM4)	
    50 00 81 95 00 00 00 00 00 00 00 00 00 00 00 00   P.Åï............	
    00 00 00 00 00 00 00 00 00 00 00 00 00 00 00 00   ................	
    00 00 00 00 66                                    ....f           	
[20/02/2026 16:03:14] Read data (COM4)	
    50 00 81 95 00 09 00 00 00 00 09 00 00 00 00 09   P.Åï............	
    00 00 00 00 09 00 00 00 04 99 02 97 02 99 02 98   .........ô.ó.ô.ò	
    02 98 02 98 29                                    .ò.ò)           	
[20/02/2026 16:03:15] Written data (COM4)	
    50 00 81 44 00 00 00 00 00 00 00 00 00 00 00 00   P.ÅD............	
    00 00 00 00 00 00 00 00 00 00 00 00 00 00 00 00   ................	
    00 00 00 00 15                                    .....           	
[20/02/2026 16:03:15] Read data (COM4)	
    50 00 81 44 08 00 00 00 01 14 1a 02 14 0f 38 3a   P.ÅD..........8:	
    c5 94 98 00 00 00 00 00 00 00 00 00 00 00 00 00   ≈îò.............	
    00 00 00 00 d4                                    ....‘           	
[20/02/2026 16:03:15] Written data (COM4)	
    50 00 81 64 00 00 00 00 00 00 00 00 00 00 00 00   P.Åd............	
    00 00 00 00 00 00 00 00 00 00 00 00 00 00 00 00   ................	
    00 00 00 00 35                                    ....5           	
[20/02/2026 16:03:15] Read data (COM4)	
    50 00 81 64 00 00 80 00 00 00 00 00 00 00 00 00   P.Åd..Ä.........	
    00 00 00 00 00 00 00 00 00 00 00 00 00 00 00 00   ................	
    00 00 00 00 b5                                    ....µ           	
[20/02/2026 16:03:15] Written data (COM4)	
    50 00 81 84 00 00 00 00 00 00 00 00 00 00 00 00   P.ÅÑ............	
    00 00 00 00 00 00 00 00 00 00 00 00 00 00 00 00   ................	
    00 00 00 00 55                                    ....U           	
[20/02/2026 16:03:15] Read data (COM4)	
    50 00 81 84 00 00 00 00 00 00 00 00 00 00 00 00   P.ÅÑ............	
    00 00 00 00 00 00 09 00 00 00 00 09 00 00 00 00   ................	
    09 00 00 00 70                                    ....p           	
[20/02/2026 16:03:15] Written data (COM4)	
    50 00 81 95 00 00 00 00 00 00 00 00 00 00 00 00   P.Åï............	
    00 00 00 00 00 00 00 00 00 00 00 00 00 00 00 00   ................	
    00 00 00 00 66                                    ....f           	
[20/02/2026 16:03:15] Read data (COM4)	
    50 00 81 95 00 09 00 00 00 00 09 00 00 00 00 09   P.Åï............	
    00 00 00 00 09 00 00 00 04 99 02 97 02 99 02 98   .........ô.ó.ô.ò	
    02 98 02 98 29                                    .ò.ò)           	
[20/02/2026 16:03:15] Written data (COM4)	
    50 00 81 44 00 00 00 00 00 00 00 00 00 00 00 00   P.ÅD............	
    00 00 00 00 00 00 00 00 00 00 00 00 00 00 00 00   ................	
    00 00 00 00 15                                    .....           	
[20/02/2026 16:03:15] Read data (COM4)	
    50 00 81 44 08 00 00 00 01 14 1a 02 14 0f 38 3a   P.ÅD..........8:	
    c4 94 99 00 00 00 00 00 00 00 00 00 00 00 00 00   ƒîô.............	
    00 00 00 00 d4                                    ....‘           	
[20/02/2026 16:03:16] Written data (COM4)	
    50 00 81 64 00 00 00 00 00 00 00 00 00 00 00 00   P.Åd............	
    00 00 00 00 00 00 00 00 00 00 00 00 00 00 00 00   ................	
    00 00 00 00 35                                    ....5           	
[20/02/2026 16:03:16] Read data (COM4)	
    50 00 81 64 00 00 80 00 00 00 00 00 00 00 00 00   P.Åd..Ä.........	
    00 00 00 00 00 00 00 00 00 00 00 00 00 00 00 00   ................	
    00 00 00 00 b5                                    ....µ           	
[20/02/2026 16:03:16] Written data (COM4)	
    50 00 81 84 00 00 00 00 00 00 00 00 00 00 00 00   P.ÅÑ............	
    00 00 00 00 00 00 00 00 00 00 00 00 00 00 00 00   ................	
    00 00 00 00 55                                    ....U           	
[20/02/2026 16:03:16] Read data (COM4)	
    50 00 81 84 00 00 00 00 00 00 00 00 00 00 00 00   P.ÅÑ............	
    00 00 00 00 00 00 09 00 00 00 00 09 00 00 00 00   ................	
    09 00 00 00 70                                    ....p           	
[20/02/2026 16:03:16] Written data (COM4)	
    50 00 81 95 00 00 00 00 00 00 00 00 00 00 00 00   P.Åï............	
    00 00 00 00 00 00 00 00 00 00 00 00 00 00 00 00   ................	
    00 00 00 00 66                                    ....f           	
[20/02/2026 16:03:16] Read data (COM4)	
    50 00 81 95 00 09 00 00 00 00 09 00 00 00 00 09   P.Åï............	
    00 00 00 00 09 00 00 00 04 99 02 97 02 99 02 98   .........ô.ó.ô.ò	
    02 98 02 98 29                                    .ò.ò)           	
[20/02/2026 16:03:16] Written data (COM4)	
    50 00 81 44 00 00 00 00 00 00 00 00 00 00 00 00   P.ÅD............	
    00 00 00 00 00 00 00 00 00 00 00 00 00 00 00 00   ................	
    00 00 00 00 15                                    .....           	
[20/02/2026 16:03:16] Read data (COM4)	
    50 00 81 44 08 00 00 00 01 14 1a 02 14 0f 38 3b   P.ÅD..........8;	
    c5 94 98 00 00 00 00 00 00 00 00 00 00 00 00 00   ≈îò.............	
    00 00 00 00 d5                                    ....’           	
[20/02/2026 16:03:16] Written data (COM4)	
    50 00 81 64 00 00 00 00 00 00 00 00 00 00 00 00   P.Åd............	
    00 00 00 00 00 00 00 00 00 00 00 00 00 00 00 00   ................	
    00 00 00 00 35                                    ....5           	
[20/02/2026 16:03:16] Read data (COM4)	
    50 00 81 64 00 00 80 00 00 00 00 00 00 00 00 00   P.Åd..Ä.........	
    00 00 00 00 00 00 00 00 00 00 00 00 00 00 00 00   ................	
    00 00 00 00 b5                                    ....µ           	
[20/02/2026 16:03:17] Written data (COM4)	
    50 00 81 84 00 00 00 00 00 00 00 00 00 00 00 00   P.ÅÑ............	
    00 00 00 00 00 00 00 00 00 00 00 00 00 00 00 00   ................	
    00 00 00 00 55                                    ....U           	
[20/02/2026 16:03:17] Read data (COM4)	
    50 00 81 84 00 00 00 00 00 00 00 00 00 00 00 00   P.ÅÑ............	
    00 00 00 00 00 00 09 00 00 00 00 09 00 00 00 00   ................	
    09 00 00 00 70                                    ....p           	
[20/02/2026 16:03:17] Written data (COM4)	
    50 00 81 95 00 00 00 00 00 00 00 00 00 00 00 00   P.Åï............	
    00 00 00 00 00 00 00 00 00 00 00 00 00 00 00 00   ................	
    00 00 00 00 66                                    ....f           	
[20/02/2026 16:03:17] Read data (COM4)	
    50 00 81 95 00 09 00 00 00 00 09 00 00 00 00 09   P.Åï............	
    00 00 00 00 09 00 00 00 04 99 02 97 02 99 02 98   .........ô.ó.ô.ò	
    02 98 02 98 29                                    .ò.ò)           	
[20/02/2026 16:03:17] Written data (COM4)	
    50 00 81 44 00 00 00 00 00 00 00 00 00 00 00 00   P.ÅD............	
    00 00 00 00 00 00 00 00 00 00 00 00 00 00 00 00   ................	
    00 00 00 00 15                                    .....           	
[20/02/2026 16:03:17] Read data (COM4)	
    50 00 81 44 08 00 00 00 01 14 1a 02 14 0f 39 00   P.ÅD..........9.	
    c5 94 98 00 00 00 00 00 00 00 00 00 00 00 00 00   ≈îò.............	
    00 00 00 00 9b                                    ....õ           	
[20/02/2026 16:03:17] Written data (COM4)	
    50 00 81 64 00 00 00 00 00 00 00 00 00 00 00 00   P.Åd............	
    00 00 00 00 00 00 00 00 00 00 00 00 00 00 00 00   ................	
    00 00 00 00 35                                    ....5           	
[20/02/2026 16:03:17] Read data (COM4)	
    50 00 81 64 00 00 80 00 00 00 00 00 00 00 00 00   P.Åd..Ä.........	
    00 00 00 00 00 00 00 00 00 00 00 00 00 00 00 00   ................	
    00 00 00 00 b5                                    ....µ           	
[20/02/2026 16:03:17] Written data (COM4)	
    50 00 81 84 00 00 00 00 00 00 00 00 00 00 00 00   P.ÅÑ............	
    00 00 00 00 00 00 00 00 00 00 00 00 00 00 00 00   ................	
    00 00 00 00 55                                    ....U           	
[20/02/2026 16:03:17] Read data (COM4)	
    50 00 81 84 00 00 00 00 00 00 00 00 00 00 00 00   P.ÅÑ............	
    00 00 00 00 00 00 09 00 00 00 00 09 00 00 00 00   ................	
    09 00 00 00 70                                    ....p           	
[20/02/2026 16:03:18] Written data (COM4)	
    50 00 81 95 00 00 00 00 00 00 00 00 00 00 00 00   P.Åï............	
    00 00 00 00 00 00 00 00 00 00 00 00 00 00 00 00   ................	
    00 00 00 00 66                                    ....f           	
[20/02/2026 16:03:18] Read data (COM4)	
    50 00 81 95 00 09 00 00 00 00 09 00 00 00 00 09   P.Åï............	
    00 00 00 00 09 00 00 00 04 99 02 97 02 99 02 98   .........ô.ó.ô.ò	
    02 98 02 98 29                                    .ò.ò)           	
[20/02/2026 16:03:18] Written data (COM4)	
    50 00 81 44 00 00 00 00 00 00 00 00 00 00 00 00   P.ÅD............	
    00 00 00 00 00 00 00 00 00 00 00 00 00 00 00 00   ................	
    00 00 00 00 15                                    .....           	
[20/02/2026 16:03:18] Read data (COM4)	
    50 00 81 44 08 00 00 00 01 14 1a 02 14 0f 39 01   P.ÅD..........9.	
    c5 94 98 00 00 00 00 00 00 00 00 00 00 00 00 00   ≈îò.............	
    00 00 00 00 9c                                    ....ú           	
[20/02/2026 16:03:18] Written data (COM4)	
    50 00 81 64 00 00 00 00 00 00 00 00 00 00 00 00   P.Åd............	
    00 00 00 00 00 00 00 00 00 00 00 00 00 00 00 00   ................	
    00 00 00 00 35                                    ....5           	
[20/02/2026 16:03:18] Read data (COM4)	
    50 00 81 64 00 00 80 00 00 00 00 00 00 00 00 00   P.Åd..Ä.........	
    00 00 00 00 00 00 00 00 00 00 00 00 00 00 00 00   ................	
    00 00 00 00 b5                                    ....µ           	
[20/02/2026 16:03:18] Written data (COM4)	
    50 00 81 84 00 00 00 00 00 00 00 00 00 00 00 00   P.ÅÑ............	
    00 00 00 00 00 00 00 00 00 00 00 00 00 00 00 00   ................	
    00 00 00 00 55                                    ....U           	
[20/02/2026 16:03:18] Read data (COM4)	
    50 00 81 84 00 00 00 00 00 00 00 00 00 00 00 00   P.ÅÑ............	
    00 00 00 00 00 00 09 00 00 00 00 09 00 00 00 00   ................	
    09 00 00 00 70                                    ....p           	
[20/02/2026 16:03:19] Written data (COM4)	
    50 00 81 95 00 00 00 00 00 00 00 00 00 00 00 00   P.Åï............	
    00 00 00 00 00 00 00 00 00 00 00 00 00 00 00 00   ................	
    00 00 00 00 66                                    ....f           	
[20/02/2026 16:03:19] Read data (COM4)	
    50 00 81 95 00 09 00 00 00 00 09 00 00 00 00 09   P.Åï............	
    00 00 00 00 09 00 00 00 04 99 02 97 02 99 02 98   .........ô.ó.ô.ò	
    02 98 02 98 29                                    .ò.ò)           	
[20/02/2026 16:03:19] Written data (COM4)	
    50 00 81 44 00 00 00 00 00 00 00 00 00 00 00 00   P.ÅD............	
    00 00 00 00 00 00 00 00 00 00 00 00 00 00 00 00   ................	
    00 00 00 00 15                                    .....           	
[20/02/2026 16:03:19] Read data (COM4)	
    50 00 81 44 08 00 00 00 01 14 1a 02 14 0f 39 02   P.ÅD..........9.	
    c5 94 98 00 00 00 00 00 00 00 00 00 00 00 00 00   ≈îò.............	
    00 00 00 00 9d                                    ....ù           	
[20/02/2026 16:03:19] Written data (COM4)	
    50 00 81 64 00 00 00 00 00 00 00 00 00 00 00 00   P.Åd............	
    00 00 00 00 00 00 00 00 00 00 00 00 00 00 00 00   ................	
    00 00 00 00 35                                    ....5           	
[20/02/2026 16:03:19] Read data (COM4)	
    50 00 81 64 00 00 80 00 00 00 00 00 00 00 00 00   P.Åd..Ä.........	
    00 00 00 00 00 00 00 00 00 00 00 00 00 00 00 00   ................	
    00 00 00 00 b5                                    ....µ           	
[20/02/2026 16:03:19] Written data (COM4)	
    50 00 81 84 00 00 00 00 00 00 00 00 00 00 00 00   P.ÅÑ............	
    00 00 00 00 00 00 00 00 00 00 00 00 00 00 00 00   ................	
    00 00 00 00 55                                    ....U           	
[20/02/2026 16:03:19] Read data (COM4)	
    50 00 81 84 00 00 00 00 00 00 00 00 00 00 00 00   P.ÅÑ............	
    00 00 00 00 00 00 09 00 00 00 00 09 00 00 00 00   ................	
    09 00 00 00 70                                    ....p           	
[20/02/2026 16:03:19] Written data (COM4)	
    50 00 81 95 00 00 00 00 00 00 00 00 00 00 00 00   P.Åï............	
    00 00 00 00 00 00 00 00 00 00 00 00 00 00 00 00   ................	
    00 00 00 00 66                                    ....f           	
[20/02/2026 16:03:19] Read data (COM4)	
    50 00 81 95 00 09 00 00 00 00 09 00 00 00 00 09   P.Åï............	
    00 00 00 00 09 00 00 00 04 99 02 97 02 99 02 98   .........ô.ó.ô.ò	
    02 98 02 98 29                                    .ò.ò)           	
[20/02/2026 16:03:20] Written data (COM4)	
    50 00 81 44 00 00 00 00 00 00 00 00 00 00 00 00   P.ÅD............	
    00 00 00 00 00 00 00 00 00 00 00 00 00 00 00 00   ................	
    00 00 00 00 15                                    .....           	
[20/02/2026 16:03:20] Read data (COM4)	
    50 00 81 44 08 00 00 00 01 14 1a 02 14 0f 39 03   P.ÅD..........9.	
    c5 94 98 00 00 00 00 00 00 00 00 00 00 00 00 00   ≈îò.............	
    00 00 00 00 9e                                    ....û           	
[20/02/2026 16:03:20] Written data (COM4)	
    50 00 81 64 00 00 00 00 00 00 00 00 00 00 00 00   P.Åd............	
    00 00 00 00 00 00 00 00 00 00 00 00 00 00 00 00   ................	
    00 00 00 00 35                                    ....5           	
[20/02/2026 16:03:20] Read data (COM4)	
    50 00 81 64 00 00 80 00 00 00 00 00 00 00 00 00   P.Åd..Ä.........	
    00 00 00 00 00 00 00 00 00 00 00 00 00 00 00 00   ................	
    00 00 00 00 b5                                    ....µ           	
[20/02/2026 16:03:20] Written data (COM4)	
    50 00 81 84 00 00 00 00 00 00 00 00 00 00 00 00   P.ÅÑ............	
    00 00 00 00 00 00 00 00 00 00 00 00 00 00 00 00   ................	
    00 00 00 00 55                                    ....U           	
[20/02/2026 16:03:20] Read data (COM4)	
    50 00 81 84 00 00 00 00 00 00 00 00 00 00 00 00   P.ÅÑ............	
    00 00 00 00 00 00 09 00 00 00 00 09 00 00 00 00   ................	
    09 00 00 00 70                                    ....p           	
[20/02/2026 16:03:20] Written data (COM4)	
    50 00 81 95 00 00 00 00 00 00 00 00 00 00 00 00   P.Åï............	
    00 00 00 00 00 00 00 00 00 00 00 00 00 00 00 00   ................	
    00 00 00 00 66                                    ....f           	
[20/02/2026 16:03:20] Read data (COM4)	
    50 00 81 95 00 09 00 00 00 00 09 00 00 00 00 09   P.Åï............	
    00 00 00 00 09 00 00 00 04 99 02 97 02 99 02 98   .........ô.ó.ô.ò	
    02 98 02 98 29                                    .ò.ò)           	
[20/02/2026 16:03:20] Written data (COM4)	
    50 00 81 44 00 00 00 00 00 00 00 00 00 00 00 00   P.ÅD............	
    00 00 00 00 00 00 00 00 00 00 00 00 00 00 00 00   ................	
    00 00 00 00 15                                    .....           	
[20/02/2026 16:03:20] Read data (COM4)	
    50 00 81 44 08 00 00 00 01 14 1a 02 14 0f 39 03   P.ÅD..........9.	
    c5 94 98 00 00 00 00 00 00 00 00 00 00 00 00 00   ≈îò.............	
    00 00 00 00 9e                                    ....û           	
[20/02/2026 16:03:21] Written data (COM4)	
    50 00 81 64 00 00 00 00 00 00 00 00 00 00 00 00   P.Åd............	
    00 00 00 00 00 00 00 00 00 00 00 00 00 00 00 00   ................	
    00 00 00 00 35                                    ....5           	
[20/02/2026 16:03:21] Read data (COM4)	
    50 00 81 64 00 00 80 00 00 00 00 00 00 00 00 00   P.Åd..Ä.........	
    00 00 00 00 00 00 00 00 00 00 00 00 00 00 00 00   ................	
    00 00 00 00 b5                                    ....µ           	
[20/02/2026 16:03:21] Written data (COM4)	
    50 00 81 84 00 00 00 00 00 00 00 00 00 00 00 00   P.ÅÑ............	
    00 00 00 00 00 00 00 00 00 00 00 00 00 00 00 00   ................	
    00 00 00 00 55                                    ....U           	
[20/02/2026 16:03:21] Read data (COM4)	
    50 00 81 84 00 00 00 00 00 00 00 00 00 00 00 00   P.ÅÑ............	
    00 00 00 00 00 00 09 00 00 00 00 09 00 00 00 00   ................	
    09 00 00 00 70                                    ....p           	
[20/02/2026 16:03:21] Written data (COM4)	
    50 00 81 95 00 00 00 00 00 00 00 00 00 00 00 00   P.Åï............	
    00 00 00 00 00 00 00 00 00 00 00 00 00 00 00 00   ................	
    00 00 00 00 66                                    ....f           	
[20/02/2026 16:03:21] Read data (COM4)	
    50 00 81 95 00 09 00 00 00 00 09 00 00 00 00 09   P.Åï............	
    00 00 00 00 09 00 00 00 04 99 02 97 02 99 02 98   .........ô.ó.ô.ò	
    02 98 02 98 29                                    .ò.ò)           	
[20/02/2026 16:03:21] Written data (COM4)	
    50 00 81 44 00 00 00 00 00 00 00 00 00 00 00 00   P.ÅD............	
    00 00 00 00 00 00 00 00 00 00 00 00 00 00 00 00   ................	
    00 00 00 00 15                                    .....           	
[20/02/2026 16:03:21] Read data (COM4)	
    50 00 81 44 08 00 00 00 01 14 1a 02 14 0f 39 04   P.ÅD..........9.	
    c5 94 98 00 00 00 00 00 00 00 00 00 00 00 00 00   ≈îò.............	
    00 00 00 00 9f                                    ....ü           	
[20/02/2026 16:03:21] Written data (COM4)	
    50 00 81 64 00 00 00 00 00 00 00 00 00 00 00 00   P.Åd............	
    00 00 00 00 00 00 00 00 00 00 00 00 00 00 00 00   ................	
    00 00 00 00 35                                    ....5           	
[20/02/2026 16:03:21] Read data (COM4)	
    50 00 81 64 00 00 80 00 00 00 00 00 00 00 00 00   P.Åd..Ä.........	
    00 00 00 00 00 00 00 00 00 00 00 00 00 00 00 00   ................	
    00 00 00 00 b5                                    ....µ           	
[20/02/2026 16:03:22] Written data (COM4)	
    50 00 81 84 00 00 00 00 00 00 00 00 00 00 00 00   P.ÅÑ............	
    00 00 00 00 00 00 00 00 00 00 00 00 00 00 00 00   ................	
    00 00 00 00 55                                    ....U           	
[20/02/2026 16:03:22] Read data (COM4)	
    50 00 81 84 00 00 00 00 00 00 00 00 00 00 00 00   P.ÅÑ............	
    00 00 00 00 00 00 09 00 00 00 00 09 00 00 00 00   ................	
    09 00 00 00 70                                    ....p           	
[20/02/2026 16:03:22] Written data (COM4)	
    50 00 81 95 00 00 00 00 00 00 00 00 00 00 00 00   P.Åï............	
    00 00 00 00 00 00 00 00 00 00 00 00 00 00 00 00   ................	
    00 00 00 00 66                                    ....f           	
[20/02/2026 16:03:22] Read data (COM4)	
    50 00 81 95 00 09 00 00 00 00 09 00 00 00 00 09   P.Åï............	
    00 00 00 00 09 00 00 00 04 99 02 97 02 99 02 98   .........ô.ó.ô.ò	
    02 98 02 98 29                                    .ò.ò)           	
[20/02/2026 16:03:22] Written data (COM4)	
    50 00 81 44 00 00 00 00 00 00 00 00 00 00 00 00   P.ÅD............	
    00 00 00 00 00 00 00 00 00 00 00 00 00 00 00 00   ................	
    00 00 00 00 15                                    .....           	
[20/02/2026 16:03:22] Read data (COM4)	
    50 00 81 44 08 00 00 00 01 14 1a 02 14 0f 39 05   P.ÅD..........9.	
    c4 94 98 00 00 00 00 00 00 00 00 00 00 00 00 00   ƒîò.............	
    00 00 00 00 9f                                    ....ü           	
[20/02/2026 16:03:22] Written data (COM4)	
    50 00 81 64 00 00 00 00 00 00 00 00 00 00 00 00   P.Åd............	
    00 00 00 00 00 00 00 00 00 00 00 00 00 00 00 00   ................	
    00 00 00 00 35                                    ....5           	
[20/02/2026 16:03:22] Read data (COM4)	
    50 00 81 64 00 00 80 00 00 00 00 00 00 00 00 00   P.Åd..Ä.........	
    00 00 00 00 00 00 00 00 00 00 00 00 00 00 00 00   ................	
    00 00 00 00 b5                                    ....µ           	
[20/02/2026 16:03:22] Written data (COM4)	
    50 00 81 84 00 00 00 00 00 00 00 00 00 00 00 00   P.ÅÑ............	
    00 00 00 00 00 00 00 00 00 00 00 00 00 00 00 00   ................	
    00 00 00 00 55                                    ....U           	
[20/02/2026 16:03:22] Read data (COM4)	
    50 00 81 84 00 00 00 00 00 00 00 00 00 00 00 00   P.ÅÑ............	
    00 00 00 00 00 00 09 00 00 00 00 09 00 00 00 00   ................	
    09 00 00 00 70                                    ....p           	
[20/02/2026 16:03:23] Written data (COM4)	
    50 00 81 95 00 00 00 00 00 00 00 00 00 00 00 00   P.Åï............	
    00 00 00 00 00 00 00 00 00 00 00 00 00 00 00 00   ................	
    00 00 00 00 66                                    ....f           	
[20/02/2026 16:03:23] Read data (COM4)	
    50 00 81 95 00 09 00 00 00 00 09 00 00 00 00 09   P.Åï............	
    00 00 00 00 09 00 00 00 04 99 02 97 02 99 02 98   .........ô.ó.ô.ò	
    02 98 02 98 29                                    .ò.ò)           	
[20/02/2026 16:03:23] Written data (COM4)	
    50 00 81 44 00 00 00 00 00 00 00 00 00 00 00 00   P.ÅD............	
    00 00 00 00 00 00 00 00 00 00 00 00 00 00 00 00   ................	
    00 00 00 00 15                                    .....           	
[20/02/2026 16:03:23] Read data (COM4)	
    50 00 81 44 08 00 00 00 01 14 1a 02 14 0f 39 06   P.ÅD..........9.	
    c5 94 98 00 00 00 00 00 00 00 00 00 00 00 00 00   ≈îò.............	
    00 00 00 00 a1                                    ....°           	
[20/02/2026 16:03:23] Written data (COM4)	
    50 00 81 64 00 00 00 00 00 00 00 00 00 00 00 00   P.Åd............	
    00 00 00 00 00 00 00 00 00 00 00 00 00 00 00 00   ................	
    00 00 00 00 35                                    ....5           	
[20/02/2026 16:03:23] Read data (COM4)	
    50 00 81 64 00 00 80 00 00 00 00 00 00 00 00 00   P.Åd..Ä.........	
    00 00 00 00 00 00 00 00 00 00 00 00 00 00 00 00   ................	
    00 00 00 00 b5                                    ....µ           	
[20/02/2026 16:03:23] Written data (COM4)	
    50 00 81 84 00 00 00 00 00 00 00 00 00 00 00 00   P.ÅÑ............	
    00 00 00 00 00 00 00 00 00 00 00 00 00 00 00 00   ................	
    00 00 00 00 55                                    ....U           	
[20/02/2026 16:03:23] Read data (COM4)	
    50 00 81 84 00 00 00 00 00 00 00 00 00 00 00 00   P.ÅÑ............	
    00 00 00 00 00 00 09 00 00 00 00 09 00 00 00 00   ................	
    09 00 00 00 70                                    ....p           	
[20/02/2026 16:03:23] Written data (COM4)	
    50 00 81 95 00 00 00 00 00 00 00 00 00 00 00 00   P.Åï............	
    00 00 00 00 00 00 00 00 00 00 00 00 00 00 00 00   ................	
    00 00 00 00 66                                    ....f           	
[20/02/2026 16:03:24] Read data (COM4)	
    50 00 81 95 00 09 00 00 00 00 09 00 00 00 00 09   P.Åï............	
    00 00 00 00 09 00 00 00 04 99 02 97 02 99 02 98   .........ô.ó.ô.ò	
    02 98 02 98 29                                    .ò.ò)           	
[20/02/2026 16:03:24] Written data (COM4)	
    50 00 81 44 00 00 00 00 00 00 00 00 00 00 00 00   P.ÅD............	
    00 00 00 00 00 00 00 00 00 00 00 00 00 00 00 00   ................	
    00 00 00 00 15                                    .....           	
[20/02/2026 16:03:24] Read data (COM4)	
    50 00 81 44 08 00 00 00 01 14 1a 02 14 0f 39 07   P.ÅD..........9.	
    c5 94 99 00 00 00 00 00 00 00 00 00 00 00 00 00   ≈îô.............	
    00 00 00 00 a3                                    ....£           	
[20/02/2026 16:03:24] Written data (COM4)	
    50 00 81 64 00 00 00 00 00 00 00 00 00 00 00 00   P.Åd............	
    00 00 00 00 00 00 00 00 00 00 00 00 00 00 00 00   ................	
    00 00 00 00 35                                    ....5           	
[20/02/2026 16:03:24] Read data (COM4)	
    50 00 81 64 00 00 80 00 00 00 00 00 00 00 00 00   P.Åd..Ä.........	
    00 00 00 00 00 00 00 00 00 00 00 00 00 00 00 00   ................	
    00 00 00 00 b5                                    ....µ           	
[20/02/2026 16:03:24] Written data (COM4)	
    50 00 81 84 00 00 00 00 00 00 00 00 00 00 00 00   P.ÅÑ............	
    00 00 00 00 00 00 00 00 00 00 00 00 00 00 00 00   ................	
    00 00 00 00 55                                    ....U           	
[20/02/2026 16:03:24] Read data (COM4)	
    50 00 81 84 00 00 00 00 00 00 00 00 00 00 00 00   P.ÅÑ............	
    00 00 00 00 00 00 09 00 00 00 00 09 00 00 00 00   ................	
    09 00 00 00 70                                    ....p           	
[20/02/2026 16:03:24] Written data (COM4)	
    50 00 81 95 00 00 00 00 00 00 00 00 00 00 00 00   P.Åï............	
    00 00 00 00 00 00 00 00 00 00 00 00 00 00 00 00   ................	
    00 00 00 00 66                                    ....f           	
[20/02/2026 16:03:24] Read data (COM4)	
    50 00 81 95 00 09 00 00 00 00 09 00 00 00 00 09   P.Åï............	
    00 00 00 00 09 00 00 00 04 99 02 97 02 99 02 98   .........ô.ó.ô.ò	
    02 98 02 98 29                                    .ò.ò)           	
[20/02/2026 16:03:24] Written data (COM4)	
    50 00 81 44 00 00 00 00 00 00 00 00 00 00 00 00   P.ÅD............	
    00 00 00 00 00 00 00 00 00 00 00 00 00 00 00 00   ................	
    00 00 00 00 15                                    .....           	
[20/02/2026 16:03:25] Read data (COM4)	
    50 00 81 44 08 00 00 00 01 14 1a 02 14 0f 39 07   P.ÅD..........9.	
    c5 94 99 00 00 00 00 00 00 00 00 00 00 00 00 00   ≈îô.............	
    00 00 00 00 a3                                    ....£           	
[20/02/2026 16:03:25] Written data (COM4)	
    50 00 81 64 00 00 00 00 00 00 00 00 00 00 00 00   P.Åd............	
    00 00 00 00 00 00 00 00 00 00 00 00 00 00 00 00   ................	
    00 00 00 00 35                                    ....5           	
[20/02/2026 16:03:25] Read data (COM4)	
    50 00 81 64 00 00 80 00 00 00 00 00 00 00 00 00   P.Åd..Ä.........	
    00 00 00 00 00 00 00 00 00 00 00 00 00 00 00 00   ................	
    00 00 00 00 b5                                    ....µ           	
[20/02/2026 16:03:25] Written data (COM4)	
    50 00 81 84 00 00 00 00 00 00 00 00 00 00 00 00   P.ÅÑ............	
    00 00 00 00 00 00 00 00 00 00 00 00 00 00 00 00   ................	
    00 00 00 00 55                                    ....U           	
[20/02/2026 16:03:25] Read data (COM4)	
    50 00 81 84 00 00 00 00 00 00 00 00 00 00 00 00   P.ÅÑ............	
    00 00 00 00 00 00 09 00 00 00 00 09 00 00 00 00   ................	
    09 00 00 00 70                                    ....p           	
[20/02/2026 16:03:25] Written data (COM4)	
    50 00 81 95 00 00 00 00 00 00 00 00 00 00 00 00   P.Åï............	
    00 00 00 00 00 00 00 00 00 00 00 00 00 00 00 00   ................	
    00 00 00 00 66                                    ....f           	
[20/02/2026 16:03:25] Read data (COM4)	
    50 00 81 95 00 09 00 00 00 00 09 00 00 00 00 09   P.Åï............	
    00 00 00 00 09 00 00 00 04 99 02 97 02 99 02 98   .........ô.ó.ô.ò	
    02 98 02 98 29                                    .ò.ò)           	
[20/02/2026 16:03:25] Written data (COM4)	
    50 00 81 44 00 00 00 00 00 00 00 00 00 00 00 00   P.ÅD............	
    00 00 00 00 00 00 00 00 00 00 00 00 00 00 00 00   ................	
    00 00 00 00 15                                    .....           	
[20/02/2026 16:03:25] Read data (COM4)	
    50 00 81 44 08 00 00 00 01 14 1a 02 14 0f 39 08   P.ÅD..........9.	
    c5 94 98 00 00 00 00 00 00 00 00 00 00 00 00 00   ≈îò.............	
    00 00 00 00 a3                                    ....£           	
[20/02/2026 16:03:25] Written data (COM4)	
    50 00 81 64 00 00 00 00 00 00 00 00 00 00 00 00   P.Åd............	
    00 00 00 00 00 00 00 00 00 00 00 00 00 00 00 00   ................	
    00 00 00 00 35                                    ....5           	
[20/02/2026 16:03:26] Read data (COM4)	
    50 00 81 64 00 00 80 00 00 00 00 00 00 00 00 00   P.Åd..Ä.........	
    00 00 00 00 00 00 00 00 00 00 00 00 00 00 00 00   ................	
    00 00 00 00 b5                                    ....µ           	
[20/02/2026 16:03:26] Written data (COM4)	
    50 00 81 84 00 00 00 00 00 00 00 00 00 00 00 00   P.ÅÑ............	
    00 00 00 00 00 00 00 00 00 00 00 00 00 00 00 00   ................	
    00 00 00 00 55                                    ....U           	
[20/02/2026 16:03:26] Read data (COM4)	
    50 00 81 84 00 00 00 00 00 00 00 00 00 00 00 00   P.ÅÑ............	
    00 00 00 00 00 00 09 00 00 00 00 09 00 00 00 00   ................	
    09 00 00 00 70                                    ....p           	
[20/02/2026 16:03:26] Written data (COM4)	
    50 00 81 95 00 00 00 00 00 00 00 00 00 00 00 00   P.Åï............	
    00 00 00 00 00 00 00 00 00 00 00 00 00 00 00 00   ................	
    00 00 00 00 66                                    ....f           	
[20/02/2026 16:03:26] Read data (COM4)	
    50 00 81 95 00 09 00 00 00 00 09 00 00 00 00 09   P.Åï............	
    00 00 00 00 09 00 00 00 04 99 02 97 02 99 02 98   .........ô.ó.ô.ò	
    02 98 02 98 29                                    .ò.ò)           	
[20/02/2026 16:03:26] Written data (COM4)	
    50 00 81 44 00 00 00 00 00 00 00 00 00 00 00 00   P.ÅD............	
    00 00 00 00 00 00 00 00 00 00 00 00 00 00 00 00   ................	
    00 00 00 00 15                                    .....           	
[20/02/2026 16:03:26] Read data (COM4)	
    50 00 81 44 08 00 00 00 01 14 1a 02 14 0f 39 09   P.ÅD..........9.	
    c5 94 98 00 00 00 00 00 00 00 00 00 00 00 00 00   ≈îò.............	
    00 00 00 00 a4                                    ....§           	
[20/02/2026 16:03:26] Written data (COM4)	
    50 00 81 64 00 00 00 00 00 00 00 00 00 00 00 00   P.Åd............	
    00 00 00 00 00 00 00 00 00 00 00 00 00 00 00 00   ................	
    00 00 00 00 35                                    ....5           	
[20/02/2026 16:03:26] Read data (COM4)	
    50 00 81 64 00 00 80 00 00 00 00 00 00 00 00 00   P.Åd..Ä.........	
    00 00 00 00 00 00 00 00 00 00 00 00 00 00 00 00   ................	
    00 00 00 00 b5                                    ....µ           	
[20/02/2026 16:03:27] Written data (COM4)	
    50 00 81 84 00 00 00 00 00 00 00 00 00 00 00 00   P.ÅÑ............	
    00 00 00 00 00 00 00 00 00 00 00 00 00 00 00 00   ................	
    00 00 00 00 55                                    ....U           	
[20/02/2026 16:03:27] Read data (COM4)	
    50 00 81 84 00 00 00 00 00 00 00 00 00 00 00 00   P.ÅÑ............	
    00 00 00 00 00 00 09 00 00 00 00 09 00 00 00 00   ................	
    09 00 00 00 70                                    ....p           	
[20/02/2026 16:03:27] Written data (COM4)	
    50 00 81 95 00 00 00 00 00 00 00 00 00 00 00 00   P.Åï............	
    00 00 00 00 00 00 00 00 00 00 00 00 00 00 00 00   ................	
    00 00 00 00 66                                    ....f           	
[20/02/2026 16:03:27] Read data (COM4)	
    50 00 81 95 00 09 00 00 00 00 09 00 00 00 00 09   P.Åï............	
    00 00 00 00 09 00 00 00 04 99 02 97 02 99 02 98   .........ô.ó.ô.ò	
    02 98 02 98 29                                    .ò.ò)           	
[20/02/2026 16:03:27] Written data (COM4)	
    50 00 81 44 00 00 00 00 00 00 00 00 00 00 00 00   P.ÅD............	
    00 00 00 00 00 00 00 00 00 00 00 00 00 00 00 00   ................	
    00 00 00 00 15                                    .....           	
[20/02/2026 16:03:27] Read data (COM4)	
    50 00 81 44 08 00 00 00 01 14 1a 02 14 0f 39 0a   P.ÅD..........9.	
    c4 94 99 00 00 00 00 00 00 00 00 00 00 00 00 00   ƒîô.............	
    00 00 00 00 a5                                    ....•           	
[20/02/2026 16:03:27] Written data (COM4)	
    50 00 81 64 00 00 00 00 00 00 00 00 00 00 00 00   P.Åd............	
    00 00 00 00 00 00 00 00 00 00 00 00 00 00 00 00   ................	
    00 00 00 00 35                                    ....5           	
[20/02/2026 16:03:27] Read data (COM4)	
    50 00 81 64 00 00 80 00 00 00 00 00 00 00 00 00   P.Åd..Ä.........	
    00 00 00 00 00 00 00 00 00 00 00 00 00 00 00 00   ................	
    00 00 00 00 b5                                    ....µ           	
[20/02/2026 16:03:27] Written data (COM4)	
    50 00 81 84 00 00 00 00 00 00 00 00 00 00 00 00   P.ÅÑ............	
    00 00 00 00 00 00 00 00 00 00 00 00 00 00 00 00   ................	
    00 00 00 00 55                                    ....U           	
[20/02/2026 16:03:27] Read data (COM4)	
    50 00 81 84 00 00 00 00 00 00 00 00 00 00 00 00   P.ÅÑ............	
    00 00 00 00 00 00 09 00 00 00 00 09 00 00 00 00   ................	
    09 00 00 00 70                                    ....p           	
[20/02/2026 16:03:28] Written data (COM4)	
    50 00 81 95 00 00 00 00 00 00 00 00 00 00 00 00   P.Åï............	
    00 00 00 00 00 00 00 00 00 00 00 00 00 00 00 00   ................	
    00 00 00 00 66                                    ....f           	
[20/02/2026 16:03:28] Read data (COM4)	
    50 00 81 95 00 09 00 00 00 00 09 00 00 00 00 09   P.Åï............	
    00 00 00 00 09 00 00 00 04 99 02 97 02 99 02 98   .........ô.ó.ô.ò	
    02 98 02 98 29                                    .ò.ò)           	
[20/02/2026 16:03:28] Written data (COM4)	
    50 00 81 44 00 00 00 00 00 00 00 00 00 00 00 00   P.ÅD............	
    00 00 00 00 00 00 00 00 00 00 00 00 00 00 00 00   ................	
    00 00 00 00 15                                    .....           	
[20/02/2026 16:03:28] Read data (COM4)	
    50 00 81 44 08 00 00 00 01 14 1a 02 14 0f 39 0b   P.ÅD..........9.	
    c5 94 98 00 00 00 00 00 00 00 00 00 00 00 00 00   ≈îò.............	
    00 00 00 00 a6                                    ....¶           	
[20/02/2026 16:03:28] Written data (COM4)	
    50 00 81 64 00 00 00 00 00 00 00 00 00 00 00 00   P.Åd............	
    00 00 00 00 00 00 00 00 00 00 00 00 00 00 00 00   ................	
    00 00 00 00 35                                    ....5           	
[20/02/2026 16:03:28] Read data (COM4)	
    50 00 81 64 00 00 80 00 00 00 00 00 00 00 00 00   P.Åd..Ä.........	
    00 00 00 00 00 00 00 00 00 00 00 00 00 00 00 00   ................	
    00 00 00 00 b5                                    ....µ           	
[20/02/2026 16:03:28] Written data (COM4)	
    50 00 81 84 00 00 00 00 00 00 00 00 00 00 00 00   P.ÅÑ............	
    00 00 00 00 00 00 00 00 00 00 00 00 00 00 00 00   ................	
    00 00 00 00 55                                    ....U           	
[20/02/2026 16:03:28] Read data (COM4)	
    50 00 81 84 00 00 00 00 00 00 00 00 00 00 00 00   P.ÅÑ............	
    00 00 00 00 00 00 09 00 00 00 00 09 00 00 00 00   ................	
    09 00 00 00 70                                    ....p           	
[20/02/2026 16:03:28] Written data (COM4)	
    50 00 81 95 00 00 00 00 00 00 00 00 00 00 00 00   P.Åï............	
    00 00 00 00 00 00 00 00 00 00 00 00 00 00 00 00   ................	
    00 00 00 00 66                                    ....f           	
[20/02/2026 16:03:28] Read data (COM4)	
    50 00 81 95 00 09 00 00 00 00 09 00 00 00 00 09   P.Åï............	
    00 00 00 00 09 00 00 00 04 99 02 97 02 99 02 98   .........ô.ó.ô.ò	
    02 98 02 98 29                                    .ò.ò)           	
[20/02/2026 16:03:29] Written data (COM4)	
    50 00 81 44 00 00 00 00 00 00 00 00 00 00 00 00   P.ÅD............	
    00 00 00 00 00 00 00 00 00 00 00 00 00 00 00 00   ................	
    00 00 00 00 15                                    .....           	
[20/02/2026 16:03:29] Read data (COM4)	
    50 00 81 44 08 00 00 00 01 14 1a 02 14 0f 39 0c   P.ÅD..........9.	
    c5 94 99 00 00 00 00 00 00 00 00 00 00 00 00 00   ≈îô.............	
    00 00 00 00 a8                                    ....®           	
[20/02/2026 16:03:29] Written data (COM4)	
    50 00 81 64 00 00 00 00 00 00 00 00 00 00 00 00   P.Åd............	
    00 00 00 00 00 00 00 00 00 00 00 00 00 00 00 00   ................	
    00 00 00 00 35                                    ....5           	
[20/02/2026 16:03:29] Read data (COM4)	
    50 00 81 64 00 00 80 00 00 00 00 00 00 00 00 00   P.Åd..Ä.........	
    00 00 00 00 00 00 00 00 00 00 00 00 00 00 00 00   ................	
    00 00 00 00 b5                                    ....µ           	
[20/02/2026 16:03:29] Written data (COM4)	
    50 00 81 84 00 00 00 00 00 00 00 00 00 00 00 00   P.ÅÑ............	
    00 00 00 00 00 00 00 00 00 00 00 00 00 00 00 00   ................	
    00 00 00 00 55                                    ....U           	
[20/02/2026 16:03:29] Read data (COM4)	
    50 00 81 84 00 00 00 00 00 00 00 00 00 00 00 00   P.ÅÑ............	
    00 00 00 00 00 00 09 00 00 00 00 09 00 00 00 00   ................	
    09 00 00 00 70                                    ....p           	
[20/02/2026 16:03:29] Written data (COM4)	
    50 00 81 95 00 00 00 00 00 00 00 00 00 00 00 00   P.Åï............	
    00 00 00 00 00 00 00 00 00 00 00 00 00 00 00 00   ................	
    00 00 00 00 66                                    ....f           	
[20/02/2026 16:03:29] Read data (COM4)	
    50 00 81 95 00 09 00 00 00 00 09 00 00 00 00 09   P.Åï............	
    00 00 00 00 09 00 00 00 04 99 02 97 02 99 02 98   .........ô.ó.ô.ò	
    02 98 02 98 29                                    .ò.ò)           	
[20/02/2026 16:03:29] Written data (COM4)	
    50 00 81 44 00 00 00 00 00 00 00 00 00 00 00 00   P.ÅD............	
    00 00 00 00 00 00 00 00 00 00 00 00 00 00 00 00   ................	
    00 00 00 00 15                                    .....           	
[20/02/2026 16:03:29] Read data (COM4)	
    50 00 81 44 08 00 00 00 01 14 1a 02 14 0f 39 0c   P.ÅD..........9.	
    c5 94 98 00 00 00 00 00 00 00 00 00 00 00 00 00   ≈îò.............	
    00 00 00 00 a7                                    ....ß           	
[20/02/2026 16:03:30] Written data (COM4)	
    50 00 81 64 00 00 00 00 00 00 00 00 00 00 00 00   P.Åd............	
    00 00 00 00 00 00 00 00 00 00 00 00 00 00 00 00   ................	
    00 00 00 00 35                                    ....5           	
[20/02/2026 16:03:30] Read data (COM4)	
    50 00 81 64 00 00 80 00 00 00 00 00 00 00 00 00   P.Åd..Ä.........	
    00 00 00 00 00 00 00 00 00 00 00 00 00 00 00 00   ................	
    00 00 00 00 b5                                    ....µ           	
[20/02/2026 16:03:30] Written data (COM4)	
    50 00 81 84 00 00 00 00 00 00 00 00 00 00 00 00   P.ÅÑ............	
    00 00 00 00 00 00 00 00 00 00 00 00 00 00 00 00   ................	
    00 00 00 00 55                                    ....U           	
[20/02/2026 16:03:30] Read data (COM4)	
    50 00 81 84 00 00 00 00 00 00 00 00 00 00 00 00   P.ÅÑ............	
    00 00 00 00 00 00 09 00 00 00 00 09 00 00 00 00   ................	
    09 00 00 00 70                                    ....p           	
[20/02/2026 16:03:30] Written data (COM4)	
    50 00 81 95 00 00 00 00 00 00 00 00 00 00 00 00   P.Åï............	
    00 00 00 00 00 00 00 00 00 00 00 00 00 00 00 00   ................	
    00 00 00 00 66                                    ....f           	
[20/02/2026 16:03:30] Read data (COM4)	
    50 00 81 95 00 09 00 00 00 00 09 00 00 00 00 09   P.Åï............	
    00 00 00 00 09 00 00 00 04 99 02 97 02 99 02 98   .........ô.ó.ô.ò	
    02 98 02 98 29                                    .ò.ò)           	
[20/02/2026 16:03:30] Written data (COM4)	
    50 00 81 44 00 00 00 00 00 00 00 00 00 00 00 00   P.ÅD............	
    00 00 00 00 00 00 00 00 00 00 00 00 00 00 00 00   ................	
    00 00 00 00 15                                    .....           	
[20/02/2026 16:03:30] Read data (COM4)	
    50 00 81 44 08 00 00 00 01 14 1a 02 14 0f 39 0d   P.ÅD..........9.	
    c4 94 98 00 00 00 00 00 00 00 00 00 00 00 00 00   ƒîò.............	
    00 00 00 00 a7                                    ....ß           	
[20/02/2026 16:03:30] Written data (COM4)	
    50 00 81 64 00 00 00 00 00 00 00 00 00 00 00 00   P.Åd............	
    00 00 00 00 00 00 00 00 00 00 00 00 00 00 00 00   ................	
    00 00 00 00 35                                    ....5           	
[20/02/2026 16:03:30] Read data (COM4)	
    50 00 81 64 00 00 80 00 00 00 00 00 00 00 00 00   P.Åd..Ä.........	
    00 00 00 00 00 00 00 00 00 00 00 00 00 00 00 00   ................	
    00 00 00 00 b5                                    ....µ           	
[20/02/2026 16:03:31] Written data (COM4)	
    50 00 81 84 00 00 00 00 00 00 00 00 00 00 00 00   P.ÅÑ............	
    00 00 00 00 00 00 00 00 00 00 00 00 00 00 00 00   ................	
    00 00 00 00 55                                    ....U           	
[20/02/2026 16:03:31] Read data (COM4)	
    50 00 81 84 00 00 00 00 00 00 00 00 00 00 00 00   P.ÅÑ............	
    00 00 00 00 00 00 09 00 00 00 00 09 00 00 00 00   ................	
    09 00 00 00 70                                    ....p           	
[20/02/2026 16:03:31] Written data (COM4)	
    50 00 81 95 00 00 00 00 00 00 00 00 00 00 00 00   P.Åï............	
    00 00 00 00 00 00 00 00 00 00 00 00 00 00 00 00   ................	
    00 00 00 00 66                                    ....f           	
[20/02/2026 16:03:31] Read data (COM4)	
    50 00 81 95 00 09 00 00 00 00 09 00 00 00 00 09   P.Åï............	
    00 00 00 00 09 00 00 00 04 99 02 97 02 99 02 98   .........ô.ó.ô.ò	
    02 98 02 98 29                                    .ò.ò)           	
[20/02/2026 16:03:31] Written data (COM4)	
    50 00 81 44 00 00 00 00 00 00 00 00 00 00 00 00   P.ÅD............	
    00 00 00 00 00 00 00 00 00 00 00 00 00 00 00 00   ................	
    00 00 00 00 15                                    .....           	
[20/02/2026 16:03:31] Read data (COM4)	
    50 00 81 44 08 00 00 00 01 14 1a 02 14 0f 39 0e   P.ÅD..........9.	
    c5 94 98 00 00 00 00 00 00 00 00 00 00 00 00 00   ≈îò.............	
    00 00 00 00 a9                                    ....©           	
[20/02/2026 16:03:31] Written data (COM4)	
    50 00 81 64 00 00 00 00 00 00 00 00 00 00 00 00   P.Åd............	
    00 00 00 00 00 00 00 00 00 00 00 00 00 00 00 00   ................	
    00 00 00 00 35                                    ....5           	
[20/02/2026 16:03:31] Read data (COM4)	
    50 00 81 64 00 00 80 00 00 00 00 00 00 00 00 00   P.Åd..Ä.........	
    00 00 00 00 00 00 00 00 00 00 00 00 00 00 00 00   ................	
    00 00 00 00 b5                                    ....µ           	
[20/02/2026 16:03:31] Written data (COM4)	
    50 00 81 84 00 00 00 00 00 00 00 00 00 00 00 00   P.ÅÑ............	
    00 00 00 00 00 00 00 00 00 00 00 00 00 00 00 00   ................	
    00 00 00 00 55                                    ....U           	
[20/02/2026 16:03:31] Read data (COM4)	
    50 00 81 84 00 00 00 00 00 00 00 00 00 00 00 00   P.ÅÑ............	
    00 00 00 00 00 00 09 00 00 00 00 09 00 00 00 00   ................	
    09 00 00 00 70                                    ....p           	
[20/02/2026 16:03:32] Written data (COM4)	
    50 00 81 95 00 00 00 00 00 00 00 00 00 00 00 00   P.Åï............	
    00 00 00 00 00 00 00 00 00 00 00 00 00 00 00 00   ................	
    00 00 00 00 66                                    ....f           	
[20/02/2026 16:03:32] Read data (COM4)	
    50 00 81 95 00 09 00 00 00 00 09 00 00 00 00 09   P.Åï............	
    00 00 00 00 09 00 00 00 04 99 02 97 02 99 02 98   .........ô.ó.ô.ò	
    02 98 02 98 29                                    .ò.ò)           	
[20/02/2026 16:03:32] Written data (COM4)	
    50 00 81 44 00 00 00 00 00 00 00 00 00 00 00 00   P.ÅD............	
    00 00 00 00 00 00 00 00 00 00 00 00 00 00 00 00   ................	
    00 00 00 00 15                                    .....           	
[20/02/2026 16:03:32] Read data (COM4)	
    50 00 81 44 08 00 00 00 01 14 1a 02 14 0f 39 0f   P.ÅD..........9.	
    c5 94 98 00 00 00 00 00 00 00 00 00 00 00 00 00   ≈îò.............	
    00 00 00 00 aa                                    ....™           	
[20/02/2026 16:03:32] Written data (COM4)	
    50 00 81 64 00 00 00 00 00 00 00 00 00 00 00 00   P.Åd............	
    00 00 00 00 00 00 00 00 00 00 00 00 00 00 00 00   ................	
    00 00 00 00 35                                    ....5           	
[20/02/2026 16:03:32] Read data (COM4)	
    50 00 81 64 00 00 80 00 00 00 00 00 00 00 00 00   P.Åd..Ä.........	
    00 00 00 00 00 00 00 00 00 00 00 00 00 00 00 00   ................	
    00 00 00 00 b5                                    ....µ           	
[20/02/2026 16:03:32] Written data (COM4)	
    50 00 81 84 00 00 00 00 00 00 00 00 00 00 00 00   P.ÅÑ............	
    00 00 00 00 00 00 00 00 00 00 00 00 00 00 00 00   ................	
    00 00 00 00 55                                    ....U           	
[20/02/2026 16:03:32] Read data (COM4)	
    50 00 81 84 00 00 00 00 00 00 00 00 00 00 00 00   P.ÅÑ............	
    00 00 00 00 00 00 09 00 00 00 00 09 00 00 00 00   ................	
    09 00 00 00 70                                    ....p           	
[20/02/2026 16:03:32] Written data (COM4)	
    50 00 81 95 00 00 00 00 00 00 00 00 00 00 00 00   P.Åï............	
    00 00 00 00 00 00 00 00 00 00 00 00 00 00 00 00   ................	
    00 00 00 00 66                                    ....f           	
[20/02/2026 16:03:32] Read data (COM4)	
    50 00 81 95 00 09 00 00 00 00 09 00 00 00 00 09   P.Åï............	
    00 00 00 00 09 00 00 00 04 99 02 97 02 99 02 98   .........ô.ó.ô.ò	
    02 98 02 98 29                                    .ò.ò)           	
[20/02/2026 16:03:33] Written data (COM4)	
    50 00 81 44 00 00 00 00 00 00 00 00 00 00 00 00   P.ÅD............	
    00 00 00 00 00 00 00 00 00 00 00 00 00 00 00 00   ................	
    00 00 00 00 15                                    .....           	
[20/02/2026 16:03:33] Read data (COM4)	
    50 00 81 44 08 00 00 00 01 14 1a 02 14 0f 39 10   P.ÅD..........9.	
    c5 94 98 00 00 00 00 00 00 00 00 00 00 00 00 00   ≈îò.............	
    00 00 00 00 ab                                    ....´           	
[20/02/2026 16:03:33] Written data (COM4)	
    50 00 81 64 00 00 00 00 00 00 00 00 00 00 00 00   P.Åd............	
    00 00 00 00 00 00 00 00 00 00 00 00 00 00 00 00   ................	
    00 00 00 00 35                                    ....5           	
[20/02/2026 16:03:33] Read data (COM4)	
    50 00 81 64 00 00 80 00 00 00 00 00 00 00 00 00   P.Åd..Ä.........	
    00 00 00 00 00 00 00 00 00 00 00 00 00 00 00 00   ................	
    00 00 00 00 b5                                    ....µ           	
[20/02/2026 16:03:33] Written data (COM4)	
    50 00 81 84 00 00 00 00 00 00 00 00 00 00 00 00   P.ÅÑ............	
    00 00 00 00 00 00 00 00 00 00 00 00 00 00 00 00   ................	
    00 00 00 00 55                                    ....U           	
[20/02/2026 16:03:33] Read data (COM4)	
    50 00 81 84 00 00 00 00 00 00 00 00 00 00 00 00   P.ÅÑ............	
    00 00 00 00 00 00 09 00 00 00 00 09 00 00 00 00   ................	
    09 00 00 00 70                                    ....p           	
[20/02/2026 16:03:33] Written data (COM4)	
    50 00 81 95 00 00 00 00 00 00 00 00 00 00 00 00   P.Åï............	
    00 00 00 00 00 00 00 00 00 00 00 00 00 00 00 00   ................	
    00 00 00 00 66                                    ....f           	
[20/02/2026 16:03:33] Read data (COM4)	
    50 00 81 95 00 09 00 00 00 00 09 00 00 00 00 09   P.Åï............	
    00 00 00 00 09 00 00 00 04 99 02 97 02 99 02 98   .........ô.ó.ô.ò	
    02 98 02 98 29                                    .ò.ò)           	
[20/02/2026 16:03:34] Written data (COM4)	
    50 00 81 44 00 00 00 00 00 00 00 00 00 00 00 00   P.ÅD............	
    00 00 00 00 00 00 00 00 00 00 00 00 00 00 00 00   ................	
    00 00 00 00 15                                    .....           	
[20/02/2026 16:03:34] Read data (COM4)	
    50 00 81 44 08 00 00 00 01 14 1a 02 14 0f 39 11   P.ÅD..........9.	
    c5 94 99 00 00 00 00 00 00 00 00 00 00 00 00 00   ≈îô.............	
    00 00 00 00 ad                                    ....≠           	
[20/02/2026 16:03:34] Written data (COM4)	
    50 00 81 64 00 00 00 00 00 00 00 00 00 00 00 00   P.Åd............	
    00 00 00 00 00 00 00 00 00 00 00 00 00 00 00 00   ................	
    00 00 00 00 35                                    ....5           	
[20/02/2026 16:03:34] Read data (COM4)	
    50 00 81 64 00 00 80 00 00 00 00 00 00 00 00 00   P.Åd..Ä.........	
    00 00 00 00 00 00 00 00 00 00 00 00 00 00 00 00   ................	
    00 00 00 00 b5                                    ....µ           	
[20/02/2026 16:03:34] Written data (COM4)	
    50 00 81 84 00 00 00 00 00 00 00 00 00 00 00 00   P.ÅÑ............	
    00 00 00 00 00 00 00 00 00 00 00 00 00 00 00 00   ................	
    00 00 00 00 55                                    ....U           	
[20/02/2026 16:03:34] Read data (COM4)	
    50 00 81 84 00 00 00 00 00 00 00 00 00 00 00 00   P.ÅÑ............	
    00 00 00 00 00 00 09 00 00 00 00 09 00 00 00 00   ................	
    09 00 00 00 70                                    ....p           	
[20/02/2026 16:03:34] Written data (COM4)	
    50 00 81 95 00 00 00 00 00 00 00 00 00 00 00 00   P.Åï............	
    00 00 00 00 00 00 00 00 00 00 00 00 00 00 00 00   ................	
    00 00 00 00 66                                    ....f           	
[20/02/2026 16:03:34] Read data (COM4)	
    50 00 81 95 00 09 00 00 00 00 09 00 00 00 00 09   P.Åï............	
    00 00 00 00 09 00 00 00 04 99 02 97 02 99 02 98   .........ô.ó.ô.ò	
    02 98 02 98 29                                    .ò.ò)           	
[20/02/2026 16:03:34] Written data (COM4)	
    50 00 81 44 00 00 00 00 00 00 00 00 00 00 00 00   P.ÅD............	
    00 00 00 00 00 00 00 00 00 00 00 00 00 00 00 00   ................	
    00 00 00 00 15                                    .....           	
[20/02/2026 16:03:34] Read data (COM4)	
    50 00 81 44 08 00 00 00 01 14 1a 02 14 0f 39 11   P.ÅD..........9.	
    c5 94 98 00 00 00 00 00 00 00 00 00 00 00 00 00   ≈îò.............	
    00 00 00 00 ac                                    ....¨           	
[20/02/2026 16:03:35] Written data (COM4)	
    50 00 81 64 00 00 00 00 00 00 00 00 00 00 00 00   P.Åd............	
    00 00 00 00 00 00 00 00 00 00 00 00 00 00 00 00   ................	
    00 00 00 00 35                                    ....5           	
[20/02/2026 16:03:35] Read data (COM4)	
    50 00 81 64 00 00 80 00 00 00 00 00 00 00 00 00   P.Åd..Ä.........	
    00 00 00 00 00 00 00 00 00 00 00 00 00 00 00 00   ................	
    00 00 00 00 b5                                    ....µ           	
[20/02/2026 16:03:35] Written data (COM4)	
    50 00 81 84 00 00 00 00 00 00 00 00 00 00 00 00   P.ÅÑ............	
    00 00 00 00 00 00 00 00 00 00 00 00 00 00 00 00   ................	
    00 00 00 00 55                                    ....U           	
[20/02/2026 16:03:35] Read data (COM4)	
    50 00 81 84 00 00 00 00 00 00 00 00 00 00 00 00   P.ÅÑ............	
    00 00 00 00 00 00 09 00 00 00 00 09 00 00 00 00   ................	
    09 00 00 00 70                                    ....p           	
[20/02/2026 16:03:35] Written data (COM4)	
    50 00 81 95 00 00 00 00 00 00 00 00 00 00 00 00   P.Åï............	
    00 00 00 00 00 00 00 00 00 00 00 00 00 00 00 00   ................	
    00 00 00 00 66                                    ....f           	
[20/02/2026 16:03:35] Read data (COM4)	
    50 00 81 95 00 09 00 00 00 00 09 00 00 00 00 09   P.Åï............	
    00 00 00 00 09 00 00 00 04 99 02 97 02 99 02 98   .........ô.ó.ô.ò	
    02 98 02 98 29                                    .ò.ò)           	
[20/02/2026 16:03:35] Written data (COM4)	
    50 00 81 44 00 00 00 00 00 00 00 00 00 00 00 00   P.ÅD............	
    00 00 00 00 00 00 00 00 00 00 00 00 00 00 00 00   ................	
    00 00 00 00 15                                    .....           	
[20/02/2026 16:03:35] Read data (COM4)	
    50 00 81 44 08 00 00 00 01 14 1a 02 14 0f 39 12   P.ÅD..........9.	
    c5 94 98 00 00 00 00 00 00 00 00 00 00 00 00 00   ≈îò.............	
    00 00 00 00 ad                                    ....≠           	
[20/02/2026 16:03:35] Written data (COM4)	
    50 00 81 64 00 00 00 00 00 00 00 00 00 00 00 00   P.Åd............	
    00 00 00 00 00 00 00 00 00 00 00 00 00 00 00 00   ................	
    00 00 00 00 35                                    ....5           	
[20/02/2026 16:03:35] Read data (COM4)	
    50 00 81 64 00 00 80 00 00 00 00 00 00 00 00 00   P.Åd..Ä.........	
    00 00 00 00 00 00 00 00 00 00 00 00 00 00 00 00   ................	
    00 00 00 00 b5                                    ....µ           	
[20/02/2026 16:03:36] Written data (COM4)	
    50 00 81 84 00 00 00 00 00 00 00 00 00 00 00 00   P.ÅÑ............	
    00 00 00 00 00 00 00 00 00 00 00 00 00 00 00 00   ................	
    00 00 00 00 55                                    ....U           	
[20/02/2026 16:03:36] Read data (COM4)	
    50 00 81 84 00 00 00 00 00 00 00 00 00 00 00 00   P.ÅÑ............	
    00 00 00 00 00 00 09 00 00 00 00 09 00 00 00 00   ................	
    09 00 00 00 70                                    ....p           	
[20/02/2026 16:03:36] Written data (COM4)	
    50 00 81 95 00 00 00 00 00 00 00 00 00 00 00 00   P.Åï............	
    00 00 00 00 00 00 00 00 00 00 00 00 00 00 00 00   ................	
    00 00 00 00 66                                    ....f           	
[20/02/2026 16:03:36] Read data (COM4)	
    50 00 81 95 00 09 00 00 00 00 09 00 00 00 00 09   P.Åï............	
    00 00 00 00 09 00 00 00 04 99 02 97 02 99 02 98   .........ô.ó.ô.ò	
    02 98 02 98 29                                    .ò.ò)           	
[20/02/2026 16:03:36] Written data (COM4)	
    50 00 81 44 00 00 00 00 00 00 00 00 00 00 00 00   P.ÅD............	
    00 00 00 00 00 00 00 00 00 00 00 00 00 00 00 00   ................	
    00 00 00 00 15                                    .....           	
[20/02/2026 16:03:36] Read data (COM4)	
    50 00 81 44 08 00 00 00 01 14 1a 02 14 0f 39 13   P.ÅD..........9.	
    c5 94 99 00 00 00 00 00 00 00 00 00 00 00 00 00   ≈îô.............	
    00 00 00 00 af                                    ....Ø           	
[20/02/2026 16:03:36] Written data (COM4)	
    50 00 81 64 00 00 00 00 00 00 00 00 00 00 00 00   P.Åd............	
    00 00 00 00 00 00 00 00 00 00 00 00 00 00 00 00   ................	
    00 00 00 00 35                                    ....5           	
[20/02/2026 16:03:36] Read data (COM4)	
    50 00 81 64 00 00 80 00 00 00 00 00 00 00 00 00   P.Åd..Ä.........	
    00 00 00 00 00 00 00 00 00 00 00 00 00 00 00 00   ................	
    00 00 00 00 b5                                    ....µ           	
[20/02/2026 16:03:36] Written data (COM4)	
    50 00 81 84 00 00 00 00 00 00 00 00 00 00 00 00   P.ÅÑ............	
    00 00 00 00 00 00 00 00 00 00 00 00 00 00 00 00   ................	
    00 00 00 00 55                                    ....U           	
[20/02/2026 16:03:36] Read data (COM4)	
    50 00 81 84 00 00 00 00 00 00 00 00 00 00 00 00   P.ÅÑ............	
    00 00 00 00 00 00 09 00 00 00 00 09 00 00 00 00   ................	
    09 00 00 00 70                                    ....p           	
[20/02/2026 16:03:37] Written data (COM4)	
    50 00 81 95 00 00 00 00 00 00 00 00 00 00 00 00   P.Åï............	
    00 00 00 00 00 00 00 00 00 00 00 00 00 00 00 00   ................	
    00 00 00 00 66                                    ....f           	
[20/02/2026 16:03:37] Read data (COM4)	
    50 00 81 95 00 09 00 00 00 00 09 00 00 00 00 09   P.Åï............	
    00 00 00 00 09 00 00 00 04 99 02 97 02 99 02 98   .........ô.ó.ô.ò	
    02 98 02 98 29                                    .ò.ò)           	
[20/02/2026 16:03:37] Written data (COM4)	
    50 00 81 44 00 00 00 00 00 00 00 00 00 00 00 00   P.ÅD............	
    00 00 00 00 00 00 00 00 00 00 00 00 00 00 00 00   ................	
    00 00 00 00 15                                    .....           	
[20/02/2026 16:03:37] Read data (COM4)	
    50 00 81 44 08 00 00 00 01 14 1a 02 14 0f 39 14   P.ÅD..........9.	
    c5 94 99 00 00 00 00 00 00 00 00 00 00 00 00 00   ≈îô.............	
    00 00 00 00 b0                                    ....∞           	
[20/02/2026 16:03:37] Written data (COM4)	
    50 00 81 64 00 00 00 00 00 00 00 00 00 00 00 00   P.Åd............	
    00 00 00 00 00 00 00 00 00 00 00 00 00 00 00 00   ................	
    00 00 00 00 35                                    ....5           	
[20/02/2026 16:03:37] Read data (COM4)	
    50 00 81 64 00 00 80 00 00 00 00 00 00 00 00 00   P.Åd..Ä.........	
    00 00 00 00 00 00 00 00 00 00 00 00 00 00 00 00   ................	
    00 00 00 00 b5                                    ....µ           	
[20/02/2026 16:03:37] Written data (COM4)	
    50 00 81 84 00 00 00 00 00 00 00 00 00 00 00 00   P.ÅÑ............	
    00 00 00 00 00 00 00 00 00 00 00 00 00 00 00 00   ................	
    00 00 00 00 55                                    ....U           	
[20/02/2026 16:03:37] Read data (COM4)	
    50 00 81 84 00 00 00 00 00 00 00 00 00 00 00 00   P.ÅÑ............	
    00 00 00 00 00 00 09 00 00 00 00 09 00 00 00 00   ................	
    09 00 00 00 70                                    ....p           	
[20/02/2026 16:03:37] Written data (COM4)	
    50 00 81 95 00 00 00 00 00 00 00 00 00 00 00 00   P.Åï............	
    00 00 00 00 00 00 00 00 00 00 00 00 00 00 00 00   ................	
    00 00 00 00 66                                    ....f           	
[20/02/2026 16:03:37] Read data (COM4)	
    50 00 81 95 00 09 00 00 00 00 09 00 00 00 00 09   P.Åï............	
    00 00 00 00 09 00 00 00 04 99 02 97 02 99 02 98   .........ô.ó.ô.ò	
    02 98 02 98 29                                    .ò.ò)           	
[20/02/2026 16:03:38] Written data (COM4)	
    50 00 81 44 00 00 00 00 00 00 00 00 00 00 00 00   P.ÅD............	
    00 00 00 00 00 00 00 00 00 00 00 00 00 00 00 00   ................	
    00 00 00 00 15                                    .....           	
[20/02/2026 16:03:38] Read data (COM4)	
    50 00 81 44 08 00 00 00 01 14 1a 02 14 0f 39 15   P.ÅD..........9.	
    c5 94 98 00 00 00 00 00 00 00 00 00 00 00 00 00   ≈îò.............	
    00 00 00 00 b0                                    ....∞           	
[20/02/2026 16:03:38] Written data (COM4)	
    50 00 81 64 00 00 00 00 00 00 00 00 00 00 00 00   P.Åd............	
    00 00 00 00 00 00 00 00 00 00 00 00 00 00 00 00   ................	
    00 00 00 00 35                                    ....5           	
[20/02/2026 16:03:38] Read data (COM4)	
    50 00 81 64 00 00 80 00 00 00 00 00 00 00 00 00   P.Åd..Ä.........	
    00 00 00 00 00 00 00 00 00 00 00 00 00 00 00 00   ................	
    00 00 00 00 b5                                    ....µ           	
[20/02/2026 16:03:38] Written data (COM4)	
    50 00 81 84 00 00 00 00 00 00 00 00 00 00 00 00   P.ÅÑ............	
    00 00 00 00 00 00 00 00 00 00 00 00 00 00 00 00   ................	
    00 00 00 00 55                                    ....U           	
[20/02/2026 16:03:38] Read data (COM4)	
    50 00 81 84 00 00 00 00 00 00 00 00 00 00 00 00   P.ÅÑ............	
    00 00 00 00 00 00 09 00 00 00 00 09 00 00 00 00   ................	
    09 00 00 00 70                                    ....p           	
[20/02/2026 16:03:38] Written data (COM4)	
    50 00 81 95 00 00 00 00 00 00 00 00 00 00 00 00   P.Åï............	
    00 00 00 00 00 00 00 00 00 00 00 00 00 00 00 00   ................	
    00 00 00 00 66                                    ....f           	
[20/02/2026 16:03:38] Read data (COM4)	
    50 00 81 95 00 09 00 00 00 00 09 00 00 00 00 09   P.Åï............	
    00 00 00 00 09 00 00 00 04 99 02 97 02 99 02 98   .........ô.ó.ô.ò	
    02 98 02 98 29                                    .ò.ò)           	
[20/02/2026 16:03:38] Written data (COM4)	
    50 00 81 44 00 00 00 00 00 00 00 00 00 00 00 00   P.ÅD............	
    00 00 00 00 00 00 00 00 00 00 00 00 00 00 00 00   ................	
    00 00 00 00 15                                    .....           	
[20/02/2026 16:03:38] Read data (COM4)	
    50 00 81 44 08 00 00 00 01 14 1a 02 14 0f 39 15   P.ÅD..........9.	
    c5 94 98 00 00 00 00 00 00 00 00 00 00 00 00 00   ≈îò.............	
    00 00 00 00 b0                                    ....∞           	
[20/02/2026 16:03:39] Written data (COM4)	
    50 00 81 64 00 00 00 00 00 00 00 00 00 00 00 00   P.Åd............	
    00 00 00 00 00 00 00 00 00 00 00 00 00 00 00 00   ................	
    00 00 00 00 35                                    ....5           	
[20/02/2026 16:03:39] Read data (COM4)	
    50 00 81 64 00 00 80 00 00 00 00 00 00 00 00 00   P.Åd..Ä.........	
    00 00 00 00 00 00 00 00 00 00 00 00 00 00 00 00   ................	
    00 00 00 00 b5                                    ....µ           	
[20/02/2026 16:03:39] Written data (COM4)	
    50 00 81 84 00 00 00 00 00 00 00 00 00 00 00 00   P.ÅÑ............	
    00 00 00 00 00 00 00 00 00 00 00 00 00 00 00 00   ................	
    00 00 00 00 55                                    ....U           	
[20/02/2026 16:03:39] Read data (COM4)	
    50 00 81 84 00 00 00 00 00 00 00 00 00 00 00 00   P.ÅÑ............	
    00 00 00 00 00 00 09 00 00 00 00 09 00 00 00 00   ................	
    09 00 00 00 70                                    ....p           	
[20/02/2026 16:03:39] Written data (COM4)	
    50 00 81 95 00 00 00 00 00 00 00 00 00 00 00 00   P.Åï............	
    00 00 00 00 00 00 00 00 00 00 00 00 00 00 00 00   ................	
    00 00 00 00 66                                    ....f           	
[20/02/2026 16:03:39] Read data (COM4)	
    50 00 81 95 00 09 00 00 00 00 09 00 00 00 00 09   P.Åï............	
    00 00 00 00 09 00 00 00 04 99 02 97 02 99 02 98   .........ô.ó.ô.ò	
    02 98 02 98 29                                    .ò.ò)           	
[20/02/2026 16:03:39] Written data (COM4)	
    50 00 81 44 00 00 00 00 00 00 00 00 00 00 00 00   P.ÅD............	
    00 00 00 00 00 00 00 00 00 00 00 00 00 00 00 00   ................	
    00 00 00 00 15                                    .....           	
[20/02/2026 16:03:39] Read data (COM4)	
    50 00 81 44 08 00 00 00 01 14 1a 02 14 0f 39 16   P.ÅD..........9.	
    c5 94 98 00 00 00 00 00 00 00 00 00 00 00 00 00   ≈îò.............	
    00 00 00 00 b1                                    ....±           	
[20/02/2026 16:03:39] Written data (COM4)	
    50 00 81 64 00 00 00 00 00 00 00 00 00 00 00 00   P.Åd............	
    00 00 00 00 00 00 00 00 00 00 00 00 00 00 00 00   ................	
    00 00 00 00 35                                    ....5           	
[20/02/2026 16:03:40] Read data (COM4)	
    50 00 81 64 00 00 80 00 00 00 00 00 00 00 00 00   P.Åd..Ä.........	
    00 00 00 00 00 00 00 00 00 00 00 00 00 00 00 00   ................	
    00 00 00 00 b5                                    ....µ           	
[20/02/2026 16:03:40] Written data (COM4)	
    50 00 81 84 00 00 00 00 00 00 00 00 00 00 00 00   P.ÅÑ............	
    00 00 00 00 00 00 00 00 00 00 00 00 00 00 00 00   ................	
    00 00 00 00 55                                    ....U           	
[20/02/2026 16:03:40] Read data (COM4)	
    50 00 81 84 00 00 00 00 00 00 00 00 00 00 00 00   P.ÅÑ............	
    00 00 00 00 00 00 09 00 00 00 00 09 00 00 00 00   ................	
    09 00 00 00 70                                    ....p           	
[20/02/2026 16:03:40] Written data (COM4)	
    50 00 81 95 00 00 00 00 00 00 00 00 00 00 00 00   P.Åï............	
    00 00 00 00 00 00 00 00 00 00 00 00 00 00 00 00   ................	
    00 00 00 00 66                                    ....f           	
[20/02/2026 16:03:40] Read data (COM4)	
    50 00 81 95 00 09 00 00 00 00 09 00 00 00 00 09   P.Åï............	
    00 00 00 00 09 00 00 00 04 99 02 97 02 99 02 98   .........ô.ó.ô.ò	
    02 98 02 98 29                                    .ò.ò)           	
[20/02/2026 16:03:40] Written data (COM4)	
    50 00 81 44 00 00 00 00 00 00 00 00 00 00 00 00   P.ÅD............	
    00 00 00 00 00 00 00 00 00 00 00 00 00 00 00 00   ................	
    00 00 00 00 15                                    .....           	
[20/02/2026 16:03:40] Read data (COM4)	
    50 00 81 44 08 00 00 00 01 14 1a 02 14 0f 39 17   P.ÅD..........9.	
    c5 94 99 00 00 00 00 00 00 00 00 00 00 00 00 00   ≈îô.............	
    00 00 00 00 b3                                    ....≥           	
[20/02/2026 16:03:40] Written data (COM4)	
    40 00 20 00 00 00 00 00 00 00 00 00 00 00 00 00   @. .............	
    00 00 00 00 00 00 00 00 00 00 00 00 00 00 00 00   ................	
    00 00 00 00 60                                    ....`           	
[20/02/2026 16:03:40] Read data (COM4)	
    40 00 20 00 00 00 00 00 00 00 00 00 00 00 00 00   @. .............	
    00 00 00 00 00 00 00 00 00 00 00 00 00 00 00 00   ................	
    00 00 00 00 60                                    ....`           	
[20/02/2026 16:03:40] Written data (COM4)	
    50 00 81 64 00 00 00 00 00 00 00 00 00 00 00 00   P.Åd............	
    00 00 00 00 00 00 00 00 00 00 00 00 00 00 00 00   ................	
    00 00 00 00 35                                    ....5           	
[20/02/2026 16:03:40] Read data (COM4)	
    50 00 81 64 00 00 80 00 00 00 00 00 00 00 00 00   P.Åd..Ä.........	
    00 00 00 00 00 00 00 00 00 00 00 00 00 00 00 00   ................	
    00 00 00 00 b5                                    ....µ           	
[20/02/2026 16:03:41] Written data (COM4)	
    50 00 81 84 00 00 00 00 00 00 00 00 00 00 00 00   P.ÅÑ............	
    00 00 00 00 00 00 00 00 00 00 00 00 00 00 00 00   ................	
    00 00 00 00 55                                    ....U           	
[20/02/2026 16:03:41] Read data (COM4)	
    50 00 81 84 00 00 00 00 00 00 00 00 00 00 00 00   P.ÅÑ............	
    00 00 00 00 00 00 0b 04 00 00 00 09 00 00 00 00   ................	
    09 00 00 00 76                                    ....v           	
[20/02/2026 16:03:41] Written data (COM4)	
    50 00 81 95 00 00 00 00 00 00 00 00 00 00 00 00   P.Åï............	
    00 00 00 00 00 00 00 00 00 00 00 00 00 00 00 00   ................	
    00 00 00 00 66                                    ....f           	
[20/02/2026 16:03:41] Read data (COM4)	
    50 00 81 95 00 0b 04 00 00 00 09 00 00 00 00 09   P.Åï............	
    00 00 00 00 09 00 00 00 04 99 02 97 02 99 02 98   .........ô.ó.ô.ò	
    02 98 02 98 2f                                    .ò.ò/           	
[20/02/2026 16:03:41] Written data (COM4)	
    50 00 81 44 00 00 00 00 00 00 00 00 00 00 00 00   P.ÅD............	
    00 00 00 00 00 00 00 00 00 00 00 00 00 00 00 00   ................	
    00 00 00 00 15                                    .....           	
[20/02/2026 16:03:41] Read data (COM4)	
    50 00 81 44 08 00 00 00 01 14 1a 02 14 0f 39 18   P.ÅD..........9.	
    c5 94 98 00 00 00 00 00 00 00 00 00 00 00 00 00   ≈îò.............	
    00 00 00 00 b3                                    ....≥           	
[20/02/2026 16:03:41] Written data (COM4)	
    50 00 81 64 00 00 00 00 00 00 00 00 00 00 00 00   P.Åd............	
    00 00 00 00 00 00 00 00 00 00 00 00 00 00 00 00   ................	
    00 00 00 00 35                                    ....5           	
[20/02/2026 16:03:41] Read data (COM4)	
    50 00 81 64 00 00 80 00 00 00 00 00 00 00 00 00   P.Åd..Ä.........	
    00 00 00 00 00 00 00 00 00 00 00 00 00 00 00 00   ................	
    00 00 00 00 b5                                    ....µ           	
[20/02/2026 16:03:42] Written data (COM4)	
    50 00 81 84 00 00 00 00 00 00 00 00 00 00 00 00   P.ÅÑ............	
    00 00 00 00 00 00 00 00 00 00 00 00 00 00 00 00   ................	
    00 00 00 00 55                                    ....U           	
[20/02/2026 16:03:42] Read data (COM4)	
    50 00 81 84 00 00 00 00 00 00 00 00 00 00 00 00   P.ÅÑ............	
    00 00 00 00 00 00 0b 04 00 00 00 09 00 00 00 00   ................	
    09 00 00 00 76                                    ....v           	
[20/02/2026 16:03:42] Written data (COM4)	
    50 00 81 95 00 00 00 00 00 00 00 00 00 00 00 00   P.Åï............	
    00 00 00 00 00 00 00 00 00 00 00 00 00 00 00 00   ................	
    00 00 00 00 66                                    ....f           	
[20/02/2026 16:03:42] Read data (COM4)	
    50 00 81 95 00 0b 04 00 00 00 09 00 00 00 00 09   P.Åï............	
    00 00 00 00 09 00 00 00 04 99 02 97 02 99 02 98   .........ô.ó.ô.ò	
    02 98 02 98 2f                                    .ò.ò/           	
[20/02/2026 16:03:42] Written data (COM4)	
    50 00 81 44 00 00 00 00 00 00 00 00 00 00 00 00   P.ÅD............	
    00 00 00 00 00 00 00 00 00 00 00 00 00 00 00 00   ................	
    00 00 00 00 15                                    .....           	
[20/02/2026 16:03:42] Read data (COM4)	
    50 00 81 44 08 00 00 00 01 14 1a 02 14 0f 39 19   P.ÅD..........9.	
    c5 94 99 00 00 00 00 00 00 00 00 00 00 00 00 00   ≈îô.............	
    00 00 00 00 b5                                    ....µ           	
[20/02/2026 16:03:42] Written data (COM4)	
    50 00 81 64 00 00 00 00 00 00 00 00 00 00 00 00   P.Åd............	
    00 00 00 00 00 00 00 00 00 00 00 00 00 00 00 00   ................	
    00 00 00 00 35                                    ....5           	
[20/02/2026 16:03:42] Read data (COM4)	
    50 00 81 64 00 00 80 00 00 00 00 00 00 00 00 00   P.Åd..Ä.........	
    00 00 00 00 00 00 00 00 00 00 00 00 00 00 00 00   ................	
    00 00 00 00 b5                                    ....µ           	
[20/02/2026 16:03:42] Written data (COM4)	
    50 00 81 84 00 00 00 00 00 00 00 00 00 00 00 00   P.ÅÑ............	
    00 00 00 00 00 00 00 00 00 00 00 00 00 00 00 00   ................	
    00 00 00 00 55                                    ....U           	
[20/02/2026 16:03:42] Read data (COM4)	
    50 00 81 84 00 00 00 00 00 00 00 00 00 00 00 00   P.ÅÑ............	
    00 00 00 00 00 00 0b 04 00 00 00 09 00 00 00 00   ................	
    09 00 00 00 76                                    ....v           	
[20/02/2026 16:03:43] Written data (COM4)	
    50 00 81 95 00 00 00 00 00 00 00 00 00 00 00 00   P.Åï............	
    00 00 00 00 00 00 00 00 00 00 00 00 00 00 00 00   ................	
    00 00 00 00 66                                    ....f           	
[20/02/2026 16:03:43] Read data (COM4)	
    50 00 81 95 00 0b 04 00 00 00 09 00 00 00 00 09   P.Åï............	
    00 00 00 00 09 00 00 00 04 99 02 97 02 99 02 98   .........ô.ó.ô.ò	
    02 98 02 98 2f                                    .ò.ò/           	
[20/02/2026 16:03:43] Written data (COM4)	
    50 00 81 44 00 00 00 00 00 00 00 00 00 00 00 00   P.ÅD............	
    00 00 00 00 00 00 00 00 00 00 00 00 00 00 00 00   ................	
    00 00 00 00 15                                    .....           	
[20/02/2026 16:03:43] Read data (COM4)	
    50 00 81 44 08 00 00 00 01 14 1a 02 14 0f 39 1a   P.ÅD..........9.	
    c4 94 99 00 00 00 00 00 00 00 00 00 00 00 00 00   ƒîô.............	
    00 00 00 00 b5                                    ....µ           	
[20/02/2026 16:03:43] Written data (COM4)	
    50 00 81 64 00 00 00 00 00 00 00 00 00 00 00 00   P.Åd............	
    00 00 00 00 00 00 00 00 00 00 00 00 00 00 00 00   ................	
    00 00 00 00 35                                    ....5           	
[20/02/2026 16:03:43] Read data (COM4)	
    50 00 81 64 00 00 80 00 00 00 00 00 00 00 00 00   P.Åd..Ä.........	
    00 00 00 00 00 00 00 00 00 00 00 00 00 00 00 00   ................	
    00 00 00 00 b5                                    ....µ           	
[20/02/2026 16:03:43] Written data (COM4)	
    50 00 81 84 00 00 00 00 00 00 00 00 00 00 00 00   P.ÅÑ............	
    00 00 00 00 00 00 00 00 00 00 00 00 00 00 00 00   ................	
    00 00 00 00 55                                    ....U           	
[20/02/2026 16:03:43] Read data (COM4)	
    50 00 81 84 00 00 00 00 00 00 00 00 00 00 00 00   P.ÅÑ............	
    00 00 00 00 00 00 0b 04 00 00 00 09 00 00 00 00   ................	
    09 00 00 00 76                                    ....v           	
[20/02/2026 16:03:43] Written data (COM4)	
    50 00 81 95 00 00 00 00 00 00 00 00 00 00 00 00   P.Åï............	
    00 00 00 00 00 00 00 00 00 00 00 00 00 00 00 00   ................	
    00 00 00 00 66                                    ....f           	
[20/02/2026 16:03:43] Read data (COM4)	
    50 00 81 95 00 0b 04 00 00 00 09 00 00 00 00 09   P.Åï............	
    00 00 00 00 09 00 00 00 04 99 02 97 02 99 02 98   .........ô.ó.ô.ò	
    02 98 02 98 2f                                    .ò.ò/           	
[20/02/2026 16:03:44] Written data (COM4)	
    50 00 81 44 00 00 00 00 00 00 00 00 00 00 00 00   P.ÅD............	
    00 00 00 00 00 00 00 00 00 00 00 00 00 00 00 00   ................	
    00 00 00 00 15                                    .....           	
[20/02/2026 16:03:44] Read data (COM4)	
    50 00 81 44 08 00 00 00 01 14 1a 02 14 0f 39 1b   P.ÅD..........9.	
    c5 94 98 00 00 00 00 00 00 00 00 00 00 00 00 00   ≈îò.............	
    00 00 00 00 b6                                    ....∂           	
[20/02/2026 16:03:44] Written data (COM4)	
    50 00 81 64 00 00 00 00 00 00 00 00 00 00 00 00   P.Åd............	
    00 00 00 00 00 00 00 00 00 00 00 00 00 00 00 00   ................	
    00 00 00 00 35                                    ....5           	
[20/02/2026 16:03:44] Read data (COM4)	
    50 00 81 64 00 00 80 00 00 00 00 00 00 00 00 00   P.Åd..Ä.........	
    00 00 00 00 00 00 00 00 00 00 00 00 00 00 00 00   ................	
    00 00 00 00 b5                                    ....µ           	
[20/02/2026 16:03:44] Written data (COM4)	
    50 00 81 84 00 00 00 00 00 00 00 00 00 00 00 00   P.ÅÑ............	
    00 00 00 00 00 00 00 00 00 00 00 00 00 00 00 00   ................	
    00 00 00 00 55                                    ....U           	
[20/02/2026 16:03:44] Read data (COM4)	
    50 00 81 84 00 00 00 00 00 00 00 00 00 00 00 00   P.ÅÑ............	
    00 00 00 00 00 00 0b 04 00 00 00 09 00 00 00 00   ................	
    09 00 00 00 76                                    ....v           	
[20/02/2026 16:03:44] Written data (COM4)	
    50 00 81 95 00 00 00 00 00 00 00 00 00 00 00 00   P.Åï............	
    00 00 00 00 00 00 00 00 00 00 00 00 00 00 00 00   ................	
    00 00 00 00 66                                    ....f           	
[20/02/2026 16:03:44] Read data (COM4)	
    50 00 81 95 00 0b 04 00 00 00 09 00 00 00 00 09   P.Åï............	
    00 00 00 00 09 00 00 00 04 99 02 97 02 99 02 98   .........ô.ó.ô.ò	
    02 98 02 98 2f                                    .ò.ò/           	
[20/02/2026 16:03:44] Written data (COM4)	
    50 00 81 44 00 00 00 00 00 00 00 00 00 00 00 00   P.ÅD............	
    00 00 00 00 00 00 00 00 00 00 00 00 00 00 00 00   ................	
    00 00 00 00 15                                    .....           	
[20/02/2026 16:03:45] Read data (COM4)	
    50 00 81 44 08 00 00 00 01 14 1a 02 14 0f 39 1b   P.ÅD..........9.	
    c5 94 98 00 00 00 00 00 00 00 00 00 00 00 00 00   ≈îò.............	
    00 00 00 00 b6                                    ....∂           	
[20/02/2026 16:03:45] Written data (COM4)	
    50 00 81 64 00 00 00 00 00 00 00 00 00 00 00 00   P.Åd............	
    00 00 00 00 00 00 00 00 00 00 00 00 00 00 00 00   ................	
    00 00 00 00 35                                    ....5           	
[20/02/2026 16:03:45] Read data (COM4)	
    50 00 81 64 00 00 80 00 00 00 00 00 00 00 00 00   P.Åd..Ä.........	
    00 00 00 00 00 00 00 00 00 00 00 00 00 00 00 00   ................	
    00 00 00 00 b5                                    ....µ           	
[20/02/2026 16:03:45] Written data (COM4)	
    50 00 81 84 00 00 00 00 00 00 00 00 00 00 00 00   P.ÅÑ............	
    00 00 00 00 00 00 00 00 00 00 00 00 00 00 00 00   ................	
    00 00 00 00 55                                    ....U           	
[20/02/2026 16:03:45] Read data (COM4)	
    50 00 81 84 00 00 00 00 00 00 00 00 00 00 00 00   P.ÅÑ............	
    00 00 00 00 00 00 0b 04 00 00 00 09 00 00 00 00   ................	
    09 00 00 00 76                                    ....v           	
[20/02/2026 16:03:45] Written data (COM4)	
    50 00 81 95 00 00 00 00 00 00 00 00 00 00 00 00   P.Åï............	
    00 00 00 00 00 00 00 00 00 00 00 00 00 00 00 00   ................	
    00 00 00 00 66                                    ....f           	
[20/02/2026 16:03:45] Read data (COM4)	
    50 00 81 95 00 0b 04 00 00 00 09 00 00 00 00 09   P.Åï............	
    00 00 00 00 09 00 00 00 04 99 02 97 02 99 02 98   .........ô.ó.ô.ò	
    02 98 02 98 2f                                    .ò.ò/           	
[20/02/2026 16:03:45] Written data (COM4)	
    50 00 81 44 00 00 00 00 00 00 00 00 00 00 00 00   P.ÅD............	
    00 00 00 00 00 00 00 00 00 00 00 00 00 00 00 00   ................	
    00 00 00 00 15                                    .....           	
[20/02/2026 16:03:45] Read data (COM4)	
    50 00 81 44 08 00 00 00 01 14 1a 02 14 0f 39 1c   P.ÅD..........9.	
    c5 94 98 00 00 00 00 00 00 00 00 00 00 00 00 00   ≈îò.............	
    00 00 00 00 b7                                    ....∑           	
[20/02/2026 16:03:45] Written data (COM4)	
    50 00 81 64 00 00 00 00 00 00 00 00 00 00 00 00   P.Åd............	
    00 00 00 00 00 00 00 00 00 00 00 00 00 00 00 00   ................	
    00 00 00 00 35                                    ....5           	
[20/02/2026 16:03:46] Read data (COM4)	
    50 00 81 64 00 00 80 00 00 00 00 00 00 00 00 00   P.Åd..Ä.........	
    00 00 00 00 00 00 00 00 00 00 00 00 00 00 00 00   ................	
    00 00 00 00 b5                                    ....µ           	
[20/02/2026 16:03:46] Written data (COM4)	
    50 00 81 84 00 00 00 00 00 00 00 00 00 00 00 00   P.ÅÑ............	
    00 00 00 00 00 00 00 00 00 00 00 00 00 00 00 00   ................	
    00 00 00 00 55                                    ....U           	
[20/02/2026 16:03:46] Read data (COM4)	
    50 00 81 84 00 00 00 00 00 00 00 00 00 00 00 00   P.ÅÑ............	
    00 00 00 00 00 00 0b 04 00 00 00 09 00 00 00 00   ................	
    09 00 00 00 76                                    ....v           	
[20/02/2026 16:03:46] Written data (COM4)	
    50 00 81 95 00 00 00 00 00 00 00 00 00 00 00 00   P.Åï............	
    00 00 00 00 00 00 00 00 00 00 00 00 00 00 00 00   ................	
    00 00 00 00 66                                    ....f           	
[20/02/2026 16:03:46] Read data (COM4)	
    50 00 81 95 00 0b 04 00 00 00 09 00 00 00 00 09   P.Åï............	
    00 00 00 00 09 00 00 00 04 99 02 97 02 99 02 98   .........ô.ó.ô.ò	
    02 98 02 98 2f                                    .ò.ò/           	
[20/02/2026 16:03:46] Written data (COM4)	
    50 00 81 44 00 00 00 00 00 00 00 00 00 00 00 00   P.ÅD............	
    00 00 00 00 00 00 00 00 00 00 00 00 00 00 00 00   ................	
    00 00 00 00 15                                    .....           	
[20/02/2026 16:03:46] Read data (COM4)	
    50 00 81 44 08 00 00 00 01 14 1a 02 14 0f 39 1d   P.ÅD..........9.	
    c4 94 98 00 00 00 00 00 00 00 00 00 00 00 00 00   ƒîò.............	
    00 00 00 00 b7                                    ....∑           	
[20/02/2026 16:03:46] Written data (COM4)	
    50 00 81 64 00 00 00 00 00 00 00 00 00 00 00 00   P.Åd............	
    00 00 00 00 00 00 00 00 00 00 00 00 00 00 00 00   ................	
    00 00 00 00 35                                    ....5           	
[20/02/2026 16:03:46] Read data (COM4)	
    50 00 81 64 00 00 80 00 00 00 00 00 00 00 00 00   P.Åd..Ä.........	
    00 00 00 00 00 00 00 00 00 00 00 00 00 00 00 00   ................	
    00 00 00 00 b5                                    ....µ           	
[20/02/2026 16:03:47] Written data (COM4)	
    50 00 81 84 00 00 00 00 00 00 00 00 00 00 00 00   P.ÅÑ............	
    00 00 00 00 00 00 00 00 00 00 00 00 00 00 00 00   ................	
    00 00 00 00 55                                    ....U           	
[20/02/2026 16:03:47] Read data (COM4)	
    50 00 81 84 00 00 00 00 00 00 00 00 00 00 00 00   P.ÅÑ............	
    00 00 00 00 00 00 0b 04 00 00 00 09 00 00 00 00   ................	
    09 00 00 00 76                                    ....v           	
[20/02/2026 16:03:47] Written data (COM4)	
    40 00 02 00 00 00 00 00 00 00 00 00 00 00 00 00   @...............	
    00 00 00 00 00 00 00 00 00 00 00 00 00 00 00 00   ................	
    00 00 00 00 42                                    ....B           	
[20/02/2026 16:03:47] Read data (COM4)	
    40 00 02 00 00 00 00 00 00 00 00 00 00 00 00 00   @...............	
    00 00 00 00 00 00 00 00 00 00 00 00 00 00 00 00   ................	
    00 00 00 00 42                                    ....B           	
[20/02/2026 16:03:47] Written data (COM4)	
    50 00 81 95 00 00 00 00 00 00 00 00 00 00 00 00   P.Åï............	
    00 00 00 00 00 00 00 00 00 00 00 00 00 00 00 00   ................	
    00 00 00 00 66                                    ....f           	
[20/02/2026 16:03:47] Read data (COM4)	
    50 00 81 95 00 0b 04 00 00 00 0b 04 00 00 00 09   P.Åï............	
    00 00 00 00 09 00 00 00 04 99 02 97 02 99 02 98   .........ô.ó.ô.ò	
    02 98 02 98 35                                    .ò.ò5           	
[20/02/2026 16:03:47] Written data (COM4)	
    50 00 81 44 00 00 00 00 00 00 00 00 00 00 00 00   P.ÅD............	
    00 00 00 00 00 00 00 00 00 00 00 00 00 00 00 00   ................	
    00 00 00 00 15                                    .....           	
[20/02/2026 16:03:47] Read data (COM4)	
    50 00 81 44 08 00 00 00 01 14 1a 02 14 0f 39 1e   P.ÅD..........9.	
    c5 94 98 00 00 00 00 00 00 00 00 00 00 00 00 00   ≈îò.............	
    00 00 00 00 b9                                    ....π           	
[20/02/2026 16:03:47] Written data (COM4)	
    50 00 81 64 00 00 00 00 00 00 00 00 00 00 00 00   P.Åd............	
    00 00 00 00 00 00 00 00 00 00 00 00 00 00 00 00   ................	
    00 00 00 00 35                                    ....5           	
[20/02/2026 16:03:47] Read data (COM4)	
    50 00 81 64 00 00 80 00 00 00 00 00 00 00 00 00   P.Åd..Ä.........	
    00 00 00 00 00 00 00 00 00 00 00 00 00 00 00 00   ................	
    00 00 00 00 b5                                    ....µ           	
[20/02/2026 16:03:48] Written data (COM4)	
    50 00 81 84 00 00 00 00 00 00 00 00 00 00 00 00   P.ÅÑ............	
    00 00 00 00 00 00 00 00 00 00 00 00 00 00 00 00   ................	
    00 00 00 00 55                                    ....U           	
[20/02/2026 16:03:48] Read data (COM4)	
    50 00 81 84 00 00 00 00 00 00 00 00 00 00 00 00   P.ÅÑ............	
    00 00 00 00 00 00 0b 04 00 00 00 0b 04 00 00 00   ................	
    09 00 00 00 7c                                    ....|           	
[20/02/2026 16:03:48] Written data (COM4)	
    50 00 81 95 00 00 00 00 00 00 00 00 00 00 00 00   P.Åï............	
    00 00 00 00 00 00 00 00 00 00 00 00 00 00 00 00   ................	
    00 00 00 00 66                                    ....f           	
[20/02/2026 16:03:48] Read data (COM4)	
    50 00 81 95 00 0b 04 00 00 00 0b 04 00 00 00 09   P.Åï............	
    00 00 00 00 09 00 00 00 04 99 02 97 02 99 02 98   .........ô.ó.ô.ò	
    02 98 02 98 35                                    .ò.ò5           	
[20/02/2026 16:03:48] Written data (COM4)	
    50 00 81 44 00 00 00 00 00 00 00 00 00 00 00 00   P.ÅD............	
    00 00 00 00 00 00 00 00 00 00 00 00 00 00 00 00   ................	
    00 00 00 00 15                                    .....           	
[20/02/2026 16:03:48] Read data (COM4)	
    50 00 81 44 08 00 00 00 01 14 1a 02 14 0f 39 1f   P.ÅD..........9.	
    c5 94 98 00 00 00 00 00 00 00 00 00 00 00 00 00   ≈îò.............	
    00 00 00 00 ba                                    ....∫           	
[20/02/2026 16:03:48] Written data (COM4)	
    50 00 81 64 00 00 00 00 00 00 00 00 00 00 00 00   P.Åd............	
    00 00 00 00 00 00 00 00 00 00 00 00 00 00 00 00   ................	
    00 00 00 00 35                                    ....5           	
[20/02/2026 16:03:48] Read data (COM4)	
    50 00 81 64 00 00 80 00 00 00 00 00 00 00 00 00   P.Åd..Ä.........	
    00 00 00 00 00 00 00 00 00 00 00 00 00 00 00 00   ................	
    00 00 00 00 b5                                    ....µ           	
[20/02/2026 16:03:48] Written data (COM4)	
    50 00 81 84 00 00 00 00 00 00 00 00 00 00 00 00   P.ÅÑ............	
    00 00 00 00 00 00 00 00 00 00 00 00 00 00 00 00   ................	
    00 00 00 00 55                                    ....U           	
[20/02/2026 16:03:48] Read data (COM4)	
    50 00 81 84 00 00 00 00 00 00 00 00 00 00 00 00   P.ÅÑ............	
    00 00 00 00 00 00 0b 04 00 00 00 0b 04 00 00 00   ................	
    09 00 00 00 7c                                    ....|           	
[20/02/2026 16:03:49] Written data (COM4)	
    50 00 81 95 00 00 00 00 00 00 00 00 00 00 00 00   P.Åï............	
    00 00 00 00 00 00 00 00 00 00 00 00 00 00 00 00   ................	
    00 00 00 00 66                                    ....f           	
[20/02/2026 16:03:49] Read data (COM4)	
    50 00 81 95 00 0b 04 00 00 00 0b 04 00 00 00 09   P.Åï............	
    00 00 00 00 09 00 00 00 04 99 02 97 02 99 02 98   .........ô.ó.ô.ò	
    02 98 02 98 35                                    .ò.ò5           	
[20/02/2026 16:03:49] Written data (COM4)	
    50 00 81 44 00 00 00 00 00 00 00 00 00 00 00 00   P.ÅD............	
    00 00 00 00 00 00 00 00 00 00 00 00 00 00 00 00   ................	
    00 00 00 00 15                                    .....           	
[20/02/2026 16:03:49] Read data (COM4)	
    50 00 81 44 08 00 00 00 01 14 1a 02 14 0f 39 20   P.ÅD..........9 	
    c5 94 98 00 00 00 00 00 00 00 00 00 00 00 00 00   ≈îò.............	
    00 00 00 00 bb                                    ....ª           	
[20/02/2026 16:03:49] Written data (COM4)	
    50 00 81 64 00 00 00 00 00 00 00 00 00 00 00 00   P.Åd............	
    00 00 00 00 00 00 00 00 00 00 00 00 00 00 00 00   ................	
    00 00 00 00 35                                    ....5           	
[20/02/2026 16:03:49] Read data (COM4)	
    50 00 81 64 00 00 80 00 00 00 00 00 00 00 00 00   P.Åd..Ä.........	
    00 00 00 00 00 00 00 00 00 00 00 00 00 00 00 00   ................	
    00 00 00 00 b5                                    ....µ           	
[20/02/2026 16:03:49] Written data (COM4)	
    50 00 81 84 00 00 00 00 00 00 00 00 00 00 00 00   P.ÅÑ............	
    00 00 00 00 00 00 00 00 00 00 00 00 00 00 00 00   ................	
    00 00 00 00 55                                    ....U           	
[20/02/2026 16:03:49] Read data (COM4)	
    50 00 81 84 00 00 00 00 00 00 00 00 00 00 00 00   P.ÅÑ............	
    00 00 00 00 00 00 0b 04 00 00 00 0b 04 00 00 00   ................	
    09 00 00 00 7c                                    ....|           	
[20/02/2026 16:03:49] Written data (COM4)	
    50 00 81 95 00 00 00 00 00 00 00 00 00 00 00 00   P.Åï............	
    00 00 00 00 00 00 00 00 00 00 00 00 00 00 00 00   ................	
    00 00 00 00 66                                    ....f           	
[20/02/2026 16:03:49] Read data (COM4)	
    50 00 81 95 00 0b 04 00 00 00 0b 04 00 00 00 09   P.Åï............	
    00 00 00 00 09 00 00 00 04 99 02 97 02 99 02 98   .........ô.ó.ô.ò	
    02 98 02 98 35                                    .ò.ò5           	
[20/02/2026 16:03:50] Written data (COM4)	
    50 00 81 44 00 00 00 00 00 00 00 00 00 00 00 00   P.ÅD............	
    00 00 00 00 00 00 00 00 00 00 00 00 00 00 00 00   ................	
    00 00 00 00 15                                    .....           	
[20/02/2026 16:03:50] Read data (COM4)	
    50 00 81 44 08 00 00 00 01 14 1a 02 14 0f 39 21   P.ÅD..........9!	
    c4 94 98 00 00 00 00 00 00 00 00 00 00 00 00 00   ƒîò.............	
    00 00 00 00 bb                                    ....ª           	
[20/02/2026 16:03:50] Written data (COM4)	
    50 00 81 64 00 00 00 00 00 00 00 00 00 00 00 00   P.Åd............	
    00 00 00 00 00 00 00 00 00 00 00 00 00 00 00 00   ................	
    00 00 00 00 35                                    ....5           	
[20/02/2026 16:03:50] Read data (COM4)	
    50 00 81 64 00 00 80 00 00 00 00 00 00 00 00 00   P.Åd..Ä.........	
    00 00 00 00 00 00 00 00 00 00 00 00 00 00 00 00   ................	
    00 00 00 00 b5                                    ....µ           	
[20/02/2026 16:03:50] Written data (COM4)	
    50 00 81 84 00 00 00 00 00 00 00 00 00 00 00 00   P.ÅÑ............	
    00 00 00 00 00 00 00 00 00 00 00 00 00 00 00 00   ................	
    00 00 00 00 55                                    ....U           	
[20/02/2026 16:03:50] Read data (COM4)	
    50 00 81 84 00 00 00 00 00 00 00 00 00 00 00 00   P.ÅÑ............	
    00 00 00 00 00 00 0b 04 00 00 00 0b 04 00 00 00   ................	
    09 00 00 00 7c                                    ....|           	
[20/02/2026 16:03:50] Written data (COM4)	
    50 00 81 95 00 00 00 00 00 00 00 00 00 00 00 00   P.Åï............	
    00 00 00 00 00 00 00 00 00 00 00 00 00 00 00 00   ................	
    00 00 00 00 66                                    ....f           	
[20/02/2026 16:03:50] Read data (COM4)	
    50 00 81 95 00 0b 04 00 00 00 0b 04 00 00 00 09   P.Åï............	
    00 00 00 00 09 00 00 00 04 99 02 97 02 99 02 98   .........ô.ó.ô.ò	
    02 98 02 98 35                                    .ò.ò5           	
[20/02/2026 16:03:50] Written data (COM4)	
    50 00 81 44 00 00 00 00 00 00 00 00 00 00 00 00   P.ÅD............	
    00 00 00 00 00 00 00 00 00 00 00 00 00 00 00 00   ................	
    00 00 00 00 15                                    .....           	
[20/02/2026 16:03:50] Read data (COM4)	
    50 00 81 44 08 00 00 00 01 14 1a 02 14 0f 39 21   P.ÅD..........9!	
    c5 94 98 00 00 00 00 00 00 00 00 00 00 00 00 00   ≈îò.............	
    00 00 00 00 bc                                    ....º           	
[20/02/2026 16:03:51] Written data (COM4)	
    50 00 81 64 00 00 00 00 00 00 00 00 00 00 00 00   P.Åd............	
    00 00 00 00 00 00 00 00 00 00 00 00 00 00 00 00   ................	
    00 00 00 00 35                                    ....5           	
[20/02/2026 16:03:51] Read data (COM4)	
    50 00 81 64 00 00 80 00 00 00 00 00 00 00 00 00   P.Åd..Ä.........	
    00 00 00 00 00 00 00 00 00 00 00 00 00 00 00 00   ................	
    00 00 00 00 b5                                    ....µ           	
[20/02/2026 16:03:51] Written data (COM4)	
    50 00 81 84 00 00 00 00 00 00 00 00 00 00 00 00   P.ÅÑ............	
    00 00 00 00 00 00 00 00 00 00 00 00 00 00 00 00   ................	
    00 00 00 00 55                                    ....U           	
[20/02/2026 16:03:51] Read data (COM4)	
    50 00 81 84 00 00 00 00 00 00 00 00 00 00 00 00   P.ÅÑ............	
    00 00 00 00 00 00 0b 04 00 00 00 0b 04 00 00 00   ................	
    09 00 00 00 7c                                    ....|           	
[20/02/2026 16:03:51] Written data (COM4)	
    50 00 81 95 00 00 00 00 00 00 00 00 00 00 00 00   P.Åï............	
    00 00 00 00 00 00 00 00 00 00 00 00 00 00 00 00   ................	
    00 00 00 00 66                                    ....f           	
[20/02/2026 16:03:51] Read data (COM4)	
    50 00 81 95 00 0b 04 00 00 00 0b 04 00 00 00 09   P.Åï............	
    00 00 00 00 09 00 00 00 04 99 02 97 02 99 02 98   .........ô.ó.ô.ò	
    02 98 02 98 35                                    .ò.ò5           	
[20/02/2026 16:03:51] Written data (COM4)	
    50 00 81 44 00 00 00 00 00 00 00 00 00 00 00 00   P.ÅD............	
    00 00 00 00 00 00 00 00 00 00 00 00 00 00 00 00   ................	
    00 00 00 00 15                                    .....           	
[20/02/2026 16:03:51] Read data (COM4)	
    50 00 81 44 08 00 00 00 01 14 1a 02 14 0f 39 22   P.ÅD..........9"	
    c5 94 98 00 00 00 00 00 00 00 00 00 00 00 00 00   ≈îò.............	
    00 00 00 00 bd                                    ....Ω           	
[20/02/2026 16:03:51] Written data (COM4)	
    50 00 81 64 00 00 00 00 00 00 00 00 00 00 00 00   P.Åd............	
    00 00 00 00 00 00 00 00 00 00 00 00 00 00 00 00   ................	
    00 00 00 00 35                                    ....5           	
[20/02/2026 16:03:52] Read data (COM4)	
    50 00 81 64 00 00 80 00 00 00 00 00 00 00 00 00   P.Åd..Ä.........	
    00 00 00 00 00 00 00 00 00 00 00 00 00 00 00 00   ................	
    00 00 00 00 b5                                    ....µ           	
[20/02/2026 16:03:52] Written data (COM4)	
    50 00 81 84 00 00 00 00 00 00 00 00 00 00 00 00   P.ÅÑ............	
    00 00 00 00 00 00 00 00 00 00 00 00 00 00 00 00   ................	
    00 00 00 00 55                                    ....U           	
[20/02/2026 16:03:52] Read data (COM4)	
    50 00 81 84 00 00 00 00 00 00 00 00 00 00 00 00   P.ÅÑ............	
    00 00 00 00 00 00 0b 04 00 00 00 0b 04 00 00 00   ................	
    09 00 00 00 7c                                    ....|           	
[20/02/2026 16:03:52] Written data (COM4)	
    50 00 81 95 00 00 00 00 00 00 00 00 00 00 00 00   P.Åï............	
    00 00 00 00 00 00 00 00 00 00 00 00 00 00 00 00   ................	
    00 00 00 00 66                                    ....f           	
[20/02/2026 16:03:52] Read data (COM4)	
    50 00 81 95 00 0b 04 00 00 00 0b 04 00 00 00 09   P.Åï............	
    00 00 00 00 09 00 00 00 04 99 02 97 02 99 02 98   .........ô.ó.ô.ò	
    02 98 02 98 35                                    .ò.ò5           	
[20/02/2026 16:03:52] Written data (COM4)	
    50 00 81 44 00 00 00 00 00 00 00 00 00 00 00 00   P.ÅD............	
    00 00 00 00 00 00 00 00 00 00 00 00 00 00 00 00   ................	
    00 00 00 00 15                                    .....           	
[20/02/2026 16:03:52] Read data (COM4)	
    50 00 81 44 08 00 00 00 01 14 1a 02 14 0f 39 23   P.ÅD..........9#	
    c5 94 98 00 00 00 00 00 00 00 00 00 00 00 00 00   ≈îò.............	
    00 00 00 00 be                                    ....æ           	
[20/02/2026 16:03:52] Written data (COM4)	
    50 00 81 64 00 00 00 00 00 00 00 00 00 00 00 00   P.Åd............	
    00 00 00 00 00 00 00 00 00 00 00 00 00 00 00 00   ................	
    00 00 00 00 35                                    ....5           	
[20/02/2026 16:03:52] Read data (COM4)	
    50 00 81 64 00 00 80 00 00 00 00 00 00 00 00 00   P.Åd..Ä.........	
    00 00 00 00 00 00 00 00 00 00 00 00 00 00 00 00   ................	
    00 00 00 00 b5                                    ....µ           	
[20/02/2026 16:03:53] Written data (COM4)	
    50 00 81 84 00 00 00 00 00 00 00 00 00 00 00 00   P.ÅÑ............	
    00 00 00 00 00 00 00 00 00 00 00 00 00 00 00 00   ................	
    00 00 00 00 55                                    ....U           	
[20/02/2026 16:03:53] Read data (COM4)	
    50 00 81 84 00 00 00 00 00 00 00 00 00 00 00 00   P.ÅÑ............	
    00 00 00 00 00 00 0b 04 00 00 00 0b 04 00 00 00   ................	
    09 00 00 00 7c                                    ....|           	
[20/02/2026 16:03:53] Written data (COM4)	
    50 00 81 95 00 00 00 00 00 00 00 00 00 00 00 00   P.Åï............	
    00 00 00 00 00 00 00 00 00 00 00 00 00 00 00 00   ................	
    00 00 00 00 66                                    ....f           	
[20/02/2026 16:03:53] Read data (COM4)	
    50 00 81 95 00 0b 04 00 00 00 0b 04 00 00 00 09   P.Åï............	
    00 00 00 00 09 00 00 00 04 99 02 97 02 99 02 98   .........ô.ó.ô.ò	
    02 98 02 98 35                                    .ò.ò5           	
[20/02/2026 16:03:53] Written data (COM4)	
    50 00 81 44 00 00 00 00 00 00 00 00 00 00 00 00   P.ÅD............	
    00 00 00 00 00 00 00 00 00 00 00 00 00 00 00 00   ................	
    00 00 00 00 15                                    .....           	
[20/02/2026 16:03:53] Read data (COM4)	
    50 00 81 44 08 00 00 00 01 14 1a 02 14 0f 39 24   P.ÅD..........9$	
    c4 94 98 00 00 00 00 00 00 00 00 00 00 00 00 00   ƒîò.............	
    00 00 00 00 be                                    ....æ           	
[20/02/2026 16:03:53] Written data (COM4)	
    50 00 81 64 00 00 00 00 00 00 00 00 00 00 00 00   P.Åd............	
    00 00 00 00 00 00 00 00 00 00 00 00 00 00 00 00   ................	
    00 00 00 00 35                                    ....5           	
[20/02/2026 16:03:53] Read data (COM4)	
    50 00 81 64 00 00 80 00 00 00 00 00 00 00 00 00   P.Åd..Ä.........	
    00 00 00 00 00 00 00 00 00 00 00 00 00 00 00 00   ................	
    00 00 00 00 b5                                    ....µ           	
[20/02/2026 16:03:53] Written data (COM4)	
    50 00 81 84 00 00 00 00 00 00 00 00 00 00 00 00   P.ÅÑ............	
    00 00 00 00 00 00 00 00 00 00 00 00 00 00 00 00   ................	
    00 00 00 00 55                                    ....U           	
[20/02/2026 16:03:53] Read data (COM4)	
    50 00 81 84 00 00 00 00 00 00 00 00 00 00 00 00   P.ÅÑ............	
    00 00 00 00 00 00 0b 04 00 00 00 0b 04 00 00 00   ................	
    09 00 00 00 7c                                    ....|           	
[20/02/2026 16:03:54] Written data (COM4)	
    50 00 81 95 00 00 00 00 00 00 00 00 00 00 00 00   P.Åï............	
    00 00 00 00 00 00 00 00 00 00 00 00 00 00 00 00   ................	
    00 00 00 00 66                                    ....f           	
[20/02/2026 16:03:54] Read data (COM4)	
    50 00 81 95 00 0b 04 00 00 00 0b 04 00 00 00 09   P.Åï............	
    00 00 00 00 09 00 00 00 04 99 02 97 02 99 02 98   .........ô.ó.ô.ò	
    02 98 02 98 35                                    .ò.ò5           	
[20/02/2026 16:03:54] Written data (COM4)	
    50 00 81 44 00 00 00 00 00 00 00 00 00 00 00 00   P.ÅD............	
    00 00 00 00 00 00 00 00 00 00 00 00 00 00 00 00   ................	
    00 00 00 00 15                                    .....           	
[20/02/2026 16:03:54] Read data (COM4)	
    50 00 81 44 08 00 00 00 01 14 1a 02 14 0f 39 25   P.ÅD..........9%	
    c5 94 98 00 00 00 00 00 00 00 00 00 00 00 00 00   ≈îò.............	
    00 00 00 00 c0                                    ....¿           	
[20/02/2026 16:03:54] Written data (COM4)	
    50 00 81 64 00 00 00 00 00 00 00 00 00 00 00 00   P.Åd............	
    00 00 00 00 00 00 00 00 00 00 00 00 00 00 00 00   ................	
    00 00 00 00 35                                    ....5           	
[20/02/2026 16:03:54] Read data (COM4)	
    50 00 81 64 00 00 80 00 00 00 00 00 00 00 00 00   P.Åd..Ä.........	
    00 00 00 00 00 00 00 00 00 00 00 00 00 00 00 00   ................	
    00 00 00 00 b5                                    ....µ           	
[20/02/2026 16:03:54] Written data (COM4)	
    50 00 81 84 00 00 00 00 00 00 00 00 00 00 00 00   P.ÅÑ............	
    00 00 00 00 00 00 00 00 00 00 00 00 00 00 00 00   ................	
    00 00 00 00 55                                    ....U           	
[20/02/2026 16:03:54] Read data (COM4)	
    50 00 81 84 00 00 00 00 00 00 00 00 00 00 00 00   P.ÅÑ............	
    00 00 00 00 00 00 0b 04 00 00 00 0b 04 00 00 00   ................	
    09 00 00 00 7c                                    ....|           	
[20/02/2026 16:03:54] Written data (COM4)	
    50 00 81 95 00 00 00 00 00 00 00 00 00 00 00 00   P.Åï............	
    00 00 00 00 00 00 00 00 00 00 00 00 00 00 00 00   ................	
    00 00 00 00 66                                    ....f           	
[20/02/2026 16:03:54] Read data (COM4)	
    50 00 81 95 00 0b 04 00 00 00 0b 04 00 00 00 09   P.Åï............	
    00 00 00 00 09 00 00 00 04 99 02 97 02 99 02 98   .........ô.ó.ô.ò	
    02 98 02 98 35                                    .ò.ò5           	
[20/02/2026 16:03:55] Written data (COM4)	
    50 00 81 44 00 00 00 00 00 00 00 00 00 00 00 00   P.ÅD............	
    00 00 00 00 00 00 00 00 00 00 00 00 00 00 00 00   ................	
    00 00 00 00 15                                    .....           	
[20/02/2026 16:03:55] Read data (COM4)	
    50 00 81 44 08 00 00 00 01 14 1a 02 14 0f 39 26   P.ÅD..........9&	
    c5 94 98 00 00 00 00 00 00 00 00 00 00 00 00 00   ≈îò.............	
    00 00 00 00 c1                                    ....¡           	
[20/02/2026 16:03:55] Written data (COM4)	
    50 00 81 64 00 00 00 00 00 00 00 00 00 00 00 00   P.Åd............	
    00 00 00 00 00 00 00 00 00 00 00 00 00 00 00 00   ................	
    00 00 00 00 35                                    ....5           	
[20/02/2026 16:03:55] Read data (COM4)	
    50 00 81 64 00 00 80 00 00 00 00 00 00 00 00 00   P.Åd..Ä.........	
    00 00 00 00 00 00 00 00 00 00 00 00 00 00 00 00   ................	
    00 00 00 00 b5                                    ....µ           	
[20/02/2026 16:03:55] Written data (COM4)	
    50 00 81 84 00 00 00 00 00 00 00 00 00 00 00 00   P.ÅÑ............	
    00 00 00 00 00 00 00 00 00 00 00 00 00 00 00 00   ................	
    00 00 00 00 55                                    ....U           	
[20/02/2026 16:03:55] Read data (COM4)	
    50 00 81 84 00 00 00 00 00 00 00 00 00 00 00 00   P.ÅÑ............	
    00 00 00 00 00 00 0b 04 00 00 00 0b 04 00 00 00   ................	
    09 00 00 00 7c                                    ....|           	
[20/02/2026 16:03:55] Written data (COM4)	
    50 00 81 95 00 00 00 00 00 00 00 00 00 00 00 00   P.Åï............	
    00 00 00 00 00 00 00 00 00 00 00 00 00 00 00 00   ................	
    00 00 00 00 66                                    ....f           	
[20/02/2026 16:03:55] Read data (COM4)	
    50 00 81 95 00 0b 04 00 00 00 0b 04 00 00 00 09   P.Åï............	
    00 00 00 00 09 00 00 00 04 99 02 97 02 99 02 98   .........ô.ó.ô.ò	
    02 98 02 98 35                                    .ò.ò5           	
[20/02/2026 16:03:55] Written data (COM4)	
    50 00 81 44 00 00 00 00 00 00 00 00 00 00 00 00   P.ÅD............	
    00 00 00 00 00 00 00 00 00 00 00 00 00 00 00 00   ................	
    00 00 00 00 15                                    .....           	
[20/02/2026 16:03:55] Read data (COM4)	
    50 00 81 44 08 00 00 00 01 14 1a 02 14 0f 39 26   P.ÅD..........9&	
    c5 94 98 00 00 00 00 00 00 00 00 00 00 00 00 00   ≈îò.............	
    00 00 00 00 c1                                    ....¡           	
[20/02/2026 16:03:56] Written data (COM4)	
    50 00 81 64 00 00 00 00 00 00 00 00 00 00 00 00   P.Åd............	
    00 00 00 00 00 00 00 00 00 00 00 00 00 00 00 00   ................	
    00 00 00 00 35                                    ....5           	
[20/02/2026 16:03:56] Read data (COM4)	
    50 00 81 64 00 00 80 00 00 00 00 00 00 00 00 00   P.Åd..Ä.........	
    00 00 00 00 00 00 00 00 00 00 00 00 00 00 00 00   ................	
    00 00 00 00 b5                                    ....µ           	
[20/02/2026 16:03:56] Written data (COM4)	
    50 00 81 84 00 00 00 00 00 00 00 00 00 00 00 00   P.ÅÑ............	
    00 00 00 00 00 00 00 00 00 00 00 00 00 00 00 00   ................	
    00 00 00 00 55                                    ....U           	
[20/02/2026 16:03:56] Read data (COM4)	
    50 00 81 84 00 00 00 00 00 00 00 00 00 00 00 00   P.ÅÑ............	
    00 00 00 00 00 00 0b 04 00 00 00 0b 04 00 00 00   ................	
    09 00 00 00 7c                                    ....|           	
[20/02/2026 16:03:56] Written data (COM4)	
    50 00 81 95 00 00 00 00 00 00 00 00 00 00 00 00   P.Åï............	
    00 00 00 00 00 00 00 00 00 00 00 00 00 00 00 00   ................	
    00 00 00 00 66                                    ....f           	
[20/02/2026 16:03:56] Read data (COM4)	
    50 00 81 95 00 0b 04 00 00 00 0b 04 00 00 00 09   P.Åï............	
    00 00 00 00 09 00 00 00 04 99 02 97 02 99 02 98   .........ô.ó.ô.ò	
    02 98 02 98 35                                    .ò.ò5           	
[20/02/2026 16:03:56] Written data (COM4)	
    50 00 81 44 00 00 00 00 00 00 00 00 00 00 00 00   P.ÅD............	
    00 00 00 00 00 00 00 00 00 00 00 00 00 00 00 00   ................	
    00 00 00 00 15                                    .....           	
[20/02/2026 16:03:56] Read data (COM4)	
    50 00 81 44 08 00 00 00 01 14 1a 02 14 0f 39 27   P.ÅD..........9'	
    c5 94 98 00 00 00 00 00 00 00 00 00 00 00 00 00   ≈îò.............	
    00 00 00 00 c2                                    ....¬           	
[20/02/2026 16:03:56] Written data (COM4)	
    40 00 06 00 00 00 00 00 00 00 00 00 00 00 00 00   @...............	
    00 00 00 00 00 00 00 00 00 00 00 00 00 00 00 00   ................	
    00 00 00 00 46                                    ....F           	
[20/02/2026 16:03:56] Read data (COM4)	
    40 00 06 00 00 00 00 00 00 00 00 00 00 00 00 00   @...............	
    00 00 00 00 00 00 00 00 00 00 00 00 00 00 00 00   ................	
    00 00 00 00 46                                    ....F           	
[20/02/2026 16:03:57] Written data (COM4)	
    50 00 81 64 00 00 00 00 00 00 00 00 00 00 00 00   P.Åd............	
    00 00 00 00 00 00 00 00 00 00 00 00 00 00 00 00   ................	
    00 00 00 00 35                                    ....5           	
[20/02/2026 16:03:57] Read data (COM4)	
    50 00 81 64 00 00 80 00 00 00 00 00 00 00 00 00   P.Åd..Ä.........	
    00 00 00 00 00 00 00 00 00 00 00 00 00 00 00 00   ................	
    00 00 00 00 b5                                    ....µ           	
[20/02/2026 16:03:57] Written data (COM4)	
    50 00 81 84 00 00 00 00 00 00 00 00 00 00 00 00   P.ÅÑ............	
    00 00 00 00 00 00 00 00 00 00 00 00 00 00 00 00   ................	
    00 00 00 00 55                                    ....U           	
[20/02/2026 16:03:57] Read data (COM4)	
    50 00 81 84 00 00 00 00 00 00 00 00 00 00 00 00   P.ÅÑ............	
    00 00 00 00 00 00 0b 04 00 00 00 09 00 00 00 00   ................	
    09 00 00 00 76                                    ....v           	
[20/02/2026 16:03:57] Written data (COM4)	
    50 00 81 95 00 00 00 00 00 00 00 00 00 00 00 00   P.Åï............	
    00 00 00 00 00 00 00 00 00 00 00 00 00 00 00 00   ................	
    00 00 00 00 66                                    ....f           	
[20/02/2026 16:03:57] Read data (COM4)	
    50 00 81 95 00 0b 04 00 00 00 09 00 00 00 00 09   P.Åï............	
    00 00 00 00 09 00 00 00 04 9a 02 97 02 9a 02 98   .........ö.ó.ö.ò	
    02 98 02 98 31                                    .ò.ò1           	
[20/02/2026 16:03:57] Written data (COM4)	
    50 00 81 44 00 00 00 00 00 00 00 00 00 00 00 00   P.ÅD............	
    00 00 00 00 00 00 00 00 00 00 00 00 00 00 00 00   ................	
    00 00 00 00 15                                    .....           	
[20/02/2026 16:03:57] Read data (COM4)	
    50 00 81 44 08 00 00 00 01 14 1a 02 14 0f 39 28   P.ÅD..........9(	
    c5 94 99 00 00 00 00 00 00 00 00 00 00 00 00 00   ≈îô.............	
    00 00 00 00 c4                                    ....ƒ           	
[20/02/2026 16:03:57] Written data (COM4)	
    50 00 81 64 00 00 00 00 00 00 00 00 00 00 00 00   P.Åd............	
    00 00 00 00 00 00 00 00 00 00 00 00 00 00 00 00   ................	
    00 00 00 00 35                                    ....5           	
[20/02/2026 16:03:57] Read data (COM4)	
    50 00 81 64 00 00 80 00 00 00 00 00 00 00 00 00   P.Åd..Ä.........	
    00 00 00 00 00 00 00 00 00 00 00 00 00 00 00 00   ................	
    00 00 00 00 b5                                    ....µ           	
[20/02/2026 16:03:58] Written data (COM4)	
    50 00 81 84 00 00 00 00 00 00 00 00 00 00 00 00   P.ÅÑ............	
    00 00 00 00 00 00 00 00 00 00 00 00 00 00 00 00   ................	
    00 00 00 00 55                                    ....U           	
[20/02/2026 16:03:58] Read data (COM4)	
    50 00 81 84 00 00 00 00 00 00 00 00 00 00 00 00   P.ÅÑ............	
    00 00 00 00 00 00 0b 04 00 00 00 09 00 00 00 00   ................	
    09 00 00 00 76                                    ....v           	
[20/02/2026 16:03:58] Written data (COM4)	
    50 00 81 95 00 00 00 00 00 00 00 00 00 00 00 00   P.Åï............	
    00 00 00 00 00 00 00 00 00 00 00 00 00 00 00 00   ................	
    00 00 00 00 66                                    ....f           	
[20/02/2026 16:03:58] Read data (COM4)	
    50 00 81 95 00 0b 04 00 00 00 09 00 00 00 00 09   P.Åï............	
    00 00 00 00 09 00 00 00 04 9a 02 97 02 9a 02 98   .........ö.ó.ö.ò	
    02 98 02 98 31                                    .ò.ò1           	
[20/02/2026 16:03:58] Written data (COM4)	
    50 00 81 44 00 00 00 00 00 00 00 00 00 00 00 00   P.ÅD............	
    00 00 00 00 00 00 00 00 00 00 00 00 00 00 00 00   ................	
    00 00 00 00 15                                    .....           	
[20/02/2026 16:03:58] Read data (COM4)	
    50 00 81 44 08 00 00 00 01 14 1a 02 14 0f 39 29   P.ÅD..........9)	
    c4 94 98 00 00 00 00 00 00 00 00 00 00 00 00 00   ƒîò.............	
    00 00 00 00 c3                                    ....√           	
[20/02/2026 16:03:58] Written data (COM4)	
    50 00 81 64 00 00 00 00 00 00 00 00 00 00 00 00   P.Åd............	
    00 00 00 00 00 00 00 00 00 00 00 00 00 00 00 00   ................	
    00 00 00 00 35                                    ....5           	
[20/02/2026 16:03:58] Read data (COM4)	
    50 00 81 64 00 00 80 00 00 00 00 00 00 00 00 00   P.Åd..Ä.........	
    00 00 00 00 00 00 00 00 00 00 00 00 00 00 00 00   ................	
    00 00 00 00 b5                                    ....µ           	
[20/02/2026 16:03:58] Written data (COM4)	
    50 00 81 84 00 00 00 00 00 00 00 00 00 00 00 00   P.ÅÑ............	
    00 00 00 00 00 00 00 00 00 00 00 00 00 00 00 00   ................	
    00 00 00 00 55                                    ....U           	
[20/02/2026 16:03:59] Read data (COM4)	
    50 00 81 84 00 00 00 00 00 00 00 00 00 00 00 00   P.ÅÑ............	
    00 00 00 00 00 00 0b 04 00 00 00 09 00 00 00 00   ................	
    09 00 00 00 76                                    ....v           	
[20/02/2026 16:03:59] Written data (COM4)	
    50 00 81 95 00 00 00 00 00 00 00 00 00 00 00 00   P.Åï............	
    00 00 00 00 00 00 00 00 00 00 00 00 00 00 00 00   ................	
    00 00 00 00 66                                    ....f           	
[20/02/2026 16:03:59] Read data (COM4)	
    50 00 81 95 00 0b 04 00 00 00 09 00 00 00 00 09   P.Åï............	
    00 00 00 00 09 00 00 00 04 9a 02 97 02 9a 02 98   .........ö.ó.ö.ò	
    02 98 02 98 31                                    .ò.ò1           	
[20/02/2026 16:03:59] Written data (COM4)	
    50 00 81 44 00 00 00 00 00 00 00 00 00 00 00 00   P.ÅD............	
    00 00 00 00 00 00 00 00 00 00 00 00 00 00 00 00   ................	
    00 00 00 00 15                                    .....           	
[20/02/2026 16:03:59] Read data (COM4)	
    50 00 81 44 08 00 00 00 01 14 1a 02 14 0f 39 2a   P.ÅD..........9*	
    c5 94 98 00 00 00 00 00 00 00 00 00 00 00 00 00   ≈îò.............	
    00 00 00 00 c5                                    ....≈           	
[20/02/2026 16:03:59] Written data (COM4)	
    50 00 81 64 00 00 00 00 00 00 00 00 00 00 00 00   P.Åd............	
    00 00 00 00 00 00 00 00 00 00 00 00 00 00 00 00   ................	
    00 00 00 00 35                                    ....5           	
[20/02/2026 16:03:59] Read data (COM4)	
    50 00 81 64 00 00 80 00 00 00 00 00 00 00 00 00   P.Åd..Ä.........	
    00 00 00 00 00 00 00 00 00 00 00 00 00 00 00 00   ................	
    00 00 00 00 b5                                    ....µ           	
[20/02/2026 16:03:59] Written data (COM4)	
    50 00 81 84 00 00 00 00 00 00 00 00 00 00 00 00   P.ÅÑ............	
    00 00 00 00 00 00 00 00 00 00 00 00 00 00 00 00   ................	
    00 00 00 00 55                                    ....U           	
[20/02/2026 16:03:59] Read data (COM4)	
    50 00 81 84 00 00 00 00 00 00 00 00 00 00 00 00   P.ÅÑ............	
    00 00 00 00 00 00 0b 04 00 00 00 09 00 00 00 00   ................	
    09 00 00 00 76                                    ....v           	
[20/02/2026 16:04:00] Written data (COM4)	
    50 00 81 95 00 00 00 00 00 00 00 00 00 00 00 00   P.Åï............	
    00 00 00 00 00 00 00 00 00 00 00 00 00 00 00 00   ................	
    00 00 00 00 66                                    ....f           	
[20/02/2026 16:04:00] Read data (COM4)	
    50 00 81 95 00 0b 04 00 00 00 09 00 00 00 00 09   P.Åï............	
    00 00 00 00 09 00 00 00 04 9a 02 97 02 9a 02 98   .........ö.ó.ö.ò	
    02 98 02 98 31                                    .ò.ò1           	
[20/02/2026 16:04:00] Written data (COM4)	
    50 00 81 44 00 00 00 00 00 00 00 00 00 00 00 00   P.ÅD............	
    00 00 00 00 00 00 00 00 00 00 00 00 00 00 00 00   ................	
    00 00 00 00 15                                    .....           	
[20/02/2026 16:04:00] Read data (COM4)	
    50 00 81 44 08 00 00 00 01 14 1a 02 14 0f 39 2b   P.ÅD..........9+	
    c5 94 98 00 00 00 00 00 00 00 00 00 00 00 00 00   ≈îò.............	
    00 00 00 00 c6                                    ....∆           	
[20/02/2026 16:04:00] Written data (COM4)	
    50 00 81 64 00 00 00 00 00 00 00 00 00 00 00 00   P.Åd............	
    00 00 00 00 00 00 00 00 00 00 00 00 00 00 00 00   ................	
    00 00 00 00 35                                    ....5           	
[20/02/2026 16:04:00] Read data (COM4)	
    50 00 81 64 00 00 80 00 00 00 00 00 00 00 00 00   P.Åd..Ä.........	
    00 00 00 00 00 00 00 00 00 00 00 00 00 00 00 00   ................	
    00 00 00 00 b5                                    ....µ           	
[20/02/2026 16:04:00] Written data (COM4)	
    50 00 81 84 00 00 00 00 00 00 00 00 00 00 00 00   P.ÅÑ............	
    00 00 00 00 00 00 00 00 00 00 00 00 00 00 00 00   ................	
    00 00 00 00 55                                    ....U           	
[20/02/2026 16:04:00] Read data (COM4)	
    50 00 81 84 00 00 00 00 00 00 00 00 00 00 00 00   P.ÅÑ............	
    00 00 00 00 00 00 0b 04 00 00 00 09 00 00 00 00   ................	
    09 00 00 00 76                                    ....v           	
[20/02/2026 16:04:00] Written data (COM4)	
    50 00 81 95 00 00 00 00 00 00 00 00 00 00 00 00   P.Åï............	
    00 00 00 00 00 00 00 00 00 00 00 00 00 00 00 00   ................	
    00 00 00 00 66                                    ....f           	
[20/02/2026 16:04:00] Read data (COM4)	
    50 00 81 95 00 0b 04 00 00 00 09 00 00 00 00 09   P.Åï............	
    00 00 00 00 09 00 00 00 04 9a 02 97 02 9a 02 98   .........ö.ó.ö.ò	
    02 98 02 98 31                                    .ò.ò1           	
[20/02/2026 16:04:01] Written data (COM4)	
    50 00 81 44 00 00 00 00 00 00 00 00 00 00 00 00   P.ÅD............	
    00 00 00 00 00 00 00 00 00 00 00 00 00 00 00 00   ................	
    00 00 00 00 15                                    .....           	
[20/02/2026 16:04:01] Read data (COM4)	
    50 00 81 44 08 00 00 00 01 14 1a 02 14 0f 39 2c   P.ÅD..........9,	
    c5 94 99 00 00 00 00 00 00 00 00 00 00 00 00 00   ≈îô.............	
    00 00 00 00 c8                                    ....»           	
[20/02/2026 16:04:01] Written data (COM4)	
    50 00 81 64 00 00 00 00 00 00 00 00 00 00 00 00   P.Åd............	
    00 00 00 00 00 00 00 00 00 00 00 00 00 00 00 00   ................	
    00 00 00 00 35                                    ....5           	
[20/02/2026 16:04:01] Read data (COM4)	
    50 00 81 64 00 00 80 00 00 00 00 00 00 00 00 00   P.Åd..Ä.........	
    00 00 00 00 00 00 00 00 00 00 00 00 00 00 00 00   ................	
    00 00 00 00 b5                                    ....µ           	
[20/02/2026 16:04:01] Written data (COM4)	
    50 00 81 84 00 00 00 00 00 00 00 00 00 00 00 00   P.ÅÑ............	
    00 00 00 00 00 00 00 00 00 00 00 00 00 00 00 00   ................	
    00 00 00 00 55                                    ....U           	
[20/02/2026 16:04:01] Read data (COM4)	
    50 00 81 84 00 00 00 00 00 00 00 00 00 00 00 00   P.ÅÑ............	
    00 00 00 00 00 00 0b 04 00 00 00 09 00 00 00 00   ................	
    09 00 00 00 76                                    ....v           	
[20/02/2026 16:04:01] Written data (COM4)	
    50 00 81 95 00 00 00 00 00 00 00 00 00 00 00 00   P.Åï............	
    00 00 00 00 00 00 00 00 00 00 00 00 00 00 00 00   ................	
    00 00 00 00 66                                    ....f           	
[20/02/2026 16:04:01] Read data (COM4)	
    50 00 81 95 00 0b 04 00 00 00 09 00 00 00 00 09   P.Åï............	
    00 00 00 00 09 00 00 00 04 9a 02 97 02 9a 02 98   .........ö.ó.ö.ò	
    02 98 02 98 31                                    .ò.ò1           	
[20/02/2026 16:04:01] Written data (COM4)	
    50 00 81 44 00 00 00 00 00 00 00 00 00 00 00 00   P.ÅD............	
    00 00 00 00 00 00 00 00 00 00 00 00 00 00 00 00   ................	
    00 00 00 00 15                                    .....           	
[20/02/2026 16:04:01] Read data (COM4)	
    50 00 81 44 08 00 00 00 01 14 1a 02 14 0f 39 2c   P.ÅD..........9,	
    c5 94 99 00 00 00 00 00 00 00 00 00 00 00 00 00   ≈îô.............	
    00 00 00 00 c8                                    ....»           	
[20/02/2026 16:04:02] Written data (COM4)	
    50 00 81 64 00 00 00 00 00 00 00 00 00 00 00 00   P.Åd............	
    00 00 00 00 00 00 00 00 00 00 00 00 00 00 00 00   ................	
    00 00 00 00 35                                    ....5           	
[20/02/2026 16:04:02] Read data (COM4)	
    50 00 81 64 00 00 80 00 00 00 00 00 00 00 00 00   P.Åd..Ä.........	
    00 00 00 00 00 00 00 00 00 00 00 00 00 00 00 00   ................	
    00 00 00 00 b5                                    ....µ           	
[20/02/2026 16:04:02] Written data (COM4)	
    50 00 81 84 00 00 00 00 00 00 00 00 00 00 00 00   P.ÅÑ............	
    00 00 00 00 00 00 00 00 00 00 00 00 00 00 00 00   ................	
    00 00 00 00 55                                    ....U           	
[20/02/2026 16:04:02] Read data (COM4)	
    50 00 81 84 00 00 00 00 00 00 00 00 00 00 00 00   P.ÅÑ............	
    00 00 00 00 00 00 0b 04 00 00 00 09 00 00 00 00   ................	
    09 00 00 00 76                                    ....v           	
[20/02/2026 16:04:02] Written data (COM4)	
    50 00 81 95 00 00 00 00 00 00 00 00 00 00 00 00   P.Åï............	
    00 00 00 00 00 00 00 00 00 00 00 00 00 00 00 00   ................	
    00 00 00 00 66                                    ....f           	
[20/02/2026 16:04:02] Read data (COM4)	
    50 00 81 95 00 0b 04 00 00 00 09 00 00 00 00 09   P.Åï............	
    00 00 00 00 09 00 00 00 04 9a 02 97 02 9a 02 98   .........ö.ó.ö.ò	
    02 98 02 98 31                                    .ò.ò1           	
[20/02/2026 16:04:02] Written data (COM4)	
    50 00 81 44 00 00 00 00 00 00 00 00 00 00 00 00   P.ÅD............	
    00 00 00 00 00 00 00 00 00 00 00 00 00 00 00 00   ................	
    00 00 00 00 15                                    .....           	
[20/02/2026 16:04:02] Read data (COM4)	
    50 00 81 44 08 00 00 00 01 14 1a 02 14 0f 39 2d   P.ÅD..........9-	
    c5 94 99 00 00 00 00 00 00 00 00 00 00 00 00 00   ≈îô.............	
    00 00 00 00 c9                                    ....…           	
[20/02/2026 16:04:02] Written data (COM4)	
    50 00 81 64 00 00 00 00 00 00 00 00 00 00 00 00   P.Åd............	
    00 00 00 00 00 00 00 00 00 00 00 00 00 00 00 00   ................	
    00 00 00 00 35                                    ....5           	
[20/02/2026 16:04:02] Read data (COM4)	
    50 00 81 64 00 00 80 00 00 00 00 00 00 00 00 00   P.Åd..Ä.........	
    00 00 00 00 00 00 00 00 00 00 00 00 00 00 00 00   ................	
    00 00 00 00 b5                                    ....µ           	
[20/02/2026 16:04:03] Written data (COM4)	
    50 00 81 84 00 00 00 00 00 00 00 00 00 00 00 00   P.ÅÑ............	
    00 00 00 00 00 00 00 00 00 00 00 00 00 00 00 00   ................	
    00 00 00 00 55                                    ....U           	
[20/02/2026 16:04:03] Read data (COM4)	
    50 00 81 84 00 00 00 00 00 00 00 00 00 00 00 00   P.ÅÑ............	
    00 00 00 00 00 00 0b 04 00 00 00 09 00 00 00 00   ................	
    09 00 00 00 76                                    ....v           	
[20/02/2026 16:04:03] Written data (COM4)	
    50 00 81 95 00 00 00 00 00 00 00 00 00 00 00 00   P.Åï............	
    00 00 00 00 00 00 00 00 00 00 00 00 00 00 00 00   ................	
    00 00 00 00 66                                    ....f           	
[20/02/2026 16:04:03] Read data (COM4)	
    50 00 81 95 00 0b 04 00 00 00 09 00 00 00 00 09   P.Åï............	
    00 00 00 00 09 00 00 00 04 9a 02 97 02 9a 02 98   .........ö.ó.ö.ò	
    02 98 02 98 31                                    .ò.ò1           	
[20/02/2026 16:04:03] Written data (COM4)	
    50 00 81 44 00 00 00 00 00 00 00 00 00 00 00 00   P.ÅD............	
    00 00 00 00 00 00 00 00 00 00 00 00 00 00 00 00   ................	
    00 00 00 00 15                                    .....           	
[20/02/2026 16:04:03] Read data (COM4)	
    50 00 81 44 08 00 00 00 01 14 1a 02 14 0f 39 2e   P.ÅD..........9.	
    c5 94 99 00 00 00 00 00 00 00 00 00 00 00 00 00   ≈îô.............	
    00 00 00 00 ca                                    ....            	
[20/02/2026 16:04:03] Written data (COM4)	
    50 00 81 64 00 00 00 00 00 00 00 00 00 00 00 00   P.Åd............	
    00 00 00 00 00 00 00 00 00 00 00 00 00 00 00 00   ................	
    00 00 00 00 35                                    ....5           	
[20/02/2026 16:04:03] Read data (COM4)	
    50 00 81 64 00 00 80 00 00 00 00 00 00 00 00 00   P.Åd..Ä.........	
    00 00 00 00 00 00 00 00 00 00 00 00 00 00 00 00   ................	
    00 00 00 00 b5                                    ....µ           	
[20/02/2026 16:04:03] Written data (COM4)	
    50 00 81 84 00 00 00 00 00 00 00 00 00 00 00 00   P.ÅÑ............	
    00 00 00 00 00 00 00 00 00 00 00 00 00 00 00 00   ................	
    00 00 00 00 55                                    ....U           	
[20/02/2026 16:04:03] Read data (COM4)	
    50 00 81 84 00 00 00 00 00 00 00 00 00 00 00 00   P.ÅÑ............	
    00 00 00 00 00 00 0b 04 00 00 00 09 00 00 00 00   ................	
    09 00 00 00 76                                    ....v           	
[20/02/2026 16:04:04] Written data (COM4)	
    50 00 81 95 00 00 00 00 00 00 00 00 00 00 00 00   P.Åï............	
    00 00 00 00 00 00 00 00 00 00 00 00 00 00 00 00   ................	
    00 00 00 00 66                                    ....f           	
[20/02/2026 16:04:04] Read data (COM4)	
    50 00 81 95 00 0b 04 00 00 00 09 00 00 00 00 09   P.Åï............	
    00 00 00 00 09 00 00 00 04 9a 02 97 02 9a 02 98   .........ö.ó.ö.ò	
    02 98 02 98 31                                    .ò.ò1           	
[20/02/2026 16:04:04] Written data (COM4)	
    50 00 81 44 00 00 00 00 00 00 00 00 00 00 00 00   P.ÅD............	
    00 00 00 00 00 00 00 00 00 00 00 00 00 00 00 00   ................	
    00 00 00 00 15                                    .....           	
[20/02/2026 16:04:04] Read data (COM4)	
    50 00 81 44 08 00 00 00 01 14 1a 02 14 0f 39 2f   P.ÅD..........9/	
    c5 94 99 00 00 00 00 00 00 00 00 00 00 00 00 00   ≈îô.............	
    00 00 00 00 cb                                    ....À           	
[20/02/2026 16:04:04] Written data (COM4)	
    50 00 81 64 00 00 00 00 00 00 00 00 00 00 00 00   P.Åd............	
    00 00 00 00 00 00 00 00 00 00 00 00 00 00 00 00   ................	
    00 00 00 00 35                                    ....5           	
[20/02/2026 16:04:04] Read data (COM4)	
    50 00 81 64 00 00 80 00 00 00 00 00 00 00 00 00   P.Åd..Ä.........	
    00 00 00 00 00 00 00 00 00 00 00 00 00 00 00 00   ................	
    00 00 00 00 b5                                    ....µ           	
[20/02/2026 16:04:04] Written data (COM4)	
    50 00 81 84 00 00 00 00 00 00 00 00 00 00 00 00   P.ÅÑ............	
    00 00 00 00 00 00 00 00 00 00 00 00 00 00 00 00   ................	
    00 00 00 00 55                                    ....U           	
[20/02/2026 16:04:04] Read data (COM4)	
    50 00 81 84 00 00 00 00 00 00 00 00 00 00 00 00   P.ÅÑ............	
    00 00 00 00 00 00 0b 04 00 00 00 09 00 00 00 00   ................	
    09 00 00 00 76                                    ....v           	
[20/02/2026 16:04:04] Written data (COM4)	
    50 00 81 95 00 00 00 00 00 00 00 00 00 00 00 00   P.Åï............	
    00 00 00 00 00 00 00 00 00 00 00 00 00 00 00 00   ................	
    00 00 00 00 66                                    ....f           	
[20/02/2026 16:04:04] Read data (COM4)	
    50 00 81 95 00 0b 04 00 00 00 09 00 00 00 00 09   P.Åï............	
    00 00 00 00 09 00 00 00 04 9a 02 97 02 9a 02 98   .........ö.ó.ö.ò	
    02 98 02 98 31                                    .ò.ò1           	
[20/02/2026 16:04:05] Written data (COM4)	
    50 00 81 44 00 00 00 00 00 00 00 00 00 00 00 00   P.ÅD............	
    00 00 00 00 00 00 00 00 00 00 00 00 00 00 00 00   ................	
    00 00 00 00 15                                    .....           	
[20/02/2026 16:04:05] Read data (COM4)	
    50 00 81 44 08 00 00 00 01 14 1a 02 14 0f 39 30   P.ÅD..........90	
    c5 95 99 00 00 00 00 00 00 00 00 00 00 00 00 00   ≈ïô.............	
    00 00 00 00 cd                                    ....Õ           	
[20/02/2026 16:04:05] Written data (COM4)	
    50 00 81 64 00 00 00 00 00 00 00 00 00 00 00 00   P.Åd............	
    00 00 00 00 00 00 00 00 00 00 00 00 00 00 00 00   ................	
    00 00 00 00 35                                    ....5           	
[20/02/2026 16:04:05] Read data (COM4)	
    50 00 81 64 00 00 80 00 00 00 00 00 00 00 00 00   P.Åd..Ä.........	
    00 00 00 00 00 00 00 00 00 00 00 00 00 00 00 00   ................	
    00 00 00 00 b5                                    ....µ           	
[20/02/2026 16:04:05] Written data (COM4)	
    50 00 81 84 00 00 00 00 00 00 00 00 00 00 00 00   P.ÅÑ............	
    00 00 00 00 00 00 00 00 00 00 00 00 00 00 00 00   ................	
    00 00 00 00 55                                    ....U           	
[20/02/2026 16:04:05] Read data (COM4)	
    50 00 81 84 00 00 00 00 00 00 00 00 00 00 00 00   P.ÅÑ............	
    00 00 00 00 00 00 0b 04 00 00 00 09 00 00 00 00   ................	
    09 00 00 00 76                                    ....v           	
[20/02/2026 16:04:05] Written data (COM4)	
    50 00 81 95 00 00 00 00 00 00 00 00 00 00 00 00   P.Åï............	
    00 00 00 00 00 00 00 00 00 00 00 00 00 00 00 00   ................	
    00 00 00 00 66                                    ....f           	
[20/02/2026 16:04:05] Read data (COM4)	
    50 00 81 95 00 0b 04 00 00 00 09 00 00 00 00 09   P.Åï............	
    00 00 00 00 09 00 00 00 04 9a 02 97 02 9a 02 98   .........ö.ó.ö.ò	
    02 98 02 98 31                                    .ò.ò1           	
[20/02/2026 16:04:05] Written data (COM4)	
    50 00 81 44 00 00 00 00 00 00 00 00 00 00 00 00   P.ÅD............	
    00 00 00 00 00 00 00 00 00 00 00 00 00 00 00 00   ................	
    00 00 00 00 15                                    .....           	
[20/02/2026 16:04:06] Read data (COM4)	
    50 00 81 44 08 00 00 00 01 14 1a 02 14 0f 39 30   P.ÅD..........90	
    c5 94 99 00 00 00 00 00 00 00 00 00 00 00 00 00   ≈îô.............	
    00 00 00 00 cc                                    ....Ã           	
[20/02/2026 16:04:06] Written data (COM4)	
    50 00 81 64 00 00 00 00 00 00 00 00 00 00 00 00   P.Åd............	
    00 00 00 00 00 00 00 00 00 00 00 00 00 00 00 00   ................	
    00 00 00 00 35                                    ....5           	
[20/02/2026 16:04:06] Read data (COM4)	
    50 00 81 64 00 00 80 00 00 00 00 00 00 00 00 00   P.Åd..Ä.........	
    00 00 00 00 00 00 00 00 00 00 00 00 00 00 00 00   ................	
    00 00 00 00 b5                                    ....µ           	
[20/02/2026 16:04:06] Written data (COM4)	
    50 00 81 84 00 00 00 00 00 00 00 00 00 00 00 00   P.ÅÑ............	
    00 00 00 00 00 00 00 00 00 00 00 00 00 00 00 00   ................	
    00 00 00 00 55                                    ....U           	
[20/02/2026 16:04:06] Read data (COM4)	
    50 00 81 84 00 00 00 00 00 00 00 00 00 00 00 00   P.ÅÑ............	
    00 00 00 00 00 00 0b 04 00 00 00 09 00 00 00 00   ................	
    09 00 00 00 76                                    ....v           	
[20/02/2026 16:04:06] Written data (COM4)	
    50 00 81 95 00 00 00 00 00 00 00 00 00 00 00 00   P.Åï............	
    00 00 00 00 00 00 00 00 00 00 00 00 00 00 00 00   ................	
    00 00 00 00 66                                    ....f           	
[20/02/2026 16:04:06] Read data (COM4)	
    50 00 81 95 00 0b 04 00 00 00 09 00 00 00 00 09   P.Åï............	
    00 00 00 00 09 00 00 00 04 9a 02 97 02 9a 02 98   .........ö.ó.ö.ò	
    02 98 02 98 31                                    .ò.ò1           	
[20/02/2026 16:04:06] Written data (COM4)	
    50 00 81 44 00 00 00 00 00 00 00 00 00 00 00 00   P.ÅD............	
    00 00 00 00 00 00 00 00 00 00 00 00 00 00 00 00   ................	
    00 00 00 00 15                                    .....           	
[20/02/2026 16:04:06] Read data (COM4)	
    50 00 81 44 08 00 00 00 01 14 1a 02 14 0f 39 31   P.ÅD..........91	
    c4 94 97 00 00 00 00 00 00 00 00 00 00 00 00 00   ƒîó.............	
    00 00 00 00 ca                                    ....            	
[20/02/2026 16:04:07] Written data (COM4)	
    50 00 81 64 00 00 00 00 00 00 00 00 00 00 00 00   P.Åd............	
    00 00 00 00 00 00 00 00 00 00 00 00 00 00 00 00   ................	
    00 00 00 00 35                                    ....5           	
[20/02/2026 16:04:07] Read data (COM4)	
    50 00 81 64 00 00 80 00 00 00 00 00 00 00 00 00   P.Åd..Ä.........	
    00 00 00 00 00 00 00 00 00 00 00 00 00 00 00 00   ................	
    00 00 00 00 b5                                    ....µ           	
[20/02/2026 16:04:07] Written data (COM4)	
    50 00 81 84 00 00 00 00 00 00 00 00 00 00 00 00   P.ÅÑ............	
    00 00 00 00 00 00 00 00 00 00 00 00 00 00 00 00   ................	
    00 00 00 00 55                                    ....U           	
[20/02/2026 16:04:07] Read data (COM4)	
    50 00 81 84 00 00 00 00 00 00 00 00 00 00 00 00   P.ÅÑ............	
    00 00 00 00 00 00 0b 04 00 00 00 09 00 00 00 00   ................	
    09 00 00 00 76                                    ....v           	
[20/02/2026 16:04:07] Written data (COM4)	
    50 00 81 95 00 00 00 00 00 00 00 00 00 00 00 00   P.Åï............	
    00 00 00 00 00 00 00 00 00 00 00 00 00 00 00 00   ................	
    00 00 00 00 66                                    ....f           	
[20/02/2026 16:04:07] Read data (COM4)	
    50 00 81 95 00 0b 04 00 00 00 09 00 00 00 00 09   P.Åï............	
    00 00 00 00 09 00 00 00 04 9a 02 97 02 9a 02 98   .........ö.ó.ö.ò	
    02 98 02 98 31                                    .ò.ò1           	
[20/02/2026 16:04:07] Written data (COM4)	
    50 00 81 44 00 00 00 00 00 00 00 00 00 00 00 00   P.ÅD............	
    00 00 00 00 00 00 00 00 00 00 00 00 00 00 00 00   ................	
    00 00 00 00 15                                    .....           	
[20/02/2026 16:04:07] Read data (COM4)	
    50 00 81 44 08 00 00 00 01 14 1a 02 14 0f 39 32   P.ÅD..........92	
    c5 94 98 00 00 00 00 00 00 00 00 00 00 00 00 00   ≈îò.............	
    00 00 00 00 cd                                    ....Õ           	
[20/02/2026 16:04:07] Written data (COM4)	
    50 00 81 64 00 00 00 00 00 00 00 00 00 00 00 00   P.Åd............	
    00 00 00 00 00 00 00 00 00 00 00 00 00 00 00 00   ................	
    00 00 00 00 35                                    ....5           	
[20/02/2026 16:04:07] Read data (COM4)	
    50 00 81 64 00 00 80 00 00 00 00 00 00 00 00 00   P.Åd..Ä.........	
    00 00 00 00 00 00 00 00 00 00 00 00 00 00 00 00   ................	
    00 00 00 00 b5                                    ....µ           	
[20/02/2026 16:04:08] Written data (COM4)	
    50 00 81 84 00 00 00 00 00 00 00 00 00 00 00 00   P.ÅÑ............	
    00 00 00 00 00 00 00 00 00 00 00 00 00 00 00 00   ................	
    00 00 00 00 55                                    ....U           	
[20/02/2026 16:04:08] Read data (COM4)	
    50 00 81 84 00 00 00 00 00 00 00 00 00 00 00 00   P.ÅÑ............	
    00 00 00 00 00 00 0b 04 00 00 00 09 00 00 00 00   ................	
    09 00 00 00 76                                    ....v           	
[20/02/2026 16:04:08] Written data (COM4)	
    50 00 81 95 00 00 00 00 00 00 00 00 00 00 00 00   P.Åï............	
    00 00 00 00 00 00 00 00 00 00 00 00 00 00 00 00   ................	
    00 00 00 00 66                                    ....f           	
[20/02/2026 16:04:08] Read data (COM4)	
    50 00 81 95 00 0b 04 00 00 00 09 00 00 00 00 09   P.Åï............	
    00 00 00 00 09 00 00 00 04 9a 02 97 02 9a 02 98   .........ö.ó.ö.ò	
    02 98 02 98 31                                    .ò.ò1           	
[20/02/2026 16:04:08] Written data (COM4)	
    50 00 81 44 00 00 00 00 00 00 00 00 00 00 00 00   P.ÅD............	
    00 00 00 00 00 00 00 00 00 00 00 00 00 00 00 00   ................	
    00 00 00 00 15                                    .....           	
[20/02/2026 16:04:08] Read data (COM4)	
    50 00 81 44 08 00 00 00 01 14 1a 02 14 0f 39 33   P.ÅD..........93	
    c4 94 98 00 00 00 00 00 00 00 00 00 00 00 00 00   ƒîò.............	
    00 00 00 00 cd                                    ....Õ           	
[20/02/2026 16:04:08] Written data (COM4)	
    50 00 81 64 00 00 00 00 00 00 00 00 00 00 00 00   P.Åd............	
    00 00 00 00 00 00 00 00 00 00 00 00 00 00 00 00   ................	
    00 00 00 00 35                                    ....5           	
[20/02/2026 16:04:08] Read data (COM4)	
    50 00 81 64 00 00 80 00 00 00 00 00 00 00 00 00   P.Åd..Ä.........	
    00 00 00 00 00 00 00 00 00 00 00 00 00 00 00 00   ................	
    00 00 00 00 b5                                    ....µ           	
[20/02/2026 16:04:08] Written data (COM4)	
    50 00 81 84 00 00 00 00 00 00 00 00 00 00 00 00   P.ÅÑ............	
    00 00 00 00 00 00 00 00 00 00 00 00 00 00 00 00   ................	
    00 00 00 00 55                                    ....U           	
[20/02/2026 16:04:08] Read data (COM4)	
    50 00 81 84 00 00 00 00 00 00 00 00 00 00 00 00   P.ÅÑ............	
    00 00 00 00 00 00 0b 04 00 00 00 09 00 00 00 00   ................	
    09 00 00 00 76                                    ....v           	
[20/02/2026 16:04:09] Written data (COM4)	
    50 00 81 95 00 00 00 00 00 00 00 00 00 00 00 00   P.Åï............	
    00 00 00 00 00 00 00 00 00 00 00 00 00 00 00 00   ................	
    00 00 00 00 66                                    ....f           	
[20/02/2026 16:04:09] Read data (COM4)	
    50 00 81 95 00 0b 04 00 00 00 09 00 00 00 00 09   P.Åï............	
    00 00 00 00 09 00 00 00 04 9a 02 97 02 9a 02 98   .........ö.ó.ö.ò	
    02 98 02 98 31                                    .ò.ò1           	
[20/02/2026 16:04:09] Written data (COM4)	
    50 00 81 44 00 00 00 00 00 00 00 00 00 00 00 00   P.ÅD............	
    00 00 00 00 00 00 00 00 00 00 00 00 00 00 00 00   ................	
    00 00 00 00 15                                    .....           	
[20/02/2026 16:04:09] Read data (COM4)	
    50 00 81 44 08 00 00 00 01 14 1a 02 14 0f 39 34   P.ÅD..........94	
    c5 94 98 00 00 00 00 00 00 00 00 00 00 00 00 00   ≈îò.............	
    00 00 00 00 cf                                    ....œ           	
[20/02/2026 16:04:09] Written data (COM4)	
    50 00 81 64 00 00 00 00 00 00 00 00 00 00 00 00   P.Åd............	
    00 00 00 00 00 00 00 00 00 00 00 00 00 00 00 00   ................	
    00 00 00 00 35                                    ....5           	
[20/02/2026 16:04:09] Read data (COM4)	
    50 00 81 64 00 00 80 00 00 00 00 00 00 00 00 00   P.Åd..Ä.........	
    00 00 00 00 00 00 00 00 00 00 00 00 00 00 00 00   ................	
    00 00 00 00 b5                                    ....µ           	
[20/02/2026 16:04:09] Written data (COM4)	
    50 00 81 84 00 00 00 00 00 00 00 00 00 00 00 00   P.ÅÑ............	
    00 00 00 00 00 00 00 00 00 00 00 00 00 00 00 00   ................	
    00 00 00 00 55                                    ....U           	
[20/02/2026 16:04:09] Read data (COM4)	
    50 00 81 84 00 00 00 00 00 00 00 00 00 00 00 00   P.ÅÑ............	
    00 00 00 00 00 00 0b 04 00 00 00 09 00 00 00 00   ................	
    09 00 00 00 76                                    ....v           	
[20/02/2026 16:04:09] Written data (COM4)	
    50 00 81 95 00 00 00 00 00 00 00 00 00 00 00 00   P.Åï............	
    00 00 00 00 00 00 00 00 00 00 00 00 00 00 00 00   ................	
    00 00 00 00 66                                    ....f           	
[20/02/2026 16:04:09] Read data (COM4)	
    50 00 81 95 00 0b 04 00 00 00 09 00 00 00 00 09   P.Åï............	
    00 00 00 00 09 00 00 00 04 9a 02 97 02 9a 02 98   .........ö.ó.ö.ò	
    02 98 02 98 31                                    .ò.ò1           	
[20/02/2026 16:04:10] Written data (COM4)	
    50 00 81 44 00 00 00 00 00 00 00 00 00 00 00 00   P.ÅD............	
    00 00 00 00 00 00 00 00 00 00 00 00 00 00 00 00   ................	
    00 00 00 00 15                                    .....           	
[20/02/2026 16:04:10] Read data (COM4)	
    50 00 81 44 08 00 00 00 01 14 1a 02 14 0f 39 35   P.ÅD..........95	
    c5 94 97 00 00 00 00 00 00 00 00 00 00 00 00 00   ≈îó.............	
    00 00 00 00 cf                                    ....œ           	
[20/02/2026 16:04:10] Written data (COM4)	
    50 00 81 64 00 00 00 00 00 00 00 00 00 00 00 00   P.Åd............	
    00 00 00 00 00 00 00 00 00 00 00 00 00 00 00 00   ................	
    00 00 00 00 35                                    ....5           	
[20/02/2026 16:04:10] Read data (COM4)	
    50 00 81 64 00 00 80 00 00 00 00 00 00 00 00 00   P.Åd..Ä.........	
    00 00 00 00 00 00 00 00 00 00 00 00 00 00 00 00   ................	
    00 00 00 00 b5                                    ....µ           	
[20/02/2026 16:04:10] Written data (COM4)	
    50 00 81 84 00 00 00 00 00 00 00 00 00 00 00 00   P.ÅÑ............	
    00 00 00 00 00 00 00 00 00 00 00 00 00 00 00 00   ................	
    00 00 00 00 55                                    ....U           	
[20/02/2026 16:04:10] Read data (COM4)	
    50 00 81 84 00 00 00 00 00 00 00 00 00 00 00 00   P.ÅÑ............	
    00 00 00 00 00 00 0b 04 00 00 00 09 00 00 00 00   ................	
    09 00 00 00 76                                    ....v           	
[20/02/2026 16:04:10] Written data (COM4)	
    50 00 81 95 00 00 00 00 00 00 00 00 00 00 00 00   P.Åï............	
    00 00 00 00 00 00 00 00 00 00 00 00 00 00 00 00   ................	
    00 00 00 00 66                                    ....f           	
[20/02/2026 16:04:10] Read data (COM4)	
    50 00 81 95 00 0b 04 00 00 00 09 00 00 00 00 09   P.Åï............	
    00 00 00 00 09 00 00 00 04 9a 02 97 02 9a 02 98   .........ö.ó.ö.ò	
    02 98 02 98 31                                    .ò.ò1           	
[20/02/2026 16:04:10] Written data (COM4)	
    50 00 81 44 00 00 00 00 00 00 00 00 00 00 00 00   P.ÅD............	
    00 00 00 00 00 00 00 00 00 00 00 00 00 00 00 00   ................	
    00 00 00 00 15                                    .....           	
[20/02/2026 16:04:10] Read data (COM4)	
    50 00 81 44 08 00 00 00 01 14 1a 02 14 0f 39 35   P.ÅD..........95	
    c5 94 98 00 00 00 00 00 00 00 00 00 00 00 00 00   ≈îò.............	
    00 00 00 00 d0                                    ....–           	
[20/02/2026 16:04:11] Written data (COM4)	
    50 00 81 64 00 00 00 00 00 00 00 00 00 00 00 00   P.Åd............	
    00 00 00 00 00 00 00 00 00 00 00 00 00 00 00 00   ................	
    00 00 00 00 35                                    ....5           	
[20/02/2026 16:04:11] Read data (COM4)	
    50 00 81 64 00 00 80 00 00 00 00 00 00 00 00 00   P.Åd..Ä.........	
    00 00 00 00 00 00 00 00 00 00 00 00 00 00 00 00   ................	
    00 00 00 00 b5                                    ....µ           	
[20/02/2026 16:04:11] Written data (COM4)	
    50 00 81 84 00 00 00 00 00 00 00 00 00 00 00 00   P.ÅÑ............	
    00 00 00 00 00 00 00 00 00 00 00 00 00 00 00 00   ................	
    00 00 00 00 55                                    ....U           	
[20/02/2026 16:04:11] Read data (COM4)	
    50 00 81 84 00 00 00 00 00 00 00 00 00 00 00 00   P.ÅÑ............	
    00 00 00 00 00 00 0b 04 00 00 00 09 00 00 00 00   ................	
    09 00 00 00 76                                    ....v           	
[20/02/2026 16:04:11] Written data (COM4)	
    50 00 81 95 00 00 00 00 00 00 00 00 00 00 00 00   P.Åï............	
    00 00 00 00 00 00 00 00 00 00 00 00 00 00 00 00   ................	
    00 00 00 00 66                                    ....f           	
[20/02/2026 16:04:11] Read data (COM4)	
    50 00 81 95 00 0b 04 00 00 00 09 00 00 00 00 09   P.Åï............	
    00 00 00 00 09 00 00 00 04 9a 02 97 02 9a 02 98   .........ö.ó.ö.ò	
    02 98 02 98 31                                    .ò.ò1           	
[20/02/2026 16:04:11] Written data (COM4)	
    50 00 81 44 00 00 00 00 00 00 00 00 00 00 00 00   P.ÅD............	
    00 00 00 00 00 00 00 00 00 00 00 00 00 00 00 00   ................	
    00 00 00 00 15                                    .....           	
[20/02/2026 16:04:11] Read data (COM4)	
    50 00 81 44 08 00 00 00 01 14 1a 02 14 0f 39 36   P.ÅD..........96	
    c5 94 98 00 00 00 00 00 00 00 00 00 00 00 00 00   ≈îò.............	
    00 00 00 00 d1                                    ....—           	
[20/02/2026 16:04:11] Written data (COM4)	
    50 00 81 64 00 00 00 00 00 00 00 00 00 00 00 00   P.Åd............	
    00 00 00 00 00 00 00 00 00 00 00 00 00 00 00 00   ................	
    00 00 00 00 35                                    ....5           	
[20/02/2026 16:04:11] Read data (COM4)	
    50 00 81 64 00 00 80 00 00 00 00 00 00 00 00 00   P.Åd..Ä.........	
    00 00 00 00 00 00 00 00 00 00 00 00 00 00 00 00   ................	
    00 00 00 00 b5                                    ....µ           	
[20/02/2026 16:04:12] Written data (COM4)	
    50 00 81 84 00 00 00 00 00 00 00 00 00 00 00 00   P.ÅÑ............	
    00 00 00 00 00 00 00 00 00 00 00 00 00 00 00 00   ................	
    00 00 00 00 55                                    ....U           	
[20/02/2026 16:04:12] Read data (COM4)	
    50 00 81 84 00 00 00 00 00 00 00 00 00 00 00 00   P.ÅÑ............	
    00 00 00 00 00 00 0b 04 00 00 00 09 00 00 00 00   ................	
    09 00 00 00 76                                    ....v           	
[20/02/2026 16:04:12] Written data (COM4)	
    50 00 81 95 00 00 00 00 00 00 00 00 00 00 00 00   P.Åï............	
    00 00 00 00 00 00 00 00 00 00 00 00 00 00 00 00   ................	
    00 00 00 00 66                                    ....f           	
[20/02/2026 16:04:12] Read data (COM4)	
    50 00 81 95 00 0b 04 00 00 00 09 00 00 00 00 09   P.Åï............	
    00 00 00 00 09 00 00 00 04 9a 02 97 02 9a 02 98   .........ö.ó.ö.ò	
    02 98 02 98 31                                    .ò.ò1           	
[20/02/2026 16:04:12] Written data (COM4)	
    50 00 81 44 00 00 00 00 00 00 00 00 00 00 00 00   P.ÅD............	
    00 00 00 00 00 00 00 00 00 00 00 00 00 00 00 00   ................	
    00 00 00 00 15                                    .....           	
[20/02/2026 16:04:12] Read data (COM4)	
    50 00 81 44 08 00 00 00 01 14 1a 02 14 0f 39 37   P.ÅD..........97	
    c5 94 98 00 00 00 00 00 00 00 00 00 00 00 00 00   ≈îò.............	
    00 00 00 00 d2                                    ....“           	
[20/02/2026 16:04:12] Written data (COM4)	
    50 00 81 64 00 00 00 00 00 00 00 00 00 00 00 00   P.Åd............	
    00 00 00 00 00 00 00 00 00 00 00 00 00 00 00 00   ................	
    00 00 00 00 35                                    ....5           	
[20/02/2026 16:04:12] Read data (COM4)	
    50 00 81 64 00 00 80 00 00 00 00 00 00 00 00 00   P.Åd..Ä.........	
    00 00 00 00 00 00 00 00 00 00 00 00 00 00 00 00   ................	
    00 00 00 00 b5                                    ....µ           	
[20/02/2026 16:04:12] Written data (COM4)	
    50 00 81 84 00 00 00 00 00 00 00 00 00 00 00 00   P.ÅÑ............	
    00 00 00 00 00 00 00 00 00 00 00 00 00 00 00 00   ................	
    00 00 00 00 55                                    ....U           	
[20/02/2026 16:04:12] Read data (COM4)	
    50 00 81 84 00 00 00 00 00 00 00 00 00 00 00 00   P.ÅÑ............	
    00 00 00 00 00 00 0b 04 00 00 00 09 00 00 00 00   ................	
    09 00 00 00 76                                    ....v           	
[20/02/2026 16:04:13] Written data (COM4)	
    50 00 81 95 00 00 00 00 00 00 00 00 00 00 00 00   P.Åï............	
    00 00 00 00 00 00 00 00 00 00 00 00 00 00 00 00   ................	
    00 00 00 00 66                                    ....f           	
[20/02/2026 16:04:13] Read data (COM4)	
    50 00 81 95 00 0b 04 00 00 00 09 00 00 00 00 09   P.Åï............	
    00 00 00 00 09 00 00 00 04 9a 02 97 02 9a 02 98   .........ö.ó.ö.ò	
    02 98 02 98 31                                    .ò.ò1           	
[20/02/2026 16:04:13] Written data (COM4)	
    50 00 81 44 00 00 00 00 00 00 00 00 00 00 00 00   P.ÅD............	
    00 00 00 00 00 00 00 00 00 00 00 00 00 00 00 00   ................	
    00 00 00 00 15                                    .....           	
[20/02/2026 16:04:13] Read data (COM4)	
    50 00 81 44 08 00 00 00 01 14 1a 02 14 0f 39 38   P.ÅD..........98	
    c5 94 98 00 00 00 00 00 00 00 00 00 00 00 00 00   ≈îò.............	
    00 00 00 00 d3                                    ....”           	
[20/02/2026 16:04:13] Written data (COM4)	
    50 00 81 64 00 00 00 00 00 00 00 00 00 00 00 00   P.Åd............	
    00 00 00 00 00 00 00 00 00 00 00 00 00 00 00 00   ................	
    00 00 00 00 35                                    ....5           	
[20/02/2026 16:04:13] Read data (COM4)	
    50 00 81 64 00 00 80 00 00 00 00 00 00 00 00 00   P.Åd..Ä.........	
    00 00 00 00 00 00 00 00 00 00 00 00 00 00 00 00   ................	
    00 00 00 00 b5                                    ....µ           	
[20/02/2026 16:04:13] Written data (COM4)	
    50 00 81 84 00 00 00 00 00 00 00 00 00 00 00 00   P.ÅÑ............	
    00 00 00 00 00 00 00 00 00 00 00 00 00 00 00 00   ................	
    00 00 00 00 55                                    ....U           	
[20/02/2026 16:04:13] Read data (COM4)	
    50 00 81 84 00 00 00 00 00 00 00 00 00 00 00 00   P.ÅÑ............	
    00 00 00 00 00 00 0b 04 00 00 00 09 00 00 00 00   ................	
    09 00 00 00 76                                    ....v           	
[20/02/2026 16:04:13] Written data (COM4)	
    50 00 81 95 00 00 00 00 00 00 00 00 00 00 00 00   P.Åï............	
    00 00 00 00 00 00 00 00 00 00 00 00 00 00 00 00   ................	
    00 00 00 00 66                                    ....f           	
[20/02/2026 16:04:13] Read data (COM4)	
    50 00 81 95 00 0b 04 00 00 00 09 00 00 00 00 09   P.Åï............	
    00 00 00 00 09 00 00 00 04 9a 02 97 02 9a 02 98   .........ö.ó.ö.ò	
    02 98 02 98 31                                    .ò.ò1           	
[20/02/2026 16:04:14] Written data (COM4)	
    50 00 81 44 00 00 00 00 00 00 00 00 00 00 00 00   P.ÅD............	
    00 00 00 00 00 00 00 00 00 00 00 00 00 00 00 00   ................	
    00 00 00 00 15                                    .....           	
[20/02/2026 16:04:14] Read data (COM4)	
    50 00 81 44 08 00 00 00 01 14 1a 02 14 0f 39 39   P.ÅD..........99	
    c5 94 97 00 00 00 00 00 00 00 00 00 00 00 00 00   ≈îó.............	
    00 00 00 00 d3                                    ....”           	
[20/02/2026 16:04:14] Written data (COM4)	
    50 00 81 64 00 00 00 00 00 00 00 00 00 00 00 00   P.Åd............	
    00 00 00 00 00 00 00 00 00 00 00 00 00 00 00 00   ................	
    00 00 00 00 35                                    ....5           	
[20/02/2026 16:04:14] Read data (COM4)	
    50 00 81 64 00 00 80 00 00 00 00 00 00 00 00 00   P.Åd..Ä.........	
    00 00 00 00 00 00 00 00 00 00 00 00 00 00 00 00   ................	
    00 00 00 00 b5                                    ....µ           	
[20/02/2026 16:04:14] Written data (COM4)	
    50 00 81 84 00 00 00 00 00 00 00 00 00 00 00 00   P.ÅÑ............	
    00 00 00 00 00 00 00 00 00 00 00 00 00 00 00 00   ................	
    00 00 00 00 55                                    ....U           	
[20/02/2026 16:04:14] Read data (COM4)	
    50 00 81 84 00 00 00 00 00 00 00 00 00 00 00 00   P.ÅÑ............	
    00 00 00 00 00 00 0b 04 00 00 00 09 00 00 00 00   ................	
    09 00 00 00 76                                    ....v           	
[20/02/2026 16:04:14] Written data (COM4)	
    50 00 81 95 00 00 00 00 00 00 00 00 00 00 00 00   P.Åï............	
    00 00 00 00 00 00 00 00 00 00 00 00 00 00 00 00   ................	
    00 00 00 00 66                                    ....f           	
[20/02/2026 16:04:14] Read data (COM4)	
    50 00 81 95 00 0b 04 00 00 00 09 00 00 00 00 09   P.Åï............	
    00 00 00 00 09 00 00 00 04 9a 02 97 02 9a 02 98   .........ö.ó.ö.ò	
    02 98 02 98 31                                    .ò.ò1           	
[20/02/2026 16:04:15] Written data (COM4)	
    50 00 81 44 00 00 00 00 00 00 00 00 00 00 00 00   P.ÅD............	
    00 00 00 00 00 00 00 00 00 00 00 00 00 00 00 00   ................	
    00 00 00 00 15                                    .....           	
[20/02/2026 16:04:15] Read data (COM4)	
    50 00 81 44 08 00 00 00 01 14 1a 02 14 0f 39 39   P.ÅD..........99	
    c5 94 98 00 00 00 00 00 00 00 00 00 00 00 00 00   ≈îò.............	
    00 00 00 00 d4                                    ....‘           	
[20/02/2026 16:04:15] Written data (COM4)	
    50 00 81 64 00 00 00 00 00 00 00 00 00 00 00 00   P.Åd............	
    00 00 00 00 00 00 00 00 00 00 00 00 00 00 00 00   ................	
    00 00 00 00 35                                    ....5           	
[20/02/2026 16:04:15] Read data (COM4)	
    50 00 81 64 00 00 80 00 00 00 00 00 00 00 00 00   P.Åd..Ä.........	
    00 00 00 00 00 00 00 00 00 00 00 00 00 00 00 00   ................	
    00 00 00 00 b5                                    ....µ           	
[20/02/2026 16:04:15] Written data (COM4)	
    50 00 81 84 00 00 00 00 00 00 00 00 00 00 00 00   P.ÅÑ............	
    00 00 00 00 00 00 00 00 00 00 00 00 00 00 00 00   ................	
    00 00 00 00 55                                    ....U           	
[20/02/2026 16:04:15] Read data (COM4)	
    50 00 81 84 00 00 00 00 00 00 00 00 00 00 00 00   P.ÅÑ............	
    00 00 00 00 00 00 0b 04 00 00 00 09 00 00 00 00   ................	
    09 00 00 00 76                                    ....v           	
[20/02/2026 16:04:15] Written data (COM4)	
    50 00 81 95 00 00 00 00 00 00 00 00 00 00 00 00   P.Åï............	
    00 00 00 00 00 00 00 00 00 00 00 00 00 00 00 00   ................	
    00 00 00 00 66                                    ....f           	
[20/02/2026 16:04:15] Read data (COM4)	
    50 00 81 95 00 0b 04 00 00 00 09 00 00 00 00 09   P.Åï............	
    00 00 00 00 09 00 00 00 04 9a 02 97 02 9a 02 98   .........ö.ó.ö.ò	
    02 98 02 98 31                                    .ò.ò1           	
[20/02/2026 16:04:15] Written data (COM4)	
    50 00 81 44 00 00 00 00 00 00 00 00 00 00 00 00   P.ÅD............	
    00 00 00 00 00 00 00 00 00 00 00 00 00 00 00 00   ................	
    00 00 00 00 15                                    .....           	
[20/02/2026 16:04:15] Read data (COM4)	
    50 00 81 44 08 00 00 00 01 14 1a 02 14 0f 39 3a   P.ÅD..........9:	
    c5 94 98 00 00 00 00 00 00 00 00 00 00 00 00 00   ≈îò.............	
    00 00 00 00 d5                                    ....’           	
[20/02/2026 16:04:16] Written data (COM4)	
    50 00 81 64 00 00 00 00 00 00 00 00 00 00 00 00   P.Åd............	
    00 00 00 00 00 00 00 00 00 00 00 00 00 00 00 00   ................	
    00 00 00 00 35                                    ....5           	
[20/02/2026 16:04:16] Read data (COM4)	
    50 00 81 64 00 00 80 00 00 00 00 00 00 00 00 00   P.Åd..Ä.........	
    00 00 00 00 00 00 00 00 00 00 00 00 00 00 00 00   ................	
    00 00 00 00 b5                                    ....µ           	
[20/02/2026 16:04:16] Written data (COM4)	
    50 00 81 84 00 00 00 00 00 00 00 00 00 00 00 00   P.ÅÑ............	
    00 00 00 00 00 00 00 00 00 00 00 00 00 00 00 00   ................	
    00 00 00 00 55                                    ....U           	
[20/02/2026 16:04:16] Read data (COM4)	
    50 00 81 84 00 00 00 00 00 00 00 00 00 00 00 00   P.ÅÑ............	
    00 00 00 00 00 00 0b 04 00 00 00 09 00 00 00 00   ................	
    09 00 00 00 76                                    ....v           	
[20/02/2026 16:04:16] Written data (COM4)	
    50 00 81 95 00 00 00 00 00 00 00 00 00 00 00 00   P.Åï............	
    00 00 00 00 00 00 00 00 00 00 00 00 00 00 00 00   ................	
    00 00 00 00 66                                    ....f           	
[20/02/2026 16:04:16] Read data (COM4)	
    50 00 81 95 00 0b 04 00 00 00 09 00 00 00 00 09   P.Åï............	
    00 00 00 00 09 00 00 00 04 9a 02 97 02 9a 02 98   .........ö.ó.ö.ò	
    02 98 02 98 31                                    .ò.ò1           	
[20/02/2026 16:04:16] Written data (COM4)	
    50 00 81 44 00 00 00 00 00 00 00 00 00 00 00 00   P.ÅD............	
    00 00 00 00 00 00 00 00 00 00 00 00 00 00 00 00   ................	
    00 00 00 00 15                                    .....           	
[20/02/2026 16:04:16] Read data (COM4)	
    50 00 81 44 08 00 00 00 01 14 1a 02 14 0f 39 3b   P.ÅD..........9;	
    c5 94 99 00 00 00 00 00 00 00 00 00 00 00 00 00   ≈îô.............	
    00 00 00 00 d7                                    ....◊           	
[20/02/2026 16:04:16] Written data (COM4)	
    50 00 81 64 00 00 00 00 00 00 00 00 00 00 00 00   P.Åd............	
    00 00 00 00 00 00 00 00 00 00 00 00 00 00 00 00   ................	
    00 00 00 00 35                                    ....5           	
[20/02/2026 16:04:16] Read data (COM4)	
    50 00 81 64 00 00 80 00 00 00 00 00 00 00 00 00   P.Åd..Ä.........	
    00 00 00 00 00 00 00 00 00 00 00 00 00 00 00 00   ................	
    00 00 00 00 b5                                    ....µ           	
[20/02/2026 16:04:17] Written data (COM4)	
    50 00 81 84 00 00 00 00 00 00 00 00 00 00 00 00   P.ÅÑ............	
    00 00 00 00 00 00 00 00 00 00 00 00 00 00 00 00   ................	
    00 00 00 00 55                                    ....U           	
[20/02/2026 16:04:17] Read data (COM4)	
    50 00 81 84 00 00 00 00 00 00 00 00 00 00 00 00   P.ÅÑ............	
    00 00 00 00 00 00 0b 04 00 00 00 09 00 00 00 00   ................	
    09 00 00 00 76                                    ....v           	
[20/02/2026 16:04:17] Written data (COM4)	
    50 00 81 95 00 00 00 00 00 00 00 00 00 00 00 00   P.Åï............	
    00 00 00 00 00 00 00 00 00 00 00 00 00 00 00 00   ................	
    00 00 00 00 66                                    ....f           	
[20/02/2026 16:04:17] Read data (COM4)	
    50 00 81 95 00 0b 04 00 00 00 09 00 00 00 00 09   P.Åï............	
    00 00 00 00 09 00 00 00 04 9a 02 97 02 9a 02 98   .........ö.ó.ö.ò	
    02 98 02 98 31                                    .ò.ò1           	
[20/02/2026 16:04:17] Written data (COM4)	
    50 00 81 44 00 00 00 00 00 00 00 00 00 00 00 00   P.ÅD............	
    00 00 00 00 00 00 00 00 00 00 00 00 00 00 00 00   ................	
    00 00 00 00 15                                    .....           	
[20/02/2026 16:04:17] Read data (COM4)	
    50 00 81 44 08 00 00 00 01 14 1a 02 14 0f 3a 00   P.ÅD..........:.	
    c5 94 98 00 00 00 00 00 00 00 00 00 00 00 00 00   ≈îò.............	
    00 00 00 00 9c                                    ....ú           	
[20/02/2026 16:04:17] Written data (COM4)	
    50 00 81 64 00 00 00 00 00 00 00 00 00 00 00 00   P.Åd............	
    00 00 00 00 00 00 00 00 00 00 00 00 00 00 00 00   ................	
    00 00 00 00 35                                    ....5           	
[20/02/2026 16:04:17] Read data (COM4)	
    50 00 81 64 00 00 80 00 00 00 00 00 00 00 00 00   P.Åd..Ä.........	
    00 00 00 00 00 00 00 00 00 00 00 00 00 00 00 00   ................	
    00 00 00 00 b5                                    ....µ           	
[20/02/2026 16:04:17] Written data (COM4)	
    50 00 81 84 00 00 00 00 00 00 00 00 00 00 00 00   P.ÅÑ............	
    00 00 00 00 00 00 00 00 00 00 00 00 00 00 00 00   ................	
    00 00 00 00 55                                    ....U           	
[20/02/2026 16:04:17] Read data (COM4)	
    50 00 81 84 00 00 00 00 00 00 00 00 00 00 00 00   P.ÅÑ............	
    00 00 00 00 00 00 0b 04 00 00 00 09 00 00 00 00   ................	
    09 00 00 00 76                                    ....v           	
[20/02/2026 16:04:18] Written data (COM4)	
    50 00 81 95 00 00 00 00 00 00 00 00 00 00 00 00   P.Åï............	
    00 00 00 00 00 00 00 00 00 00 00 00 00 00 00 00   ................	
    00 00 00 00 66                                    ....f           	
[20/02/2026 16:04:18] Read data (COM4)	
    50 00 81 95 00 0b 04 00 00 00 09 00 00 00 00 09   P.Åï............	
    00 00 00 00 09 00 00 00 04 9a 02 97 02 9a 02 98   .........ö.ó.ö.ò	
    02 98 02 98 31                                    .ò.ò1           	
[20/02/2026 16:04:18] Written data (COM4)	
    50 00 81 44 00 00 00 00 00 00 00 00 00 00 00 00   P.ÅD............	
    00 00 00 00 00 00 00 00 00 00 00 00 00 00 00 00   ................	
    00 00 00 00 15                                    .....           	
[20/02/2026 16:04:18] Read data (COM4)	
    50 00 81 44 08 00 00 00 01 14 1a 02 14 0f 3a 01   P.ÅD..........:.	
    c5 94 98 00 00 00 00 00 00 00 00 00 00 00 00 00   ≈îò.............	
    00 00 00 00 9d                                    ....ù           	
[20/02/2026 16:04:18] Written data (COM4)	
    50 00 81 64 00 00 00 00 00 00 00 00 00 00 00 00   P.Åd............	
    00 00 00 00 00 00 00 00 00 00 00 00 00 00 00 00   ................	
    00 00 00 00 35                                    ....5           	
[20/02/2026 16:04:18] Read data (COM4)	
    50 00 81 64 00 00 80 00 00 00 00 00 00 00 00 00   P.Åd..Ä.........	
    00 00 00 00 00 00 00 00 00 00 00 00 00 00 00 00   ................	
    00 00 00 00 b5                                    ....µ           	
[20/02/2026 16:04:18] Written data (COM4)	
    50 00 81 84 00 00 00 00 00 00 00 00 00 00 00 00   P.ÅÑ............	
    00 00 00 00 00 00 00 00 00 00 00 00 00 00 00 00   ................	
    00 00 00 00 55                                    ....U           	
[20/02/2026 16:04:18] Read data (COM4)	
    50 00 81 84 00 00 00 00 00 00 00 00 00 00 00 00   P.ÅÑ............	
    00 00 00 00 00 00 0b 04 00 00 00 09 00 00 00 00   ................	
    09 00 00 00 76                                    ....v           	
[20/02/2026 16:04:18] Written data (COM4)	
    50 00 81 95 00 00 00 00 00 00 00 00 00 00 00 00   P.Åï............	
    00 00 00 00 00 00 00 00 00 00 00 00 00 00 00 00   ................	
    00 00 00 00 66                                    ....f           	
[20/02/2026 16:04:18] Read data (COM4)	
    50 00 81 95 00 0b 04 00 00 00 09 00 00 00 00 09   P.Åï............	
    00 00 00 00 09 00 00 00 04 9a 02 97 02 9a 02 98   .........ö.ó.ö.ò	
    02 98 02 98 31                                    .ò.ò1           	
[20/02/2026 16:04:19] Written data (COM4)	
    40 00 60 00 00 00 00 00 00 00 00 00 00 00 00 00   @.`.............	
    00 00 00 00 00 00 00 00 00 00 00 00 00 00 00 00   ................	
    00 00 00 00 a0                                    ....†           	
[20/02/2026 16:04:19] Read data (COM4)	
    40 00 60 00 00 00 00 00 00 00 00 00 00 00 00 00   @.`.............	
    00 00 00 00 00 00 00 00 00 00 00 00 00 00 00 00   ................	
    00 00 00 00 a0                                    ....†           	
[20/02/2026 16:04:19] Written data (COM4)	
    50 00 81 44 00 00 00 00 00 00 00 00 00 00 00 00   P.ÅD............	
    00 00 00 00 00 00 00 00 00 00 00 00 00 00 00 00   ................	
    00 00 00 00 15                                    .....           	
[20/02/2026 16:04:19] Read data (COM4)	
    50 00 81 44 08 00 00 00 01 14 1a 02 14 0f 3a 02   P.ÅD..........:.	
    c4 94 98 00 00 00 00 00 00 00 00 00 00 00 00 00   ƒîò.............	
    00 00 00 00 9d                                    ....ù           	
[20/02/2026 16:04:19] Written data (COM4)	
    50 00 81 64 00 00 00 00 00 00 00 00 00 00 00 00   P.Åd............	
    00 00 00 00 00 00 00 00 00 00 00 00 00 00 00 00   ................	
    00 00 00 00 35                                    ....5           	
[20/02/2026 16:04:19] Read data (COM4)	
    50 00 81 64 00 00 80 00 00 00 00 00 00 00 00 00   P.Åd..Ä.........	
    00 00 00 00 00 00 00 00 00 00 00 00 00 00 00 00   ................	
    00 00 00 00 b5                                    ....µ           	
[20/02/2026 16:04:19] Written data (COM4)	
    50 00 81 84 00 00 00 00 00 00 00 00 00 00 00 00   P.ÅÑ............	
    00 00 00 00 00 00 00 00 00 00 00 00 00 00 00 00   ................	
    00 00 00 00 55                                    ....U           	
[20/02/2026 16:04:19] Read data (COM4)	
    50 00 81 84 00 00 00 00 00 00 00 00 00 00 00 00   P.ÅÑ............	
    00 00 00 00 00 00 09 00 00 00 00 09 00 00 00 00   ................	
    09 00 00 00 70                                    ....p           	
[20/02/2026 16:04:19] Written data (COM4)	
    50 00 81 95 00 00 00 00 00 00 00 00 00 00 00 00   P.Åï............	
    00 00 00 00 00 00 00 00 00 00 00 00 00 00 00 00   ................	
    00 00 00 00 66                                    ....f           	
[20/02/2026 16:04:19] Read data (COM4)	
    50 00 81 95 00 09 00 00 00 00 09 00 00 00 00 09   P.Åï............	
    00 00 00 00 09 00 00 00 04 9b 02 97 02 9b 02 98   .........õ.ó.õ.ò	
    02 98 02 98 2d                                    .ò.ò-           	
[20/02/2026 16:04:20] Written data (COM4)	
    50 00 81 44 00 00 00 00 00 00 00 00 00 00 00 00   P.ÅD............	
    00 00 00 00 00 00 00 00 00 00 00 00 00 00 00 00   ................	
    00 00 00 00 15                                    .....           	
[20/02/2026 16:04:20] Read data (COM4)	
    50 00 81 44 08 00 00 00 01 14 1a 02 14 0f 3a 03   P.ÅD..........:.	
    c5 94 98 00 00 00 00 00 00 00 00 00 00 00 00 00   ≈îò.............	
    00 00 00 00 9f                                    ....ü           	
[20/02/2026 16:04:20] Written data (COM4)	
    50 00 81 64 00 00 00 00 00 00 00 00 00 00 00 00   P.Åd............	
    00 00 00 00 00 00 00 00 00 00 00 00 00 00 00 00   ................	
    00 00 00 00 35                                    ....5           	
[20/02/2026 16:04:20] Read data (COM4)	
    50 00 81 64 00 00 80 00 00 00 00 00 00 00 00 00   P.Åd..Ä.........	
    00 00 00 00 00 00 00 00 00 00 00 00 00 00 00 00   ................	
    00 00 00 00 b5                                    ....µ           	
[20/02/2026 16:04:20] Written data (COM4)	
    50 00 81 84 00 00 00 00 00 00 00 00 00 00 00 00   P.ÅÑ............	
    00 00 00 00 00 00 00 00 00 00 00 00 00 00 00 00   ................	
    00 00 00 00 55                                    ....U           	
[20/02/2026 16:04:20] Read data (COM4)	
    50 00 81 84 00 00 00 00 00 00 00 00 00 00 00 00   P.ÅÑ............	
    00 00 00 00 00 00 09 00 00 00 00 09 00 00 00 00   ................	
    09 00 00 00 70                                    ....p           	
[20/02/2026 16:04:20] Written data (COM4)	
    50 00 81 95 00 00 00 00 00 00 00 00 00 00 00 00   P.Åï............	
    00 00 00 00 00 00 00 00 00 00 00 00 00 00 00 00   ................	
    00 00 00 00 66                                    ....f           	
[20/02/2026 16:04:20] Read data (COM4)	
    50 00 81 95 00 09 00 00 00 00 09 00 00 00 00 09   P.Åï............	
    00 00 00 00 09 00 00 00 04 9b 02 97 02 9b 02 98   .........õ.ó.õ.ò	
    02 98 02 98 2d                                    .ò.ò-           	
[20/02/2026 16:04:20] Written data (COM4)	
    50 00 81 44 00 00 00 00 00 00 00 00 00 00 00 00   P.ÅD............	
    00 00 00 00 00 00 00 00 00 00 00 00 00 00 00 00   ................	
    00 00 00 00 15                                    .....           	
[20/02/2026 16:04:20] Read data (COM4)	
    50 00 81 44 08 00 00 00 01 14 1a 02 14 0f 3a 03   P.ÅD..........:.	
    c5 94 98 00 00 00 00 00 00 00 00 00 00 00 00 00   ≈îò.............	
    00 00 00 00 9f                                    ....ü           	
[20/02/2026 16:04:21] Written data (COM4)	
    50 00 81 64 00 00 00 00 00 00 00 00 00 00 00 00   P.Åd............	
    00 00 00 00 00 00 00 00 00 00 00 00 00 00 00 00   ................	
    00 00 00 00 35                                    ....5           	
[20/02/2026 16:04:21] Read data (COM4)	
    50 00 81 64 00 00 80 00 00 00 00 00 00 00 00 00   P.Åd..Ä.........	
    00 00 00 00 00 00 00 00 00 00 00 00 00 00 00 00   ................	
    00 00 00 00 b5                                    ....µ           	
[20/02/2026 16:04:21] Written data (COM4)	
    50 00 81 84 00 00 00 00 00 00 00 00 00 00 00 00   P.ÅÑ............	
    00 00 00 00 00 00 00 00 00 00 00 00 00 00 00 00   ................	
    00 00 00 00 55                                    ....U           	
[20/02/2026 16:04:21] Read data (COM4)	
    50 00 81 84 00 00 00 00 00 00 00 00 00 00 00 00   P.ÅÑ............	
    00 00 00 00 00 00 09 00 00 00 00 09 00 00 00 00   ................	
    09 00 00 00 70                                    ....p           	
[20/02/2026 16:04:21] Written data (COM4)	
    50 00 81 95 00 00 00 00 00 00 00 00 00 00 00 00   P.Åï............	
    00 00 00 00 00 00 00 00 00 00 00 00 00 00 00 00   ................	
    00 00 00 00 66                                    ....f           	
[20/02/2026 16:04:21] Read data (COM4)	
    50 00 81 95 00 09 00 00 00 00 09 00 00 00 00 09   P.Åï............	
    00 00 00 00 09 00 00 00 04 9b 02 97 02 9b 02 98   .........õ.ó.õ.ò	
    02 98 02 98 2d                                    .ò.ò-           	
[20/02/2026 16:04:21] Written data (COM4)	
    50 00 81 44 00 00 00 00 00 00 00 00 00 00 00 00   P.ÅD............	
    00 00 00 00 00 00 00 00 00 00 00 00 00 00 00 00   ................	
    00 00 00 00 15                                    .....           	
[20/02/2026 16:04:21] Read data (COM4)	
    50 00 81 44 08 00 00 00 01 14 1a 02 14 0f 3a 04   P.ÅD..........:.	
    c5 94 98 00 00 00 00 00 00 00 00 00 00 00 00 00   ≈îò.............	
    00 00 00 00 a0                                    ....†           	
[20/02/2026 16:04:21] Written data (COM4)	
    50 00 81 64 00 00 00 00 00 00 00 00 00 00 00 00   P.Åd............	
    00 00 00 00 00 00 00 00 00 00 00 00 00 00 00 00   ................	
    00 00 00 00 35                                    ....5           	
[20/02/2026 16:04:21] Read data (COM4)	
    50 00 81 64 00 00 80 00 00 00 00 00 00 00 00 00   P.Åd..Ä.........	
    00 00 00 00 00 00 00 00 00 00 00 00 00 00 00 00   ................	
    00 00 00 00 b5                                    ....µ           	
[20/02/2026 16:04:22] Written data (COM4)	
    50 00 81 84 00 00 00 00 00 00 00 00 00 00 00 00   P.ÅÑ............	
    00 00 00 00 00 00 00 00 00 00 00 00 00 00 00 00   ................	
    00 00 00 00 55                                    ....U           	
[20/02/2026 16:04:22] Read data (COM4)	
    50 00 81 84 00 00 00 00 00 00 00 00 00 00 00 00   P.ÅÑ............	
    00 00 00 00 00 00 09 00 00 00 00 09 00 00 00 00   ................	
    09 00 00 00 70                                    ....p           	
[20/02/2026 16:04:22] Written data (COM4)	
    50 00 81 95 00 00 00 00 00 00 00 00 00 00 00 00   P.Åï............	
    00 00 00 00 00 00 00 00 00 00 00 00 00 00 00 00   ................	
    00 00 00 00 66                                    ....f           	
[20/02/2026 16:04:22] Read data (COM4)	
    50 00 81 95 00 09 00 00 00 00 09 00 00 00 00 09   P.Åï............	
    00 00 00 00 09 00 00 00 04 9b 02 97 02 9b 02 98   .........õ.ó.õ.ò	
    02 98 02 98 2d                                    .ò.ò-           	
[20/02/2026 16:04:22] Written data (COM4)	
    50 00 81 44 00 00 00 00 00 00 00 00 00 00 00 00   P.ÅD............	
    00 00 00 00 00 00 00 00 00 00 00 00 00 00 00 00   ................	
    00 00 00 00 15                                    .....           	
[20/02/2026 16:04:22] Read data (COM4)	
    50 00 81 44 08 00 00 00 01 14 1a 02 14 0f 3a 05   P.ÅD..........:.	
    c5 94 98 00 00 00 00 00 00 00 00 00 00 00 00 00   ≈îò.............	
    00 00 00 00 a1                                    ....°           	
[20/02/2026 16:04:22] Written data (COM4)	
    50 00 81 64 00 00 00 00 00 00 00 00 00 00 00 00   P.Åd............	
    00 00 00 00 00 00 00 00 00 00 00 00 00 00 00 00   ................	
    00 00 00 00 35                                    ....5           	
[20/02/2026 16:04:22] Read data (COM4)	
    50 00 81 64 00 00 80 00 00 00 00 00 00 00 00 00   P.Åd..Ä.........	
    00 00 00 00 00 00 00 00 00 00 00 00 00 00 00 00   ................	
    00 00 00 00 b5                                    ....µ           	
[20/02/2026 16:04:22] Written data (COM4)	
    50 00 81 84 00 00 00 00 00 00 00 00 00 00 00 00   P.ÅÑ............	
    00 00 00 00 00 00 00 00 00 00 00 00 00 00 00 00   ................	
    00 00 00 00 55                                    ....U           	
[20/02/2026 16:04:22] Read data (COM4)	
    50 00 81 84 00 00 00 00 00 00 00 00 00 00 00 00   P.ÅÑ............	
    00 00 00 00 00 00 09 00 00 00 00 09 00 00 00 00   ................	
    09 00 00 00 70                                    ....p           	
[20/02/2026 16:04:23] Written data (COM4)	
    50 00 81 95 00 00 00 00 00 00 00 00 00 00 00 00   P.Åï............	
    00 00 00 00 00 00 00 00 00 00 00 00 00 00 00 00   ................	
    00 00 00 00 66                                    ....f           	
[20/02/2026 16:04:23] Read data (COM4)	
    50 00 81 95 00 09 00 00 00 00 09 00 00 00 00 09   P.Åï............	
    00 00 00 00 09 00 00 00 04 9b 02 97 02 9b 02 98   .........õ.ó.õ.ò	
    02 98 02 98 2d                                    .ò.ò-           	
[20/02/2026 16:04:23] Written data (COM4)	
    50 00 81 44 00 00 00 00 00 00 00 00 00 00 00 00   P.ÅD............	
    00 00 00 00 00 00 00 00 00 00 00 00 00 00 00 00   ................	
    00 00 00 00 15                                    .....           	
[20/02/2026 16:04:23] Read data (COM4)	
    50 00 81 44 08 00 00 00 01 14 1a 02 14 0f 3a 06   P.ÅD..........:.	
    c5 94 98 00 00 00 00 00 00 00 00 00 00 00 00 00   ≈îò.............	
    00 00 00 00 a2                                    ....¢           	
[20/02/2026 16:04:23] Written data (COM4)	
    50 00 81 64 00 00 00 00 00 00 00 00 00 00 00 00   P.Åd............	
    00 00 00 00 00 00 00 00 00 00 00 00 00 00 00 00   ................	
    00 00 00 00 35                                    ....5           	
[20/02/2026 16:04:23] Read data (COM4)	
    50 00 81 64 00 00 80 00 00 00 00 00 00 00 00 00   P.Åd..Ä.........	
    00 00 00 00 00 00 00 00 00 00 00 00 00 00 00 00   ................	
    00 00 00 00 b5                                    ....µ           	
[20/02/2026 16:04:23] Written data (COM4)	
    50 00 81 84 00 00 00 00 00 00 00 00 00 00 00 00   P.ÅÑ............	
    00 00 00 00 00 00 00 00 00 00 00 00 00 00 00 00   ................	
    00 00 00 00 55                                    ....U           	
[20/02/2026 16:04:23] Read data (COM4)	
    50 00 81 84 00 00 00 00 00 00 00 00 00 00 00 00   P.ÅÑ............	
    00 00 00 00 00 00 09 00 00 00 00 09 00 00 00 00   ................	
    09 00 00 00 70                                    ....p           	
[20/02/2026 16:04:23] Written data (COM4)	
    50 00 81 95 00 00 00 00 00 00 00 00 00 00 00 00   P.Åï............	
    00 00 00 00 00 00 00 00 00 00 00 00 00 00 00 00   ................	
    00 00 00 00 66                                    ....f           	
[20/02/2026 16:04:23] Read data (COM4)	
    50 00 81 95 00 09 00 00 00 00 09 00 00 00 00 09   P.Åï............	
    00 00 00 00 09 00 00 00 04 9b 02 97 02 9b 02 98   .........õ.ó.õ.ò	
    02 98 02 98 2d                                    .ò.ò-           	
[20/02/2026 16:04:24] Written data (COM4)	
    50 00 81 44 00 00 00 00 00 00 00 00 00 00 00 00   P.ÅD............	
    00 00 00 00 00 00 00 00 00 00 00 00 00 00 00 00   ................	
    00 00 00 00 15                                    .....           	
[20/02/2026 16:04:24] Read data (COM4)	
    50 00 81 44 08 00 00 00 01 14 1a 02 14 0f 3a 07   P.ÅD..........:.	
    c4 94 98 00 00 00 00 00 00 00 00 00 00 00 00 00   ƒîò.............	
    00 00 00 00 a2                                    ....¢           	
[20/02/2026 16:04:24] Written data (COM4)	
    50 00 81 64 00 00 00 00 00 00 00 00 00 00 00 00   P.Åd............	
    00 00 00 00 00 00 00 00 00 00 00 00 00 00 00 00   ................	
    00 00 00 00 35                                    ....5           	
[20/02/2026 16:04:24] Read data (COM4)	
    50 00 81 64 00 00 80 00 00 00 00 00 00 00 00 00   P.Åd..Ä.........	
    00 00 00 00 00 00 00 00 00 00 00 00 00 00 00 00   ................	
    00 00 00 00 b5                                    ....µ           	
[20/02/2026 16:04:24] Written data (COM4)	
    50 00 81 84 00 00 00 00 00 00 00 00 00 00 00 00   P.ÅÑ............	
    00 00 00 00 00 00 00 00 00 00 00 00 00 00 00 00   ................	
    00 00 00 00 55                                    ....U           	
[20/02/2026 16:04:24] Read data (COM4)	
    50 00 81 84 00 00 00 00 00 00 00 00 00 00 00 00   P.ÅÑ............	
    00 00 00 00 00 00 09 00 00 00 00 09 00 00 00 00   ................	
    09 00 00 00 70                                    ....p           	
[20/02/2026 16:04:24] Written data (COM4)	
    50 00 81 95 00 00 00 00 00 00 00 00 00 00 00 00   P.Åï............	
    00 00 00 00 00 00 00 00 00 00 00 00 00 00 00 00   ................	
    00 00 00 00 66                                    ....f           	
[20/02/2026 16:04:24] Read data (COM4)	
    50 00 81 95 00 09 00 00 00 00 09 00 00 00 00 09   P.Åï............	
    00 00 00 00 09 00 00 00 04 9b 02 97 02 9b 02 98   .........õ.ó.õ.ò	
    02 98 02 98 2d                                    .ò.ò-           	
[20/02/2026 16:04:24] Written data (COM4)	
    50 00 81 44 00 00 00 00 00 00 00 00 00 00 00 00   P.ÅD............	
    00 00 00 00 00 00 00 00 00 00 00 00 00 00 00 00   ................	
    00 00 00 00 15                                    .....           	
[20/02/2026 16:04:24] Read data (COM4)	
    50 00 81 44 08 00 00 00 01 14 1a 02 14 0f 3a 07   P.ÅD..........:.	
    c4 94 98 00 00 00 00 00 00 00 00 00 00 00 00 00   ƒîò.............	
    00 00 00 00 a2                                    ....¢           	
[20/02/2026 16:04:25] Written data (COM4)	
    50 00 81 64 00 00 00 00 00 00 00 00 00 00 00 00   P.Åd............	
    00 00 00 00 00 00 00 00 00 00 00 00 00 00 00 00   ................	
    00 00 00 00 35                                    ....5           	
[20/02/2026 16:04:25] Read data (COM4)	
    50 00 81 64 00 00 80 00 00 00 00 00 00 00 00 00   P.Åd..Ä.........	
    00 00 00 00 00 00 00 00 00 00 00 00 00 00 00 00   ................	
    00 00 00 00 b5                                    ....µ           	
